scenario,search_horizon,candidate_count,metric,difference,ci_half,n_pairs
community_irrigation,30,6,score,8.977378218882743,6.464597960405012,12
community_irrigation,30,6,entrant_payoff,8.977378218882743,6.464597960405012,12
community_irrigation,30,6,total_welfare,8.925553172236514,6.344128067443472,12
community_irrigation,30,6,unsafe_rate,0.029947916666666675,0.18961463650409374,12
community_irrigation,30,6,patch_health,-0.06333192387115065,0.1861905141023876,12
community_irrigation,30,12,score,24.68335289177223,32.03996869275385,12
community_irrigation,30,12,entrant_payoff,24.68335289177223,32.03996869275385,12
community_irrigation,30,12,total_welfare,22.84203183263648,29.40630643542876,12
community_irrigation,30,12,unsafe_rate,-0.03600260416666667,0.24676559097500636,12
community_irrigation,30,12,patch_health,0.03904346457546115,0.34479743893800996,12
community_irrigation,60,6,score,9.233848304858055,6.533422209557229,12
community_irrigation,60,6,entrant_payoff,9.233848304858055,6.533422209557229,12
community_irrigation,60,6,total_welfare,9.085751493008237,6.299224672992702,12
community_irrigation,60,6,unsafe_rate,0.02688802083333335,0.18968232897059908,12
community_irrigation,60,6,patch_health,-0.04684455937960067,0.18412595365577322,12
community_irrigation,60,12,score,24.665928522280478,32.07109702580463,12
community_irrigation,60,12,entrant_payoff,24.665928522280478,32.07109702580463,12
community_irrigation,60,12,total_welfare,22.743476993125824,29.439484317286485,12
community_irrigation,60,12,unsafe_rate,-0.03593749999999999,0.24702447915361275,12
community_irrigation,60,12,patch_health,0.037737821471131174,0.34548691423517386,12
forest_co_management,30,6,score,-0.3722944107670057,18.120611871676292,12
forest_co_management,30,6,entrant_payoff,0.01833058923299428,16.856377062825494,12
forest_co_management,30,6,total_welfare,0.98868197823379,43.59550034683081,12
forest_co_management,30,6,unsafe_rate,0.005723733522798757,0.025000857282501936,12
forest_co_management,30,6,patch_health,-0.1179910879506989,0.2562541315323723,12
forest_co_management,30,12,score,13.391567939521337,29.698508826702955,12
forest_co_management,30,12,entrant_payoff,12.870734606188003,26.260755272070142,12
forest_co_management,30,12,total_welfare,35.61970828041799,92.28220407024617,12
forest_co_management,30,12,unsafe_rate,0.005406416048014423,0.024803416844626808,12
forest_co_management,30,12,patch_health,-0.012961686082126963,0.23864307257814976,12
forest_co_management,60,6,score,6.910710244136055,13.124427354988413,12
forest_co_management,60,6,entrant_payoff,7.040918577469388,11.854465675505233,12
forest_co_management,60,6,total_welfare,10.8332428235777,37.02908112702702,12
forest_co_management,60,6,unsafe_rate,0.0050947046112401655,0.025045252636131752,12
forest_co_management,60,6,patch_health,-0.0002785178949911149,0.18297974196025063,12
forest_co_management,60,12,score,18.235678107382455,27.136823945346425,12
forest_co_management,60,12,entrant_payoff,17.063803107382455,23.990098503058285,12
forest_co_management,60,12,total_welfare,46.22890025852079,87.4109490211762,12
forest_co_management,60,12,unsafe_rate,0.004889353223212156,0.024844271178834497,12
forest_co_management,60,12,patch_health,0.03510605604707603,0.22692644465863196,12
