scenario,context,candidate_count,search_horizon,score,entrant_payoff,total_welfare,unsafe_rate,patch_health
community_irrigation,0,1,30,232.20379844522444,232.20379844522444,922.3226366475657,0.95390625,9.502385302834053
community_irrigation,0,1,60,232.20379844522444,232.20379844522444,922.3226366475657,0.95390625,9.502385302834053
community_irrigation,0,6,30,251.82697506293545,251.82697506293545,943.6631998971234,0.45859375,10.099807163809505
community_irrigation,0,6,60,251.82697506293545,251.82697506293545,943.6631998971234,0.45859375,10.099807163809505
community_irrigation,0,12,30,251.82697506293545,251.82697506293545,943.6631998971234,0.45859375,10.099807163809505
community_irrigation,0,12,60,251.82697506293545,251.82697506293545,943.6631998971234,0.45859375,10.099807163809505
community_irrigation,1,1,30,236.881047051302,236.881047051302,1001.3673728113064,0.92109375,9.198817212105324
community_irrigation,1,1,60,236.881047051302,236.881047051302,1001.3673728113064,0.92109375,9.198817212105324
community_irrigation,1,6,30,236.881047051302,236.881047051302,1001.3673728113064,0.92109375,9.198817212105324
community_irrigation,1,6,60,236.881047051302,236.881047051302,1001.3673728113064,0.92109375,9.198817212105324
community_irrigation,1,12,30,236.881047051302,236.881047051302,1001.3673728113064,0.92109375,9.198817212105324
community_irrigation,1,12,60,236.881047051302,236.881047051302,1001.3673728113064,0.92109375,9.198817212105324
community_irrigation,2,1,30,230.98960052882586,230.98960052882586,911.6766182789726,0.02265625,10.496704027642071
community_irrigation,2,1,60,230.98960052882586,230.98960052882586,911.6766182789726,0.02265625,10.496704027642071
community_irrigation,2,6,30,252.0535205318287,252.0535205318287,931.5518227332819,0.86171875,9.892667350002338
community_irrigation,2,6,60,252.0535205318287,252.0535205318287,931.5518227332819,0.86171875,9.892667350002338
community_irrigation,2,12,30,252.0535205318287,252.0535205318287,931.5518227332819,0.86171875,9.892667350002338
community_irrigation,2,12,60,252.0535205318287,252.0535205318287,931.5518227332819,0.86171875,9.892667350002338
community_irrigation,3,1,30,32.302938504230944,32.302938504230944,968.223605635625,0.775,9.502645443497139
community_irrigation,3,1,60,32.302938504230944,32.302938504230944,968.223605635625,0.775,9.502645443497139
community_irrigation,3,6,30,32.96475542458881,32.96475542458881,965.1995647346521,0.78125,9.482520294668598
community_irrigation,3,6,60,32.96475542458881,32.96475542458881,965.1995647346521,0.78125,9.482520294668598
community_irrigation,3,12,30,32.96475542458881,32.96475542458881,965.1995647346521,0.78125,9.482520294668598
community_irrigation,3,12,60,32.96475542458881,32.96475542458881,965.1995647346521,0.78125,9.482520294668598
community_irrigation,4,1,30,29.59938738526479,29.59938738526479,921.9352062478183,0.82890625,9.838409730224603
community_irrigation,4,1,60,29.59938738526479,29.59938738526479,921.9352062478183,0.82890625,9.838409730224603
community_irrigation,4,6,30,34.892131348376836,34.892131348376836,928.5892361728432,0.784375,9.90105799485279
community_irrigation,4,6,60,34.892131348376836,34.892131348376836,928.5892361728432,0.784375,9.90105799485279
community_irrigation,4,12,30,210.8839904359367,210.8839904359367,1088.2241769144412,0.0,11.275279529618404
community_irrigation,4,12,60,210.8839904359367,210.8839904359367,1088.2241769144412,0.0,11.275279529618404
community_irrigation,5,1,30,29.248462617511883,29.248462617511883,960.3533507447354,0.12890625,10.289581419421323
community_irrigation,5,1,60,29.248462617511883,29.248462617511883,960.3533507447354,0.12890625,10.289581419421323
community_irrigation,5,6,30,30.981581089596073,30.981581089596073,962.0752026716233,0.13046875,10.304069133472606
community_irrigation,5,6,60,30.981581089596073,30.981581089596073,962.0752026716233,0.13046875,10.304069133472606
community_irrigation,5,12,30,35.343857491474,35.343857491474,966.4591785251293,0.1390625,10.331892286584695
community_irrigation,5,12,60,35.343857491474,35.343857491474,966.4591785251293,0.1390625,10.331892286584695
community_irrigation,6,1,30,29.467706371637473,29.467706371637473,931.2315516096724,0.8109375,9.851917205396173
community_irrigation,6,1,60,29.467706371637473,29.467706371637473,931.2315516096724,0.8109375,9.851917205396173
community_irrigation,6,6,30,50.0433981636549,50.0433981636549,954.4760440507451,0.66328125,10.00434908353945
community_irrigation,6,6,60,50.0433981636549,50.0433981636549,954.4760440507451,0.66328125,10.00434908353945
community_irrigation,6,12,30,50.0433981636549,50.0433981636549,954.4760440507451,0.66328125,10.00434908353945
community_irrigation,6,12,60,50.0433981636549,50.0433981636549,954.4760440507451,0.66328125,10.00434908353945
community_irrigation,7,1,30,245.48001829976812,245.48001829976812,939.6275811406028,0.928125,9.295962833796748
community_irrigation,7,1,60,245.48001829976812,245.48001829976812,939.6275811406028,0.928125,9.295962833796748
community_irrigation,7,6,30,246.08347377056174,246.08347377056174,948.1059375148471,0.93671875,9.121382589003979
community_irrigation,7,6,60,246.08347377056174,246.08347377056174,948.1059375148471,0.93671875,9.121382589003979
community_irrigation,7,12,30,246.18175613343053,246.18175613343053,943.9663163730619,0.940625,9.089084963155237
community_irrigation,7,12,60,246.18175613343053,246.18175613343053,943.9663163730619,0.940625,9.089084963155237
community_irrigation,8,1,30,201.9723004661929,201.9723004661929,940.8466061472689,0.01328125,10.633358956974078
community_irrigation,8,1,60,201.9723004661929,201.9723004661929,940.8466061472689,0.01328125,10.633358956974078
community_irrigation,8,6,30,221.70511812805685,221.70511812805685,959.3025492014656,0.134375,10.421676718236258
community_irrigation,8,6,60,221.70511812805685,221.70511812805685,959.3025492014656,0.134375,10.421676718236258
community_irrigation,8,12,30,221.70511812805685,221.70511812805685,959.3025492014656,0.134375,10.421676718236258
community_irrigation,8,12,60,222.7764751045099,222.7764751045099,959.2700777110088,0.1484375,10.388753507681718
community_irrigation,9,1,30,218.7960997707909,218.7960997707909,910.2668650815582,0.88984375,9.63486116763211
community_irrigation,9,1,60,218.7960997707909,218.7960997707909,910.2668650815582,0.88984375,9.63486116763211
community_irrigation,9,6,30,239.53022234436486,239.53022234436486,923.944998692497,0.9296875,9.271324149285547
community_irrigation,9,6,60,241.4178453376574,241.4178453376574,924.6773605033463,0.9234375,9.281846017468864
community_irrigation,9,12,30,245.96546702360666,245.96546702360666,929.5089518333671,0.92734375,9.04575994271406
community_irrigation,9,12,60,245.96546702360666,245.96546702360666,929.5089518333671,0.92734375,9.04575994271406
community_irrigation,10,1,30,251.5214095511647,251.5214095511647,872.9761498011615,0.775,9.555842325670733
community_irrigation,10,1,60,251.5214095511647,251.5214095511647,872.9761498011615,0.775,9.555842325670733
community_irrigation,10,6,30,250.33139151275353,250.33139151275353,871.7861317627501,0.80546875,9.36851581995545
community_irrigation,10,6,60,251.5214095511647,251.5214095511647,872.9761498011615,0.775,9.555842325670733
community_irrigation,10,12,30,251.91542505587904,251.91542505587904,873.3406270933609,0.7882812499999999,9.452837625857317
community_irrigation,10,12,60,250.63497564552492,250.63497564552492,872.1904405096899,0.775,9.470093119159896
community_irrigation,11,1,30,39.60273685469613,39.60273685469613,874.8625365155992,0.0,10.99701058742247
community_irrigation,11,1,60,39.60273685469613,39.60273685469613,874.8625365155992,0.0,10.99701058742247
community_irrigation,11,6,30,38.50043004518334,38.50043004518334,872.7346584855891,0.0,10.971325617231173
community_irrigation,11,6,60,38.50043004518334,38.50043004518334,872.7346584855891,0.0,10.971325617231173
community_irrigation,11,12,30,38.50043004518334,38.50043004518334,872.7346584855891,0.0,10.971325617231173
community_irrigation,11,12,60,38.50043004518334,38.50043004518334,872.7346584855891,0.0,10.971325617231173
forest_co_management,0,1,30,149.64290161018735,155.89290161018735,659.3674283188657,0.9635890151515152,8.889374705332655
forest_co_management,0,1,60,149.64290161018735,155.89290161018735,659.3674283188657,0.9635890151515152,8.889374705332655
forest_co_management,0,6,30,218.55285275264572,218.55285275264572,846.4687629012692,0.92421875,9.660817874777042
forest_co_management,0,6,60,218.55285275264572,218.55285275264572,846.4687629012692,0.92421875,9.660817874777042
forest_co_management,0,12,30,218.55285275264572,218.55285275264572,846.4687629012692,0.92421875,9.660817874777042
forest_co_management,0,12,60,218.55285275264572,218.55285275264572,846.4687629012692,0.92421875,9.660817874777042
forest_co_management,1,1,30,203.8733882289996,203.8733882289996,841.4610684897887,0.9671875,8.266811773666717
forest_co_management,1,1,60,203.8733882289996,203.8733882289996,841.4610684897887,0.9671875,8.266811773666717
forest_co_management,1,6,30,204.05070541988295,204.05070541988295,845.7877886024501,0.9671875,8.292193828562901
forest_co_management,1,6,60,204.05070541988295,204.05070541988295,845.7877886024501,0.9671875,8.292193828562901
forest_co_management,1,12,30,204.05070541988295,204.05070541988295,845.7877886024501,0.9671875,8.292193828562901
forest_co_management,1,12,60,204.05070541988295,204.05070541988295,845.7877886024501,0.9671875,8.292193828562901
forest_co_management,2,1,30,217.57217317840562,217.57217317840562,817.3701364844525,0.9484375,9.516582491875987
forest_co_management,2,1,60,217.57217317840562,217.57217317840562,817.3701364844525,0.9484375,9.516582491875987
forest_co_management,2,6,30,175.74536937932555,180.43286937932555,702.039520143118,0.9521173007246376,9.228461605441352
forest_co_management,2,6,60,217.57217317840562,217.57217317840562,817.3701364844525,0.9484375,9.516582491875987
forest_co_management,2,12,30,175.74536937932555,180.43286937932555,702.039520143118,0.9521173007246376,9.228461605441352
forest_co_management,2,12,60,217.57217317840562,217.57217317840562,817.3701364844525,0.9484375,9.516582491875987
forest_co_management,3,1,30,14.45117667062905,26.95117667062905,631.6608855534084,0.9523754940028525,8.398023335614269
forest_co_management,3,1,60,14.45117667062905,26.95117667062905,631.6608855534084,0.9523754940028525,8.398023335614269
forest_co_management,3,6,30,14.45117667062905,26.95117667062905,631.6608855534084,0.9523754940028525,8.398023335614269
forest_co_management,3,6,60,11.693680525188746,25.756180525188746,585.6281926642489,0.957100697788787,8.386012121457878
forest_co_management,3,12,30,14.665462694061826,27.165462694061826,618.791058899167,0.9549915061798955,8.362750090664466
forest_co_management,3,12,60,11.92536421578074,25.98786421578074,583.7905014528499,0.9503217800676867,8.424376748440828
forest_co_management,4,1,30,-6.399228824294987,18.600771175705013,224.6876731291855,0.943542141202787,8.066386999040311
forest_co_management,4,1,60,-6.399228824294987,18.600771175705013,224.6876731291855,0.943542141202787,8.066386999040311
forest_co_management,4,6,30,-3.7620083839727165,21.237991616027283,240.94546040114608,0.9165747205442453,8.184653995423904
forest_co_management,4,6,60,-3.7620083839727165,21.237991616027283,240.94546040114608,0.9165747205442453,8.184653995423904
forest_co_management,4,12,30,130.63948791535918,140.01448791535918,666.4442523637907,0.924785782368503,8.705869755222134
forest_co_management,4,12,60,130.63948791535918,140.01448791535918,666.4442523637907,0.924785782368503,8.705869755222134
forest_co_management,5,1,30,27.752127060408274,29.314627060408274,803.4665102239574,0.972626582278481,8.703013193919428
forest_co_management,5,1,60,27.752127060408274,29.314627060408274,803.4665102239574,0.972626582278481,8.703013193919428
forest_co_management,5,6,30,29.160330459945147,30.722830459945147,805.3537236823041,0.9679291930379746,8.713654729077838
forest_co_management,5,6,60,29.160330459945147,30.722830459945147,805.3537236823041,0.9679291930379746,8.713654729077838
forest_co_management,5,12,30,29.980747440706526,31.543247440706526,805.9982575375475,0.961689082278481,8.722188400750442
forest_co_management,5,12,60,29.980747440706526,31.543247440706526,805.9982575375475,0.961689082278481,8.722188400750442
forest_co_management,6,1,30,28.219304441006337,28.219304441006337,826.649363275092,0.98359375,8.787930293601084
forest_co_management,6,1,60,28.219304441006337,28.219304441006337,826.649363275092,0.98359375,8.787930293601084
forest_co_management,6,6,30,29.23567422905851,29.23567422905851,827.7856183390862,0.98203125,8.7960313939376
forest_co_management,6,6,60,29.23567422905851,29.23567422905851,827.7856183390862,0.98203125,8.7960313939376
forest_co_management,6,12,30,29.23567422905851,29.23567422905851,827.7856183390862,0.98203125,8.7960313939376
forest_co_management,6,12,60,29.23567422905851,29.23567422905851,827.7856183390862,0.98203125,8.7960313939376
forest_co_management,7,1,30,182.45250590869836,188.70250590869836,685.7831629789297,0.9740977413391206,7.424495499095332
forest_co_management,7,1,60,182.45250590869836,188.70250590869836,685.7831629789297,0.9740977413391206,7.424495499095332
forest_co_management,7,6,30,169.76749023683269,179.14249023683269,654.9205791265084,0.982145267328457,7.209445082291402
forest_co_management,7,6,60,169.76749023683269,179.14249023683269,654.9205791265084,0.982145267328457,7.209445082291402
forest_co_management,7,12,30,171.2345296000913,180.6095296000913,656.3134036124061,0.9815094448176345,7.1832636165241865
forest_co_management,7,12,60,169.76749023683269,179.14249023683269,654.9205791265084,0.982145267328457,7.209445082291402
forest_co_management,8,1,30,157.8877697336906,161.0127697336906,772.7577287927184,0.8115451388888889,9.698619563586686
forest_co_management,8,1,60,157.8877697336906,161.0127697336906,772.7577287927184,0.8115451388888889,9.698619563586686
forest_co_management,8,6,30,165.19330089772163,171.44330089772163,756.7729660319908,0.9340689394990633,9.299629198708182
forest_co_management,8,6,60,165.19330089772163,171.44330089772163,756.7729660319908,0.9340689394990633,9.299629198708182
forest_co_management,8,12,30,165.19330089772163,171.44330089772163,756.7729660319908,0.9340689394990633,9.299629198708182
forest_co_management,8,12,60,165.19330089772163,171.44330089772163,756.7729660319908,0.9340689394990633,9.299629198708182
forest_co_management,9,1,30,195.48450258374015,195.48450258374015,799.7363791730576,0.98203125,8.94606480012709
forest_co_management,9,1,60,195.48450258374015,195.48450258374015,799.7363791730576,0.98203125,8.94606480012709
forest_co_management,9,6,30,209.21723544000903,209.21723544000903,807.1205011488995,0.9875,8.29384741977604
forest_co_management,9,6,60,212.40094420539472,212.40094420539472,811.9060220689319,0.98046875,8.634939725006932
forest_co_management,9,12,30,212.84696159366624,212.84696159366624,812.34827668176,0.9828125000000001,8.491440553857954
forest_co_management,9,12,60,212.84696159366624,212.84696159366624,812.34827668176,0.9828125000000001,8.491440553857954
forest_co_management,10,1,30,217.173710767402,217.173710767402,782.7657955048447,0.97265625,8.660505487805578
forest_co_management,10,1,60,217.173710767402,217.173710767402,782.7657955048447,0.97265625,8.660505487805578
forest_co_management,10,6,30,172.03067132759074,172.03067132759074,738.7145097329251,0.97421875,7.865156624646221
forest_co_management,10,6,60,217.173710767402,217.173710767402,782.7657955048447,0.97265625,8.660505487805578
forest_co_management,10,12,30,196.66405471060898,201.35155471060898,734.3927261767308,0.9711472995716034,8.459621592233354
forest_co_management,10,12,60,217.173710767402,217.173710767402,782.7657955048447,0.97265625,8.660505487805578
forest_co_management,11,1,30,16.270926712283316,28.770926712283316,533.3904881834825,0.9162440240250805,8.41274925252284
forest_co_management,11,1,60,16.270926712283316,28.770926712283316,533.3904881834825,0.9162440240250805,8.41274925252284
forest_co_management,11,6,30,16.270926712283316,28.770926712283316,533.3904881834825,0.9162440240250805,8.41274925252284
forest_co_management,11,6,60,16.270926712283316,28.770926712283316,533.3904881834825,0.9162440240250805,8.41274925252284
forest_co_management,11,12,30,16.270926712283316,28.770926712283316,533.3904881834825,0.9162440240250805,8.41274925252284
forest_co_management,11,12,60,16.270926712283316,28.770926712283316,533.3904881834825,0.9162440240250805,8.41274925252284
