scenario,actor,control,mechanism,run_id,global_unsafe_rate,local_pass_global_fail_rate,approval_coverage,mean_patch_health,total_welfare,mean_welfare,t_end,mean_prevented_harvest,any_approved_onset,any_clean_prefix_onset,any_own_model_onset
community_irrigation,high_actor,base,communication,0,0.0,0.0,0.0,13.910268624858306,1361.4878134016535,17.01859766752067,80.0,0.0,0.0,0.0,0.0
community_irrigation,high_actor,base,communication,1,0.0,0.0,0.0,12.92642908954527,1405.4462897296542,17.568078621620675,80.0,0.0,0.0,0.0,0.0
community_irrigation,high_actor,base,communication,2,0.0,0.0,0.004687500000000001,13.080201663013561,1402.672989492315,17.533412368653938,80.0,0.0,0.0,0.0,0.0
community_irrigation,high_actor,base,communication,3,0.0,0.0,0.0,12.812377270341903,1406.3098402781807,17.57887300347726,80.0,0.0,0.0,0.0,0.0
community_irrigation,high_actor,base,communication,4,0.0,0.0,0.0,13.03456914664866,1399.0927185057558,17.488658981321947,80.0,0.0,0.0,0.0,0.0
community_irrigation,high_actor,base,joint_reference,0,0.0,0.0,0.0015625,12.681872675792718,1377.4126936454625,17.21765867056828,80.0,0.0,0.0,0.0,0.0
community_irrigation,high_actor,base,joint_reference,1,0.0,0.0,0.0,12.861242254046854,1405.8717007559558,17.573396259449446,80.0,0.0,0.0,0.0,0.0
community_irrigation,high_actor,base,joint_reference,2,0.0,0.0,0.0,12.685220658824997,1405.6460778821136,17.57057597352642,80.0,0.0,0.0,0.0,0.0
community_irrigation,high_actor,base,joint_reference,3,0.0,0.0,0.0,12.824524757767232,1406.370993563601,17.579637419545012,80.0,0.0,0.0,0.0,0.0
community_irrigation,high_actor,base,joint_reference,4,0.0,0.0,0.0,12.82516893610699,1401.0150581667506,17.512688227084382,80.0,0.0,0.0,0.0,0.0
community_irrigation,high_actor,base,local_cutoff,0,0.0,0.0,0.0,17.024030708763895,1152.0000000000002,14.400000000000002,80.0,8.335451685054114,0.0,0.0,0.0
community_irrigation,high_actor,base,local_cutoff,1,0.0,0.0,0.0,17.07042631930947,1152.0000000000002,14.400000000000002,80.0,11.673371327544718,0.0,0.0,0.0
community_irrigation,high_actor,base,local_cutoff,2,0.0,0.0,0.0,17.021252280205157,1152.0000000000002,14.400000000000002,80.0,9.268553838751021,0.0,0.0,0.0
community_irrigation,high_actor,base,local_cutoff,3,0.0,0.0,0.0,17.05172199513049,1152.0000000000002,14.400000000000002,80.0,9.491848776940344,0.0,0.0,0.0
community_irrigation,high_actor,base,local_cutoff,4,0.0,0.0,0.0,17.025030101562912,1152.0000000000002,14.400000000000002,80.0,11.956070542189687,0.0,0.0,0.0
community_irrigation,high_actor,base,local_state,0,0.0,0.0,0.0015625,12.681872675792718,1377.4126936454625,17.21765867056828,80.0,0.0,0.0,0.0,0.0
community_irrigation,high_actor,base,local_state,1,0.0,0.0,0.0,12.861242254046854,1405.8717007559558,17.573396259449446,80.0,0.0,0.0,0.0,0.0
community_irrigation,high_actor,base,local_state,2,0.0,0.0,0.0,12.685220658824997,1405.6460778821136,17.57057597352642,80.0,0.0,0.0,0.0,0.0
community_irrigation,high_actor,base,local_state,3,0.0,0.0,0.0,12.824524757767232,1406.370993563601,17.579637419545012,80.0,0.0,0.0,0.0,0.0
community_irrigation,high_actor,base,local_state,4,0.0,0.0,0.0,12.82516893610699,1401.0150581667506,17.512688227084382,80.0,0.0,0.0,0.0,0.0
community_irrigation,high_actor,base,neighborhood_off,0,0.0,0.0,0.2546875,15.838310069394069,1201.4329517170033,15.017911896462541,80.0,0.8126975135473532,0.0,0.0,0.0
community_irrigation,high_actor,base,neighborhood_off,1,0.0,0.0,0.0,15.406094608957531,1239.7059299705172,15.496324124631467,80.0,1.5850867354484697,0.0,0.0,0.0
community_irrigation,high_actor,base,neighborhood_off,2,0.0,0.0,0.5546875,15.804083693460605,1209.9860187438069,15.124825234297585,80.0,1.2164563723636965,0.0,0.0,0.0
community_irrigation,high_actor,base,neighborhood_off,3,0.0,0.0,0.371875,15.849072825889376,1206.0412030454745,15.075515038068431,80.0,0.9448464028766373,0.0,0.0,0.0
community_irrigation,high_actor,base,neighborhood_off,4,0.0,0.0,0.3359375,15.548786813301621,1208.3605267116209,15.10450658389526,80.0,0.5847106929838343,0.0,0.0,0.0
community_irrigation,high_actor,base,neighborhood_on,0,0.0,0.0,0.246875,16.008093404801706,1194.9036093594593,14.936295116993241,80.0,0.6745637728052131,0.0,0.0,0.0
community_irrigation,high_actor,base,neighborhood_on,1,0.0,0.0,0.0,15.460103064786804,1240.8042980031823,15.510053725039779,80.0,1.5667047001766028,0.0,0.0,0.0
community_irrigation,high_actor,base,neighborhood_on,2,0.0,0.0,0.484375,16.000328804228396,1206.8636789672016,15.08579598709002,80.0,1.0684055076192571,0.0,0.0,0.0
community_irrigation,high_actor,base,neighborhood_on,3,0.0,0.0,0.371875,15.849184979923294,1206.0311741501525,15.075389676876908,80.0,0.9448464028766373,0.0,0.0,0.0
community_irrigation,high_actor,base,neighborhood_on,4,0.0,0.0,0.321875,15.71854292680095,1199.682974871039,14.996037185887989,80.0,0.566304248179385,0.0,0.0,0.0
community_irrigation,high_actor,base,none,0,0.0,0.0,0.0015625,12.681872675792718,1377.4126936454625,17.21765867056828,80.0,0.0,0.0,0.0,0.0
community_irrigation,high_actor,base,none,1,0.0,0.0,0.0,12.861242254046854,1405.8717007559558,17.573396259449446,80.0,0.0,0.0,0.0,0.0
community_irrigation,high_actor,base,none,2,0.0,0.0,0.0,12.685220658824997,1405.6460778821136,17.57057597352642,80.0,0.0,0.0,0.0,0.0
community_irrigation,high_actor,base,none,3,0.0,0.0,0.0,12.824524757767232,1406.370993563601,17.579637419545012,80.0,0.0,0.0,0.0,0.0
community_irrigation,high_actor,base,none,4,0.0,0.0,0.0,12.82516893610699,1401.0150581667506,17.512688227084382,80.0,0.0,0.0,0.0,0.0
community_irrigation,high_actor,base,signal_only,0,0.0,0.0,0.5625,15.914446821224368,1203.2668767906662,15.040835959883326,80.0,0.0,0.0,0.0,0.0
community_irrigation,high_actor,base,signal_only,1,0.0,0.0,0.0140625,15.434489979789557,1268.2531842462752,15.853164803078439,80.0,0.0,0.0,0.0,0.0
community_irrigation,high_actor,base,signal_only,2,0.0,0.0,0.6078125,15.680556160218398,1252.2984527076887,15.65373065884611,80.0,0.0,0.0,0.0,0.0
community_irrigation,high_actor,base,signal_only,3,0.0,0.0,0.55,15.987667912444994,1204.5865873316072,15.057332341645091,80.0,0.0,0.0,0.0,0.0
community_irrigation,high_actor,base,signal_only,4,0.0,0.0,0.6046875,15.769045656789704,1180.4360648589545,14.755450810736932,80.0,0.0,0.0,0.0,0.0
community_irrigation,high_actor,base,uniform_off,0,0.0,0.0,0.5078125,15.955986774363684,1167.714125429155,14.59642656786444,80.0,0.8834620763016697,0.0,0.0,0.0
community_irrigation,high_actor,base,uniform_off,1,0.0,0.0,0.0,15.818294126511285,1217.009396530607,15.21261745663259,80.0,1.7380907480975225,0.0,0.0,0.0
community_irrigation,high_actor,base,uniform_off,2,0.0,0.0,0.5546875,15.804083693460605,1209.9860187438069,15.124825234297585,80.0,1.2164563723636965,0.0,0.0,0.0
community_irrigation,high_actor,base,uniform_off,3,0.0,0.0,0.5140625,16.04109200088494,1183.4667077615882,14.793333847019852,80.0,0.9659726247855842,0.0,0.0,0.0
community_irrigation,high_actor,base,uniform_off,4,0.0,0.0,0.5921875,15.849158057637208,1173.6096402775993,14.670120503469992,80.0,0.49671337303041574,0.0,0.0,0.0
community_irrigation,high_actor,base,uniform_on,0,0.0,0.0,0.41562499999999997,16.144511606126795,1163.752333705458,14.546904171318229,80.0,0.7208362338258755,0.0,0.0,0.0
community_irrigation,high_actor,base,uniform_on,1,0.0,0.0,0.0,15.821757687177275,1217.8252399689727,15.222815499612159,80.0,1.7129339528086889,0.0,0.0,0.0
community_irrigation,high_actor,base,uniform_on,2,0.0,0.0,0.484375,16.000328804228396,1206.8636789672016,15.08579598709002,80.0,1.0684055076192571,0.0,0.0,0.0
community_irrigation,high_actor,base,uniform_on,3,0.0,0.0,0.5140625,16.041337462812212,1183.4460928100932,14.793076160126166,80.0,0.9659726247855842,0.0,0.0,0.0
community_irrigation,high_actor,base,uniform_on,4,0.0,0.0,0.5625,15.94343245920306,1164.0708569216026,14.550885711520033,80.0,0.4922143743063754,0.0,0.0,0.0
community_irrigation,high_actor,neither,joint_reference,0,0.0,0.0,0.0,13.5623799717853,1520.6776191316674,19.008470239145844,80.0,0.0,0.0,0.0,0.0
community_irrigation,high_actor,neither,joint_reference,1,0.0,0.0,0.0,13.491907116396595,1530.313806405702,19.128922580071276,80.0,0.0,0.0,0.0,0.0
community_irrigation,high_actor,neither,joint_reference,2,0.0,0.0,0.0,12.985740499374918,1536.6493517996532,19.208116897495664,80.0,0.0,0.0,0.0,0.0
community_irrigation,high_actor,neither,joint_reference,3,0.0,0.0,0.0,13.683104388701873,1513.6973550824846,18.921216938531057,80.0,0.0,0.0,0.0,0.0
community_irrigation,high_actor,neither,joint_reference,4,0.0,0.0,0.0,13.084026254215217,1535.3956097069345,19.192445121336682,80.0,0.0,0.0,0.0,0.0
community_irrigation,high_actor,neither,local_cutoff,0,0.0,0.0,0.0,17.274917638091562,1152.0000000000002,14.400000000000002,80.0,8.335451685054114,0.0,0.0,0.0
community_irrigation,high_actor,neither,local_cutoff,1,0.0,0.0,0.0,17.274917638091562,1152.0000000000002,14.400000000000002,80.0,12.311253754906568,0.0,0.0,0.0
community_irrigation,high_actor,neither,local_cutoff,2,0.0,0.0,0.0,17.274917638091562,1152.0000000000002,14.400000000000002,80.0,9.268553838751021,0.0,0.0,0.0
community_irrigation,high_actor,neither,local_cutoff,3,0.0,0.0,0.0,17.274917638091562,1152.0000000000002,14.400000000000002,80.0,10.110104571792206,0.0,0.0,0.0
community_irrigation,high_actor,neither,local_cutoff,4,0.0,0.0,0.0,17.274917638091562,1152.0000000000002,14.400000000000002,80.0,11.966620553673042,0.0,0.0,0.0
community_irrigation,high_actor,neither,local_state,0,0.0,0.0,0.0,13.5623799717853,1520.6776191316674,19.008470239145844,80.0,0.0,0.0,0.0,0.0
community_irrigation,high_actor,neither,local_state,1,0.0,0.0,0.0,13.491907116396595,1530.313806405702,19.128922580071276,80.0,0.0,0.0,0.0,0.0
community_irrigation,high_actor,neither,local_state,2,0.0,0.0,0.0,12.985740499374918,1536.6493517996532,19.208116897495664,80.0,0.0,0.0,0.0,0.0
community_irrigation,high_actor,neither,local_state,3,0.0,0.0,0.0,13.683104388701873,1513.6973550824846,18.921216938531057,80.0,0.0,0.0,0.0,0.0
community_irrigation,high_actor,neither,local_state,4,0.0,0.0,0.0,13.084026254215217,1535.3956097069345,19.192445121336682,80.0,0.0,0.0,0.0,0.0
community_irrigation,high_actor,neither,none,0,0.0,0.0,0.0,13.5623799717853,1520.6776191316674,19.008470239145844,80.0,0.0,0.0,0.0,0.0
community_irrigation,high_actor,neither,none,1,0.0,0.0,0.0,13.491907116396595,1530.313806405702,19.128922580071276,80.0,0.0,0.0,0.0,0.0
community_irrigation,high_actor,neither,none,2,0.0,0.0,0.0,12.985740499374918,1536.6493517996532,19.208116897495664,80.0,0.0,0.0,0.0,0.0
community_irrigation,high_actor,neither,none,3,0.0,0.0,0.0,13.683104388701873,1513.6973550824846,18.921216938531057,80.0,0.0,0.0,0.0,0.0
community_irrigation,high_actor,neither,none,4,0.0,0.0,0.0,13.084026254215217,1535.3956097069345,19.192445121336682,80.0,0.0,0.0,0.0,0.0
community_irrigation,high_actor,no_spillover,joint_reference,0,0.0,0.0,0.0,13.534881653395665,1515.1554573266135,18.939443216582667,80.0,0.0,0.0,0.0,0.0
community_irrigation,high_actor,no_spillover,joint_reference,1,0.0,0.0,0.0,13.346589692823756,1534.9833042802675,19.187291303503343,80.0,0.0,0.0,0.0,0.0
community_irrigation,high_actor,no_spillover,joint_reference,2,0.0,0.0,0.0,12.99229170446131,1531.9217154366243,19.149021442957803,80.0,0.0,0.0,0.0,0.0
community_irrigation,high_actor,no_spillover,joint_reference,3,0.0,0.0,0.0,13.683760947003838,1511.4753306646587,18.893441633308235,80.0,0.0,0.0,0.0,0.0
community_irrigation,high_actor,no_spillover,joint_reference,4,0.0,0.0,0.0,13.08688466534885,1531.707203903849,19.14634004879811,80.0,0.0,0.0,0.0,0.0
community_irrigation,high_actor,no_spillover,local_cutoff,0,0.0,0.0,0.0,17.22955184864774,1152.0000000000002,14.400000000000002,80.0,8.335451685054114,0.0,0.0,0.0
community_irrigation,high_actor,no_spillover,local_cutoff,1,0.0,0.0,0.0,17.273006894997,1152.0000000000002,14.400000000000002,80.0,11.990961626232666,0.0,0.0,0.0
community_irrigation,high_actor,no_spillover,local_cutoff,2,0.0,0.0,0.0,17.22686135811159,1152.0000000000002,14.400000000000002,80.0,9.268553838751021,0.0,0.0,0.0
community_irrigation,high_actor,no_spillover,local_cutoff,3,0.0,0.0,0.0,17.25553422820254,1152.0000000000002,14.400000000000002,80.0,9.732979145212699,0.0,0.0,0.0
community_irrigation,high_actor,no_spillover,local_cutoff,4,0.0,0.0,0.0,17.230082191407398,1152.0000000000002,14.400000000000002,80.0,11.962749144711399,0.0,0.0,0.0
community_irrigation,high_actor,no_spillover,local_state,0,0.0,0.0,0.0,13.534881653395665,1515.1554573266135,18.939443216582667,80.0,0.0,0.0,0.0,0.0
community_irrigation,high_actor,no_spillover,local_state,1,0.0,0.0,0.0,13.346589692823756,1534.9833042802675,19.187291303503343,80.0,0.0,0.0,0.0,0.0
community_irrigation,high_actor,no_spillover,local_state,2,0.0,0.0,0.0,12.99229170446131,1531.9217154366243,19.149021442957803,80.0,0.0,0.0,0.0,0.0
community_irrigation,high_actor,no_spillover,local_state,3,0.0,0.0,0.0,13.683760947003838,1511.4753306646587,18.893441633308235,80.0,0.0,0.0,0.0,0.0
community_irrigation,high_actor,no_spillover,local_state,4,0.0,0.0,0.0,13.08688466534885,1531.707203903849,19.14634004879811,80.0,0.0,0.0,0.0,0.0
community_irrigation,high_actor,no_spillover,none,0,0.0,0.0,0.0,13.534881653395665,1515.1554573266135,18.939443216582667,80.0,0.0,0.0,0.0,0.0
community_irrigation,high_actor,no_spillover,none,1,0.0,0.0,0.0,13.346589692823756,1534.9833042802675,19.187291303503343,80.0,0.0,0.0,0.0,0.0
community_irrigation,high_actor,no_spillover,none,2,0.0,0.0,0.0,12.99229170446131,1531.9217154366243,19.149021442957803,80.0,0.0,0.0,0.0,0.0
community_irrigation,high_actor,no_spillover,none,3,0.0,0.0,0.0,13.683760947003838,1511.4753306646587,18.893441633308235,80.0,0.0,0.0,0.0,0.0
community_irrigation,high_actor,no_spillover,none,4,0.0,0.0,0.0,13.08688466534885,1531.707203903849,19.14634004879811,80.0,0.0,0.0,0.0,0.0
community_irrigation,high_actor,no_weather,joint_reference,0,0.0,0.0,0.0,12.631365303983841,1375.9496478993253,17.199370598741567,80.0,0.0,0.0,0.0,0.0
community_irrigation,high_actor,no_weather,joint_reference,1,0.0,0.0,0.0,12.82145109945073,1404.1909156263919,17.552386445329898,80.0,0.0,0.0,0.0,0.0
community_irrigation,high_actor,no_weather,joint_reference,2,0.0,0.0,0.0,12.730038428446296,1409.23040128855,17.615380016106876,80.0,0.0,0.0,0.0,0.0
community_irrigation,high_actor,no_weather,joint_reference,3,0.0,0.0,0.0,12.802626103773429,1408.5083184076607,17.606353980095758,80.0,0.0,0.0,0.0,0.0
community_irrigation,high_actor,no_weather,joint_reference,4,0.0,0.0,0.0,12.844920431925408,1406.5768818752636,17.582211023440795,80.0,0.0,0.0,0.0,0.0
community_irrigation,high_actor,no_weather,local_cutoff,0,0.0,0.0,0.0,17.073298283228485,1152.0000000000002,14.400000000000002,80.0,8.335451685054114,0.0,0.0,0.0
community_irrigation,high_actor,no_weather,local_cutoff,1,0.0,0.0,0.0,17.073298283228485,1152.0000000000002,14.400000000000002,80.0,12.095228784307292,0.0,0.0,0.0
community_irrigation,high_actor,no_weather,local_cutoff,2,0.0,0.0,0.0,17.073298283228485,1152.0000000000002,14.400000000000002,80.0,9.268553838751021,0.0,0.0,0.0
community_irrigation,high_actor,no_weather,local_cutoff,3,0.0,0.0,0.0,17.073298283228485,1152.0000000000002,14.400000000000002,80.0,10.03800981372493,0.0,0.0,0.0
community_irrigation,high_actor,no_weather,local_cutoff,4,0.0,0.0,0.0,17.073298283228485,1152.0000000000002,14.400000000000002,80.0,11.950625591983668,0.0,0.0,0.0
community_irrigation,high_actor,no_weather,local_state,0,0.0,0.0,0.0,12.631365303983841,1375.9496478993253,17.199370598741567,80.0,0.0,0.0,0.0,0.0
community_irrigation,high_actor,no_weather,local_state,1,0.0,0.0,0.0,12.82145109945073,1404.1909156263919,17.552386445329898,80.0,0.0,0.0,0.0,0.0
community_irrigation,high_actor,no_weather,local_state,2,0.0,0.0,0.0,12.730038428446296,1409.23040128855,17.615380016106876,80.0,0.0,0.0,0.0,0.0
community_irrigation,high_actor,no_weather,local_state,3,0.0,0.0,0.0,12.802626103773429,1408.5083184076607,17.606353980095758,80.0,0.0,0.0,0.0,0.0
community_irrigation,high_actor,no_weather,local_state,4,0.0,0.0,0.0,12.844920431925408,1406.5768818752636,17.582211023440795,80.0,0.0,0.0,0.0,0.0
community_irrigation,high_actor,no_weather,none,0,0.0,0.0,0.0,12.631365303983841,1375.9496478993253,17.199370598741567,80.0,0.0,0.0,0.0,0.0
community_irrigation,high_actor,no_weather,none,1,0.0,0.0,0.0,12.82145109945073,1404.1909156263919,17.552386445329898,80.0,0.0,0.0,0.0,0.0
community_irrigation,high_actor,no_weather,none,2,0.0,0.0,0.0,12.730038428446296,1409.23040128855,17.615380016106876,80.0,0.0,0.0,0.0,0.0
community_irrigation,high_actor,no_weather,none,3,0.0,0.0,0.0,12.802626103773429,1408.5083184076607,17.606353980095758,80.0,0.0,0.0,0.0,0.0
community_irrigation,high_actor,no_weather,none,4,0.0,0.0,0.0,12.844920431925408,1406.5768818752636,17.582211023440795,80.0,0.0,0.0,0.0,0.0
community_irrigation,low_actor,base,communication,0,0.0,0.0,0.0,12.85907903611597,1377.7152105659977,17.22144013207497,80.0,0.0,0.0,0.0,0.0
community_irrigation,low_actor,base,communication,1,0.0,0.0,0.021875,13.04714322855756,1380.0158526624584,17.250198158280728,80.0,0.0,0.0,0.0,0.0
community_irrigation,low_actor,base,communication,2,0.0,0.0,0.0,13.314978511859419,1375.038872998723,17.187985912484038,80.0,0.0,0.0,0.0,0.0
community_irrigation,low_actor,base,communication,3,0.0,0.0,0.0,13.248556302530837,1393.881718078161,17.42352147597701,80.0,0.0,0.0,0.0,0.0
community_irrigation,low_actor,base,communication,4,0.0,0.0,0.0,13.603934396606046,1392.4798180787698,17.405997725984623,80.0,0.0,0.0,0.0,0.0
community_irrigation,low_actor,base,joint_reference,0,0.0,0.0,0.0,12.40112588679014,1374.6540895039543,17.18317611879943,80.0,0.0,0.0,0.0,0.0
community_irrigation,low_actor,base,joint_reference,1,0.0,0.0,0.026562500000000003,12.95311827112631,1383.4486519951563,17.293108149939453,80.0,0.0,0.0,0.0,0.0
community_irrigation,low_actor,base,joint_reference,2,0.0,0.0,0.0203125,12.848540949343288,1374.4977219041093,17.18122152380137,80.0,0.0,0.0,0.0,0.0
community_irrigation,low_actor,base,joint_reference,3,0.0,0.0,0.0,13.163846388062215,1393.207955890494,17.415099448631175,80.0,0.0,0.0,0.0,0.0
community_irrigation,low_actor,base,joint_reference,4,0.0,0.0,0.0,13.578587941428456,1392.5851157931218,17.40731394741402,80.0,0.0,0.0,0.0,0.0
community_irrigation,low_actor,base,local_cutoff,0,0.0,0.0,0.0,17.024030708763895,1152.0000000000002,14.400000000000002,80.0,8.066443963563755,0.0,0.0,0.0
community_irrigation,low_actor,base,local_cutoff,1,0.0,0.0,0.0,17.07042631930947,1152.0000000000002,14.400000000000002,80.0,13.214429127243815,0.0,0.0,0.0
community_irrigation,low_actor,base,local_cutoff,2,0.0,0.0,0.0,17.029676088754623,1151.0963140470767,14.388703925588459,80.0,9.064864086449457,0.0,0.0,0.0
community_irrigation,low_actor,base,local_cutoff,3,0.0,0.0,0.0,17.05172199513049,1152.0000000000002,14.400000000000002,80.0,11.221661148463188,0.0,0.0,0.0
community_irrigation,low_actor,base,local_cutoff,4,0.0,0.0,0.0,17.025030101562912,1152.0000000000002,14.400000000000002,80.0,6.686779792459804,0.0,0.0,0.0
community_irrigation,low_actor,base,local_state,0,0.0,0.0,0.0,12.405585392992935,1375.2571133765202,17.1907139172065,80.0,0.004201590572546847,0.0,0.0,0.0
community_irrigation,low_actor,base,local_state,1,0.0,0.0,0.026562500000000003,12.952497207153947,1383.9395785121983,17.299244731402478,80.0,0.0001908889033119303,0.0,0.0,0.0
community_irrigation,low_actor,base,local_state,2,0.0,0.0,0.0203125,12.848540949343288,1374.4977219041093,17.18122152380137,80.0,0.0,0.0,0.0,0.0
community_irrigation,low_actor,base,local_state,3,0.0,0.0,0.0,13.247735830078247,1397.9607823183158,17.47450977897895,80.0,0.006230561742496072,0.0,0.0,0.0
community_irrigation,low_actor,base,local_state,4,0.0,0.0,0.0,13.578587941428456,1392.5851157931218,17.40731394741402,80.0,0.0,0.0,0.0,0.0
community_irrigation,low_actor,base,neighborhood_off,0,0.0,0.0,0.32656250000000003,15.73231068194798,1161.8787899173433,14.52348487396679,80.0,0.2459501804336914,0.0,0.0,0.0
community_irrigation,low_actor,base,neighborhood_off,1,0.0,0.0,0.440625,15.617357164028544,1183.6860712294701,14.796075890368376,80.0,0.42629645218488843,0.0,0.0,0.0
community_irrigation,low_actor,base,neighborhood_off,2,0.0,0.0,0.34375,15.740418551768748,1203.7077313547509,15.046346641934386,80.0,0.5665498090822104,0.0,0.0,0.0
community_irrigation,low_actor,base,neighborhood_off,3,0.0,0.0,0.353125,16.078596984205664,1185.3285125755226,14.816606407194033,80.0,0.534308927317287,0.0,0.0,0.0
community_irrigation,low_actor,base,neighborhood_off,4,0.0,0.0,0.428125,16.066788821835402,1181.920576985434,14.774007212317926,80.0,0.39188874927683215,0.0,0.0,0.0
community_irrigation,low_actor,base,neighborhood_on,0,0.0,0.0,0.3109375,15.821212234650883,1156.4313334790806,14.455391668488508,80.0,0.2230921071420335,0.0,0.0,0.0
community_irrigation,low_actor,base,neighborhood_on,1,0.0,0.0,0.3390625,15.614981983905949,1186.8873083062444,14.836091353828056,80.0,0.4144116772638919,0.0,0.0,0.0
community_irrigation,low_actor,base,neighborhood_on,2,0.0,0.0,0.3015625,16.17874682792147,1176.3024959001891,14.703781198752363,80.0,0.4822370599412282,0.0,0.0,0.0
community_irrigation,low_actor,base,neighborhood_on,3,0.0,0.0,0.346875,16.065375838033876,1189.3193919721407,14.866492399651758,80.0,0.5233619908294351,0.0,0.0,0.0
community_irrigation,low_actor,base,neighborhood_on,4,0.0,0.0,0.428125,16.090353362661205,1178.2174378064988,14.727717972581233,80.0,0.3914148362824325,0.0,0.0,0.0
community_irrigation,low_actor,base,none,0,0.0,0.0,0.0,12.40112588679014,1374.6540895039543,17.18317611879943,80.0,0.0,0.0,0.0,0.0
community_irrigation,low_actor,base,none,1,0.0,0.0,0.026562500000000003,12.95311827112631,1383.4486519951563,17.293108149939453,80.0,0.0,0.0,0.0,0.0
community_irrigation,low_actor,base,none,2,0.0,0.0,0.0203125,12.848540949343288,1374.4977219041093,17.18122152380137,80.0,0.0,0.0,0.0,0.0
community_irrigation,low_actor,base,none,3,0.0,0.0,0.0,13.163846388062215,1393.207955890494,17.415099448631175,80.0,0.0,0.0,0.0,0.0
community_irrigation,low_actor,base,none,4,0.0,0.0,0.0,13.578587941428456,1392.5851157931218,17.40731394741402,80.0,0.0,0.0,0.0,0.0
community_irrigation,low_actor,base,signal_only,0,0.0,0.0,0.4765625,15.983717961958206,1180.8608127933273,14.760760159916591,80.0,0.0,0.0,0.0,0.0
community_irrigation,low_actor,base,signal_only,1,0.0,0.0,0.6125,15.635140156525093,1188.6837932791063,14.858547415988829,80.0,0.0,0.0,0.0,0.0
community_irrigation,low_actor,base,signal_only,2,0.0,0.0,0.5203125,15.915654853256699,1205.508330584635,15.068854132307937,80.0,0.0,0.0,0.0,0.0
community_irrigation,low_actor,base,signal_only,3,0.0,0.0,0.540625,15.97852263779786,1182.144356741189,14.776804459264865,80.0,0.0,0.0,0.0,0.0
community_irrigation,low_actor,base,signal_only,4,0.0,0.0,0.4421875,16.041661830334697,1195.3969621317713,14.942462026647139,80.0,0.0,0.0,0.0,0.0
community_irrigation,low_actor,base,uniform_off,0,0.0,0.0,0.4671875,15.978019426485087,1175.7313508256368,14.69664188532046,80.0,0.21366814012993482,0.0,0.0,0.0
community_irrigation,low_actor,base,uniform_off,1,0.0,0.0,0.6062500000000001,15.739374638228565,1172.1331519791288,14.65166439973911,80.0,0.42019709546854384,0.0,0.0,0.0
community_irrigation,low_actor,base,uniform_off,2,0.0,0.0,0.4953125,15.978957691851653,1189.8278525221492,14.872848156526864,80.0,0.5744619701656464,0.0,0.0,0.0
community_irrigation,low_actor,base,uniform_off,3,0.0,0.0,0.5125,16.025161378241382,1175.7560716658636,14.696950895823294,80.0,0.5102473356655193,0.0,0.0,0.0
community_irrigation,low_actor,base,uniform_off,4,0.0,0.0,0.428125,16.066788821835402,1181.920576985434,14.774007212317926,80.0,0.39188874927683215,0.0,0.0,0.0
community_irrigation,low_actor,base,uniform_on,0,0.0,0.0,0.44375,16.053718166240017,1165.162455043859,14.564530688048237,80.0,0.19690933229317137,0.0,0.0,0.0
community_irrigation,low_actor,base,uniform_on,1,0.0,0.0,0.5859375,15.81792002620441,1180.6467336863182,14.758084171078977,80.0,0.407247251020398,0.0,0.0,0.0
community_irrigation,low_actor,base,uniform_on,2,0.0,0.0,0.41562499999999997,16.236065498151117,1177.2110470405555,14.715138088006945,80.0,0.47352623074819666,0.0,0.0,0.0
community_irrigation,low_actor,base,uniform_on,3,0.0,0.0,0.5125,16.04658084954908,1171.422330698635,14.642779133732938,80.0,0.5102473356655193,0.0,0.0,0.0
community_irrigation,low_actor,base,uniform_on,4,0.0,0.0,0.428125,16.090353362661205,1178.2174378064988,14.727717972581233,80.0,0.3914148362824325,0.0,0.0,0.0
community_irrigation,low_actor,neither,joint_reference,0,0.0,0.0,0.0,13.664311828060713,1506.5771899240763,18.832214874050955,80.0,0.0,0.0,0.0,0.0
community_irrigation,low_actor,neither,joint_reference,1,0.0,0.0,0.0,13.124617325177534,1523.9400251054751,19.04925031381844,80.0,0.0,0.0,0.0,0.0
community_irrigation,low_actor,neither,joint_reference,2,0.0,0.0,0.0,13.1968071069353,1525.3106754747892,19.066383443434866,80.0,0.0,0.0,0.0,0.0
community_irrigation,low_actor,neither,joint_reference,3,0.0,0.0,0.0,13.9042486209653,1497.7116069295366,18.721395086619207,80.0,0.0,0.0,0.0,0.0
community_irrigation,low_actor,neither,joint_reference,4,0.0,0.0,0.0,14.140710480772821,1488.0597064145156,18.600746330181444,80.0,0.0,0.0,0.0,0.0
community_irrigation,low_actor,neither,local_cutoff,0,0.0,0.0,0.0,17.274917638091562,1152.0000000000002,14.400000000000002,80.0,8.066443963563755,0.0,0.0,0.0
community_irrigation,low_actor,neither,local_cutoff,1,0.0,0.0,0.0,17.274917638091562,1152.0000000000002,14.400000000000002,80.0,13.214429127243815,0.0,0.0,0.0
community_irrigation,low_actor,neither,local_cutoff,2,0.0,0.0,0.0,17.28182385925208,1151.0963140470767,14.388703925588459,80.0,9.064864086449457,0.0,0.0,0.0
community_irrigation,low_actor,neither,local_cutoff,3,0.0,0.0,0.0,17.274917638091562,1152.0000000000002,14.400000000000002,80.0,11.255729498203488,0.0,0.0,0.0
community_irrigation,low_actor,neither,local_cutoff,4,0.0,0.0,0.0,17.274917638091562,1152.0000000000002,14.400000000000002,80.0,6.686779792459804,0.0,0.0,0.0
community_irrigation,low_actor,neither,local_state,0,0.0,0.0,0.0,13.664311828060713,1506.5771899240763,18.832214874050955,80.0,0.0,0.0,0.0,0.0
community_irrigation,low_actor,neither,local_state,1,0.0,0.0,0.0,13.124617325177534,1523.9400251054751,19.04925031381844,80.0,0.0,0.0,0.0,0.0
community_irrigation,low_actor,neither,local_state,2,0.0,0.0,0.0,13.1968071069353,1525.3106754747892,19.066383443434866,80.0,0.0,0.0,0.0,0.0
community_irrigation,low_actor,neither,local_state,3,0.0,0.0,0.0,13.9042486209653,1497.7116069295366,18.721395086619207,80.0,0.0,0.0,0.0,0.0
community_irrigation,low_actor,neither,local_state,4,0.0,0.0,0.0,14.140710480772821,1488.0597064145156,18.600746330181444,80.0,0.0,0.0,0.0,0.0
community_irrigation,low_actor,neither,none,0,0.0,0.0,0.0,13.664311828060713,1506.5771899240763,18.832214874050955,80.0,0.0,0.0,0.0,0.0
community_irrigation,low_actor,neither,none,1,0.0,0.0,0.0,13.124617325177534,1523.9400251054751,19.04925031381844,80.0,0.0,0.0,0.0,0.0
community_irrigation,low_actor,neither,none,2,0.0,0.0,0.0,13.1968071069353,1525.3106754747892,19.066383443434866,80.0,0.0,0.0,0.0,0.0
community_irrigation,low_actor,neither,none,3,0.0,0.0,0.0,13.9042486209653,1497.7116069295366,18.721395086619207,80.0,0.0,0.0,0.0,0.0
community_irrigation,low_actor,neither,none,4,0.0,0.0,0.0,14.140710480772821,1488.0597064145156,18.600746330181444,80.0,0.0,0.0,0.0,0.0
community_irrigation,low_actor,no_spillover,joint_reference,0,0.0,0.0,0.0,13.569647379045701,1500.9532221305642,18.761915276632052,80.0,0.0,0.0,0.0,0.0
community_irrigation,low_actor,no_spillover,joint_reference,1,0.0,0.0,0.0015625,13.19570663660975,1525.4604732861367,19.06825591607671,80.0,0.0,0.0,0.0,0.0
community_irrigation,low_actor,no_spillover,joint_reference,2,0.0,0.0,0.0,13.207829467393962,1520.9286776560816,19.01160847070102,80.0,0.0,0.0,0.0,0.0
community_irrigation,low_actor,no_spillover,joint_reference,3,0.0,0.0,0.0,13.898519364788742,1496.1835530135374,18.702294412669218,80.0,0.0,0.0,0.0,0.0
community_irrigation,low_actor,no_spillover,joint_reference,4,0.0,0.0,0.0,14.1756366425984,1481.047005691668,18.51308757114585,80.0,0.0,0.0,0.0,0.0
community_irrigation,low_actor,no_spillover,local_cutoff,0,0.0,0.0,0.0,17.22955184864774,1152.0000000000002,14.400000000000002,80.0,8.066443963563755,0.0,0.0,0.0
community_irrigation,low_actor,no_spillover,local_cutoff,1,0.0,0.0,0.0,17.273006894997,1152.0000000000002,14.400000000000002,80.0,13.214429127243815,0.0,0.0,0.0
community_irrigation,low_actor,no_spillover,local_cutoff,2,0.0,0.0,0.0,17.233951260343837,1151.0963140470767,14.388703925588459,80.0,9.064864086449457,0.0,0.0,0.0
community_irrigation,low_actor,no_spillover,local_cutoff,3,0.0,0.0,0.0,17.25553422820254,1152.0000000000002,14.400000000000002,80.0,11.236261869780458,0.0,0.0,0.0
community_irrigation,low_actor,no_spillover,local_cutoff,4,0.0,0.0,0.0,17.230082191407398,1152.0000000000002,14.400000000000002,80.0,6.686779792459804,0.0,0.0,0.0
community_irrigation,low_actor,no_spillover,local_state,0,0.0,0.0,0.0,13.569647379045701,1500.9532221305642,18.761915276632052,80.0,0.0,0.0,0.0,0.0
community_irrigation,low_actor,no_spillover,local_state,1,0.0,0.0,0.0015625,13.19570663660975,1525.4604732861367,19.06825591607671,80.0,0.0,0.0,0.0,0.0
community_irrigation,low_actor,no_spillover,local_state,2,0.0,0.0,0.0,13.207829467393962,1520.9286776560816,19.01160847070102,80.0,0.0,0.0,0.0,0.0
community_irrigation,low_actor,no_spillover,local_state,3,0.0,0.0,0.0,13.898519364788742,1496.1835530135374,18.702294412669218,80.0,0.0,0.0,0.0,0.0
community_irrigation,low_actor,no_spillover,local_state,4,0.0,0.0,0.0,14.1756366425984,1481.047005691668,18.51308757114585,80.0,0.0,0.0,0.0,0.0
community_irrigation,low_actor,no_spillover,none,0,0.0,0.0,0.0,13.569647379045701,1500.9532221305642,18.761915276632052,80.0,0.0,0.0,0.0,0.0
community_irrigation,low_actor,no_spillover,none,1,0.0,0.0,0.0015625,13.19570663660975,1525.4604732861367,19.06825591607671,80.0,0.0,0.0,0.0,0.0
community_irrigation,low_actor,no_spillover,none,2,0.0,0.0,0.0,13.207829467393962,1520.9286776560816,19.01160847070102,80.0,0.0,0.0,0.0,0.0
community_irrigation,low_actor,no_spillover,none,3,0.0,0.0,0.0,13.898519364788742,1496.1835530135374,18.702294412669218,80.0,0.0,0.0,0.0,0.0
community_irrigation,low_actor,no_spillover,none,4,0.0,0.0,0.0,14.1756366425984,1481.047005691668,18.51308757114585,80.0,0.0,0.0,0.0,0.0
community_irrigation,low_actor,no_weather,joint_reference,0,0.0,0.0,0.0,12.39189264253881,1378.501720487601,17.231271506095013,80.0,0.0,0.0,0.0,0.0
community_irrigation,low_actor,no_weather,joint_reference,1,0.0,0.0,0.1125,12.918150875720158,1387.1383660305564,17.339229575381957,80.0,0.0,0.0,0.0,0.0
community_irrigation,low_actor,no_weather,joint_reference,2,0.0,0.0,0.025,12.838217353166717,1377.271408530219,17.21589260662774,80.0,0.0,0.0,0.0,0.0
community_irrigation,low_actor,no_weather,joint_reference,3,0.0,0.0,0.0,13.479941231087958,1402.039349554418,17.525491869430226,80.0,0.0,0.0,0.0,0.0
community_irrigation,low_actor,no_weather,joint_reference,4,0.0,0.0,0.0,13.555537411594107,1397.3201812377588,17.466502265471984,80.0,0.0,0.0,0.0,0.0
community_irrigation,low_actor,no_weather,local_cutoff,0,0.0,0.0,0.0,17.073298283228485,1152.0000000000002,14.400000000000002,80.0,8.066443963563755,0.0,0.0,0.0
community_irrigation,low_actor,no_weather,local_cutoff,1,0.0,0.0,0.0,17.073298283228485,1152.0000000000002,14.400000000000002,80.0,13.214429127243815,0.0,0.0,0.0
community_irrigation,low_actor,no_weather,local_cutoff,2,0.0,0.0,0.0,17.08147592225918,1151.0963140470767,14.388703925588459,80.0,9.064864086449457,0.0,0.0,0.0
community_irrigation,low_actor,no_weather,local_cutoff,3,0.0,0.0,0.0,17.073298283228485,1152.0000000000002,14.400000000000002,80.0,11.21679424135743,0.0,0.0,0.0
community_irrigation,low_actor,no_weather,local_cutoff,4,0.0,0.0,0.0,17.073298283228485,1152.0000000000002,14.400000000000002,80.0,6.686779792459804,0.0,0.0,0.0
community_irrigation,low_actor,no_weather,local_state,0,0.0,0.0,0.0,12.383349194879065,1379.7216938075353,17.246521172594193,80.0,0.005316783954415605,0.0,0.0,0.0
community_irrigation,low_actor,no_weather,local_state,1,0.0,0.0,0.1125,12.918150875720158,1387.1383660305564,17.339229575381957,80.0,0.0,0.0,0.0,0.0
community_irrigation,low_actor,no_weather,local_state,2,0.0,0.0,0.025,12.838217353166717,1377.271408530219,17.21589260662774,80.0,0.0,0.0,0.0,0.0
community_irrigation,low_actor,no_weather,local_state,3,0.0,0.0,0.0,13.479941231087958,1402.039349554418,17.525491869430226,80.0,0.0,0.0,0.0,0.0
community_irrigation,low_actor,no_weather,local_state,4,0.0,0.0,0.0,13.555537411594107,1397.3201812377588,17.466502265471984,80.0,0.0,0.0,0.0,0.0
community_irrigation,low_actor,no_weather,none,0,0.0,0.0,0.0,12.39189264253881,1378.501720487601,17.231271506095013,80.0,0.0,0.0,0.0,0.0
community_irrigation,low_actor,no_weather,none,1,0.0,0.0,0.1125,12.918150875720158,1387.1383660305564,17.339229575381957,80.0,0.0,0.0,0.0,0.0
community_irrigation,low_actor,no_weather,none,2,0.0,0.0,0.025,12.838217353166717,1377.271408530219,17.21589260662774,80.0,0.0,0.0,0.0,0.0
community_irrigation,low_actor,no_weather,none,3,0.0,0.0,0.0,13.479941231087958,1402.039349554418,17.525491869430226,80.0,0.0,0.0,0.0,0.0
community_irrigation,low_actor,no_weather,none,4,0.0,0.0,0.0,13.555537411594107,1397.3201812377588,17.466502265471984,80.0,0.0,0.0,0.0,0.0
forest_co_management,high_actor,base,communication,0,0.0,0.0,0.1359375,12.49470290422274,1152.4701555054014,14.40587694381752,80.0,0.0,0.0,0.0,0.0
forest_co_management,high_actor,base,communication,1,0.0,0.0,0.0875,12.352385804828314,1145.7209904195433,14.32151238024429,80.0,0.0,0.0,0.0,0.0
forest_co_management,high_actor,base,communication,2,0.0,0.0,0.0,13.101113359648703,1203.0547326542392,15.038184158177987,80.0,0.0,0.0,0.0,0.0
forest_co_management,high_actor,base,communication,3,0.0,0.0,0.028125,12.787072476197286,1154.8245386410647,14.43530673301331,80.0,0.0,0.0,0.0,0.0
forest_co_management,high_actor,base,communication,4,0.0,0.0,0.040625,12.831842001099936,1139.8633660406504,14.24829207550813,80.0,0.0,0.0,0.0,0.0
forest_co_management,high_actor,base,joint_reference,0,0.0,0.0,0.1671875,12.416695441051015,1155.0833436894825,14.438541796118532,80.0,0.0,0.0,0.0,0.0
forest_co_management,high_actor,base,joint_reference,1,0.0,0.0,0.090625,12.341403277366217,1146.5717386001133,14.332146732501418,80.0,0.0,0.0,0.0,0.0
forest_co_management,high_actor,base,joint_reference,2,0.0515625,0.0,0.003125,11.438929044779703,1148.6986678787584,14.358733348484481,80.0,0.042595547244491785,0.0,0.0,0.0
forest_co_management,high_actor,base,joint_reference,3,0.0,0.0,0.11875000000000001,12.442295419428206,1168.3573386640437,14.604466733300548,80.0,0.0,0.0,0.0,0.0
forest_co_management,high_actor,base,joint_reference,4,0.0,0.0,0.08124999999999999,12.635392979770401,1147.5971672431974,14.344964590539968,80.0,0.0,0.0,0.0,0.0
forest_co_management,high_actor,base,local_cutoff,0,0.0,0.0,0.0,15.349375200345321,1142.5485621624882,14.281857027031103,80.0,14.212773532059472,0.0,0.0,0.0
forest_co_management,high_actor,base,local_cutoff,1,0.0,0.0,0.0,15.409098224453166,1146.3201711456554,14.329002139320693,80.0,11.099848036442951,0.0,0.0,0.0
forest_co_management,high_actor,base,local_cutoff,2,0.0,0.0,0.0,15.230129623340368,1148.8119451012062,14.360149313765078,80.0,4.811421437236917,0.0,0.0,0.0
forest_co_management,high_actor,base,local_cutoff,3,0.0,0.0,0.0,15.388598649496043,1144.8742458098186,14.310928072622731,80.0,11.402198420152917,0.0,0.0,0.0
forest_co_management,high_actor,base,local_cutoff,4,0.0,0.0,0.0,15.337329308301925,1144.5836822916206,14.307296028645258,80.0,10.154815075202428,0.0,0.0,0.0
forest_co_management,high_actor,base,local_state,0,0.0,0.0,0.16874999999999998,12.421649082013314,1155.0681961950006,14.438352452437508,80.0,0.0009770336552865932,0.0,0.0,0.0
forest_co_management,high_actor,base,local_state,1,0.0,0.0,0.1046875,12.342423374875496,1147.2515767138036,14.340644708922545,80.0,0.006238264324678365,0.0,0.0,0.0
forest_co_management,high_actor,base,local_state,2,0.0,0.0,0.0,12.11846233592461,1205.6308044512514,15.070385055640642,80.0,0.05424448976611575,0.0,0.0,0.0
forest_co_management,high_actor,base,local_state,3,0.0,0.0,0.11875000000000001,12.44320565192216,1168.3522958327958,14.604403697909946,80.0,6.303539060081922e-05,0.0,0.0,0.0
forest_co_management,high_actor,base,local_state,4,0.0,0.0,0.0875,12.644062092744141,1147.1483099076622,14.339353873845777,80.0,0.004597255200424737,0.0,0.0,0.0
forest_co_management,high_actor,base,neighborhood_off,0,0.0,0.0,0.2046875,14.704417473974697,1065.0504918987535,13.313131148734419,80.0,2.2654394443646493,0.0,0.0,0.0
forest_co_management,high_actor,base,neighborhood_off,1,0.0,0.0,0.4796875,15.150071839804362,1025.4144482577985,12.817680603222483,80.0,0.3714563149691823,0.0,0.0,0.0
forest_co_management,high_actor,base,neighborhood_off,2,0.0,0.0,0.559375,15.819987568513335,1020.9035647085583,12.761294558856978,80.0,0.8912794898203064,0.0,0.0,0.0
forest_co_management,high_actor,base,neighborhood_off,3,0.0,0.0,0.4765625,14.795143039529782,1069.8523145066736,13.37315393133342,80.0,1.2181574966159778,0.0,0.0,0.0
forest_co_management,high_actor,base,neighborhood_off,4,0.0,0.0,0.475,14.76316022563825,1062.7457547592965,13.284321934491205,80.0,1.074906394428327,0.0,0.0,0.0
forest_co_management,high_actor,base,neighborhood_on,0,0.0,0.0,0.1765625,14.669599952311163,1062.5853929034145,13.282317411292683,80.0,2.3143949292730377,0.0,0.0,0.0
forest_co_management,high_actor,base,neighborhood_on,1,0.0,0.0,0.5,15.18305041235987,1023.8405599828304,12.79800699978538,80.0,0.37147885331331704,0.0,0.0,0.0
forest_co_management,high_actor,base,neighborhood_on,2,0.0,0.0,0.4921875,15.970030683455938,1017.5996048909806,12.719995061137256,80.0,0.7783132533270827,0.0,0.0,0.0
forest_co_management,high_actor,base,neighborhood_on,3,0.0,0.0,0.4765625,15.07847015501393,1055.7388444464473,13.196735555580592,80.0,1.1688695697119507,0.0,0.0,0.0
forest_co_management,high_actor,base,neighborhood_on,4,0.0,0.0,0.4484375,14.965336664288769,1059.354113783048,13.2419264222881,80.0,1.0804400446795295,0.0,0.0,0.0
forest_co_management,high_actor,base,none,0,0.0,0.0,0.1671875,12.416695441051015,1155.0833436894825,14.438541796118532,80.0,0.0,0.0,0.0,0.0
forest_co_management,high_actor,base,none,1,0.0,0.0,0.090625,12.341403277366217,1146.5717386001133,14.332146732501418,80.0,0.0,0.0,0.0,0.0
forest_co_management,high_actor,base,none,2,0.0640625,0.0,0.004687500000000001,11.424486578774417,1148.9630808067284,14.362038510084105,80.0,0.0,0.0,0.0,0.0
forest_co_management,high_actor,base,none,3,0.0,0.0,0.11875000000000001,12.442295419428206,1168.3573386640437,14.604466733300548,80.0,0.0,0.0,0.0,0.0
forest_co_management,high_actor,base,none,4,0.0,0.0,0.08124999999999999,12.635392979770401,1147.5971672431974,14.344964590539968,80.0,0.0,0.0,0.0,0.0
forest_co_management,high_actor,base,signal_only,0,0.0,0.0,0.1296875,14.780768481497644,1134.2490005859954,14.178112507324942,80.0,0.0,0.0,0.0,0.0
forest_co_management,high_actor,base,signal_only,1,0.0,0.0,0.6515625,15.193558500786716,1032.9682796447737,12.912103495559672,80.0,0.0,0.0,0.0,0.0
forest_co_management,high_actor,base,signal_only,2,0.0,0.0,0.6,15.676317743293787,1056.4338073558865,13.205422591948583,80.0,0.0,0.0,0.0,0.0
forest_co_management,high_actor,base,signal_only,3,0.0,0.0,0.7046875,14.994017132247393,1094.1051031718953,13.676313789648692,80.0,0.0,0.0,0.0,0.0
forest_co_management,high_actor,base,signal_only,4,0.0,0.0,0.7140625,14.896371781578166,1089.101998441227,13.613774980515336,80.0,0.0,0.0,0.0,0.0
forest_co_management,high_actor,base,uniform_off,0,0.0,0.0,0.19375,14.63639946912308,1072.341510814942,13.404268885186777,80.0,2.1734214885866097,0.0,0.0,0.0
forest_co_management,high_actor,base,uniform_off,1,0.0,0.0,0.6375,15.228125186450741,1022.5135229883506,12.781419037354382,80.0,0.3726034176147889,0.0,0.0,0.0
forest_co_management,high_actor,base,uniform_off,2,0.0,0.0,0.559375,15.819987568513335,1020.9035647085583,12.761294558856978,80.0,0.8912794898203064,0.0,0.0,0.0
forest_co_management,high_actor,base,uniform_off,3,0.0,0.0,0.6703125,15.053778991238888,1050.32019694896,13.129002461862001,80.0,1.2839357498890398,0.0,0.0,0.0
forest_co_management,high_actor,base,uniform_off,4,0.0,0.0,0.6671875,15.077959382544178,1045.4246848912255,13.06780856114032,80.0,1.2030681729789214,0.0,0.0,0.0
forest_co_management,high_actor,base,uniform_on,0,0.0,0.0,0.1859375,14.662172234089262,1067.963071285184,13.3495383910648,80.0,2.1641329774562443,0.0,0.0,0.0
forest_co_management,high_actor,base,uniform_on,1,0.0,0.0,0.6359374999999999,15.251077467008159,1023.7064256228344,12.796330320285431,80.0,0.3731749876367252,0.0,0.0,0.0
forest_co_management,high_actor,base,uniform_on,2,0.0,0.0,0.4921875,15.970030683455938,1017.5996048909806,12.719995061137256,80.0,0.7783132533270827,0.0,0.0,0.0
forest_co_management,high_actor,base,uniform_on,3,0.0,0.0,0.6375,15.39039125755963,1036.3450772684776,12.954313465855968,80.0,1.2078815294150531,0.0,0.0,0.0
forest_co_management,high_actor,base,uniform_on,4,0.0,0.0,0.6609375,15.304194105116157,1031.645018986074,12.895562737325927,80.0,1.2189498524211404,0.0,0.0,0.0
forest_co_management,high_actor,neither,joint_reference,0,0.0,0.0,0.0625,12.766558352789412,1326.4694430823038,16.5808680385288,80.0,0.0,0.0,0.0,0.0
forest_co_management,high_actor,neither,joint_reference,1,0.0,0.0,0.0125,12.711303495360506,1329.2073631062567,16.61509203882821,80.0,0.0,0.0,0.0,0.0
forest_co_management,high_actor,neither,joint_reference,2,0.0,0.0,0.0,13.196468908327635,1325.9967650027893,16.574959562534865,80.0,0.0,0.0,0.0,0.0
forest_co_management,high_actor,neither,joint_reference,3,0.0,0.0,0.025,12.812404648414665,1327.197312257299,16.589966403216238,80.0,0.0,0.0,0.0,0.0
forest_co_management,high_actor,neither,joint_reference,4,0.0,0.0,0.0125,13.023408185355482,1325.6601995964652,16.570752494955816,80.0,0.0,0.0,0.0,0.0
forest_co_management,high_actor,neither,local_cutoff,0,0.0,0.0,0.0,15.991009374433123,1147.1405397912301,14.339256747390376,80.0,14.363414631966169,0.0,0.0,0.0
forest_co_management,high_actor,neither,local_cutoff,1,0.0,0.0,0.0,15.995249557789304,1146.8157725457227,14.335197156821533,80.0,11.127326452729639,0.0,0.0,0.0
forest_co_management,high_actor,neither,local_cutoff,2,0.0,0.0,0.0,15.959580583829602,1149.4365054511777,14.367956318139722,80.0,4.930424238012599,0.0,0.0,0.0
forest_co_management,high_actor,neither,local_cutoff,3,0.0,0.0,0.0,16.001248541052032,1146.6546902620516,14.333183628275645,80.0,11.455038137007827,0.0,0.0,0.0
forest_co_management,high_actor,neither,local_cutoff,4,0.0,0.0,0.0,16.01945145613197,1145.2885917919934,14.316107397399918,80.0,10.174955664681544,0.0,0.0,0.0
forest_co_management,high_actor,neither,local_state,0,0.0,0.0,0.0625,12.766558352789412,1326.4694430823038,16.5808680385288,80.0,0.0,0.0,0.0,0.0
forest_co_management,high_actor,neither,local_state,1,0.0,0.0,0.0,12.690643491971176,1327.2155710881952,16.59019463860244,80.0,0.007336861810248996,0.0,0.0,0.0
forest_co_management,high_actor,neither,local_state,2,0.0,0.0,0.0,13.196468908327635,1325.9967650027893,16.574959562534865,80.0,0.0,0.0,0.0,0.0
forest_co_management,high_actor,neither,local_state,3,0.0,0.0,0.025,12.812404648414665,1327.197312257299,16.589966403216238,80.0,0.0,0.0,0.0,0.0
forest_co_management,high_actor,neither,local_state,4,0.0,0.0,0.0,12.982733812650357,1324.3131348286622,16.553914185358277,80.0,0.016838309597533872,0.0,0.0,0.0
forest_co_management,high_actor,neither,none,0,0.0,0.0,0.0625,12.766558352789412,1326.4694430823038,16.5808680385288,80.0,0.0,0.0,0.0,0.0
forest_co_management,high_actor,neither,none,1,0.0,0.0,0.0125,12.711303495360506,1329.2073631062567,16.61509203882821,80.0,0.0,0.0,0.0,0.0
forest_co_management,high_actor,neither,none,2,0.0,0.0,0.0,13.196468908327635,1325.9967650027893,16.574959562534865,80.0,0.0,0.0,0.0,0.0
forest_co_management,high_actor,neither,none,3,0.0,0.0,0.025,12.812404648414665,1327.197312257299,16.589966403216238,80.0,0.0,0.0,0.0,0.0
forest_co_management,high_actor,neither,none,4,0.0,0.0,0.0125,13.023408185355482,1325.6601995964652,16.570752494955816,80.0,0.0,0.0,0.0,0.0
forest_co_management,high_actor,no_spillover,joint_reference,0,0.0,0.0,0.0453125,12.815592535488728,1317.9132289848994,16.473915362311242,80.0,0.0,0.0,0.0,0.0
forest_co_management,high_actor,no_spillover,joint_reference,1,0.0,0.0,0.003125,12.748742458414904,1329.2540837155946,16.615676046444932,80.0,0.0,0.0,0.0,0.0
forest_co_management,high_actor,no_spillover,joint_reference,2,0.0,0.0,0.0,13.195433450522188,1320.1814690075855,16.50226836259482,80.0,0.0,0.0,0.0,0.0
forest_co_management,high_actor,no_spillover,joint_reference,3,0.0,0.0,0.0109375,12.83502201085015,1329.1202646411107,16.61400330801388,80.0,0.0,0.0,0.0,0.0
forest_co_management,high_actor,no_spillover,joint_reference,4,0.0,0.0,0.0046875,13.023880981781371,1320.4420023807845,16.505525029759806,80.0,0.0,0.0,0.0,0.0
forest_co_management,high_actor,no_spillover,local_cutoff,0,0.0,0.0,0.0,15.888486785691752,1145.2401441961558,14.315501802451948,80.0,14.301232367828309,0.0,0.0,0.0
forest_co_management,high_actor,no_spillover,local_cutoff,1,0.0,0.0,0.0,15.968760205622301,1146.744972345713,14.334312154321413,80.0,11.123400964688683,0.0,0.0,0.0
forest_co_management,high_actor,no_spillover,local_cutoff,2,0.0,0.0,0.0,15.827009648140251,1149.1134347145576,14.363917933931969,80.0,4.89251373701176,0.0,0.0,0.0
forest_co_management,high_actor,no_spillover,local_cutoff,3,0.0,0.0,0.0,15.94040563283892,1145.8583908033231,14.323229885041538,80.0,11.434062906096074,0.0,0.0,0.0
forest_co_management,high_actor,no_spillover,local_cutoff,4,0.0,0.0,0.0,15.902568989163857,1145.2885917919934,14.31610739739992,80.0,10.174955664681544,0.0,0.0,0.0
forest_co_management,high_actor,no_spillover,local_state,0,0.0,0.0,0.0453125,12.815592535488728,1317.9132289848994,16.473915362311242,80.0,0.0,0.0,0.0,0.0
forest_co_management,high_actor,no_spillover,local_state,1,0.0,0.0,0.004687500000000001,12.759668025544347,1329.6965284859307,16.621206606074136,80.0,0.004390157788431364,0.0,0.0,0.0
forest_co_management,high_actor,no_spillover,local_state,2,0.0,0.0,0.0,13.195433450522188,1320.1814690075855,16.50226836259482,80.0,0.0,0.0,0.0,0.0
forest_co_management,high_actor,no_spillover,local_state,3,0.0,0.0,0.0109375,12.83260000963501,1329.112144563702,16.613901807046275,80.0,0.00010150096760828501,0.0,0.0,0.0
forest_co_management,high_actor,no_spillover,local_state,4,0.0,0.0,0.004687500000000001,13.02729172743458,1320.032346994878,16.500404337435977,80.0,0.005120692323829299,0.0,0.0,0.0
forest_co_management,high_actor,no_spillover,none,0,0.0,0.0,0.0453125,12.815592535488728,1317.9132289848994,16.473915362311242,80.0,0.0,0.0,0.0,0.0
forest_co_management,high_actor,no_spillover,none,1,0.0,0.0,0.003125,12.748742458414904,1329.2540837155946,16.615676046444932,80.0,0.0,0.0,0.0,0.0
forest_co_management,high_actor,no_spillover,none,2,0.0,0.0,0.0,13.195433450522188,1320.1814690075855,16.50226836259482,80.0,0.0,0.0,0.0,0.0
forest_co_management,high_actor,no_spillover,none,3,0.0,0.0,0.0109375,12.83502201085015,1329.1202646411107,16.61400330801388,80.0,0.0,0.0,0.0,0.0
forest_co_management,high_actor,no_spillover,none,4,0.0,0.0,0.0046875,13.023880981781371,1320.4420023807845,16.505525029759806,80.0,0.0,0.0,0.0,0.0
forest_co_management,high_actor,no_weather,joint_reference,0,0.0,0.0,0.1875,12.493694584208454,1161.31886075817,14.516485759477126,80.0,0.0,0.0,0.0,0.0
forest_co_management,high_actor,no_weather,joint_reference,1,0.0,0.0,0.0875,12.324440375949441,1142.7455311939623,14.284319139924529,80.0,0.0,0.0,0.0,0.0
forest_co_management,high_actor,no_weather,joint_reference,2,0.0,0.0,0.0,12.241268104997904,1210.8004354859577,15.135005443574471,80.0,0.0,0.0,0.0,0.0
forest_co_management,high_actor,no_weather,joint_reference,3,0.0,0.0,0.1,12.40356546017768,1165.7594206395033,14.571992757993792,80.0,0.0,0.0,0.0,0.0
forest_co_management,high_actor,no_weather,joint_reference,4,0.0,0.0,0.0375,12.645617050684413,1151.1689095533675,14.389611369417093,80.0,0.0,0.0,0.0,0.0
forest_co_management,high_actor,no_weather,local_cutoff,0,0.0,0.0,0.0,15.444758951415182,1147.1405397912301,14.339256747390376,80.0,14.363414631966169,0.0,0.0,0.0
forest_co_management,high_actor,no_weather,local_cutoff,1,0.0,0.0,0.0,15.447885827020144,1146.8157725457227,14.335197156821533,80.0,11.127326452729639,0.0,0.0,0.0
forest_co_management,high_actor,no_weather,local_cutoff,2,0.0,0.0,0.0,15.404503018145999,1149.4365054511777,14.367956318139722,80.0,4.908891276906336,0.0,0.0,0.0
forest_co_management,high_actor,no_weather,local_cutoff,3,0.0,0.0,0.0,15.459473210419606,1146.6546902620516,14.333183628275645,80.0,11.455038137007827,0.0,0.0,0.0
forest_co_management,high_actor,no_weather,local_cutoff,4,0.0,0.0,0.0,15.481213013321206,1145.2885917919934,14.316107397399918,80.0,10.174955664681544,0.0,0.0,0.0
forest_co_management,high_actor,no_weather,local_state,0,0.0,0.0,0.1875,12.493694584208454,1161.31886075817,14.516485759477126,80.0,0.0,0.0,0.0,0.0
forest_co_management,high_actor,no_weather,local_state,1,0.0,0.0,0.1375,12.277430579235894,1139.936529086449,14.249206613580611,80.0,0.007916563182096908,0.0,0.0,0.0
forest_co_management,high_actor,no_weather,local_state,2,0.0,0.0,0.0,12.24561641884711,1211.1635663269071,15.139544579086339,80.0,0.0055873436749885735,0.0,0.0,0.0
forest_co_management,high_actor,no_weather,local_state,3,0.0,0.0,0.1,12.415200741634646,1165.7347869186067,14.571684836482584,80.0,0.00030792151120879465,0.0,0.0,0.0
forest_co_management,high_actor,no_weather,local_state,4,0.0,0.0,0.0375,12.637240694014249,1150.6822664102738,14.383528330128422,80.0,0.006083039288670758,0.0,0.0,0.0
forest_co_management,high_actor,no_weather,none,0,0.0,0.0,0.1875,12.493694584208454,1161.31886075817,14.516485759477126,80.0,0.0,0.0,0.0,0.0
forest_co_management,high_actor,no_weather,none,1,0.0,0.0,0.0875,12.324440375949441,1142.7455311939623,14.284319139924529,80.0,0.0,0.0,0.0,0.0
forest_co_management,high_actor,no_weather,none,2,0.0,0.0,0.0,12.241268104997904,1210.8004354859577,15.135005443574471,80.0,0.0,0.0,0.0,0.0
forest_co_management,high_actor,no_weather,none,3,0.0,0.0,0.1,12.40356546017768,1165.7594206395033,14.571992757993792,80.0,0.0,0.0,0.0,0.0
forest_co_management,high_actor,no_weather,none,4,0.0,0.0,0.0375,12.645617050684413,1151.1689095533675,14.389611369417093,80.0,0.0,0.0,0.0,0.0
forest_co_management,low_actor,base,communication,0,0.0,0.0,0.003125,12.667998901505934,1142.499666514935,14.281245831436685,80.0,0.0,0.0,0.0,0.0
forest_co_management,low_actor,base,communication,1,0.0,0.0,0.0484375,11.996649068368184,1146.170178889369,14.327127236117112,80.0,0.0,0.0,0.0,0.0
forest_co_management,low_actor,base,communication,2,0.0,0.0,0.0140625,13.13913457748841,1173.9754879616426,14.674693599520532,80.0,0.0,0.0,0.0,0.0
forest_co_management,low_actor,base,communication,3,0.0,0.0,0.1453125,12.560391385736207,1223.6081832764337,15.29510229095542,80.0,0.0,0.0,0.0,0.0
forest_co_management,low_actor,base,communication,4,0.0,0.0,0.0015625,13.399292353094669,1196.3380353482098,14.954225441852623,80.0,0.0,0.0,0.0,0.0
forest_co_management,low_actor,base,joint_reference,0,0.0015625,0.0,0.0609375,12.04562826797006,1140.6600242471275,14.258250303089092,80.0,0.0,0.0,0.0,0.0
forest_co_management,low_actor,base,joint_reference,1,0.0,0.0,0.071875,11.872762999596594,1152.2044940538103,14.402556175672629,80.0,0.0,0.0,0.0,0.0
forest_co_management,low_actor,base,joint_reference,2,0.0,0.0,0.06875,12.787905170421192,1190.0685110550473,14.875856388188092,80.0,0.0,0.0,0.0,0.0
forest_co_management,low_actor,base,joint_reference,3,0.0,0.0,0.040625,12.117214958511791,1215.5073396190821,15.193841745238528,80.0,0.0,0.0,0.0,0.0
forest_co_management,low_actor,base,joint_reference,4,0.0078125,0.0,0.004687500000000001,12.362853754332686,1196.8835887190023,14.961044858987528,80.0,0.0032027263882568437,0.0,0.0,0.0
forest_co_management,low_actor,base,local_cutoff,0,0.0,0.0,0.0,15.288225502952015,1145.828502775336,14.3228562846917,80.0,10.621691438946272,0.0,0.0,0.0
forest_co_management,low_actor,base,local_cutoff,1,0.0,0.0,0.0,15.383560435049954,1147.1642605772345,14.339553257215432,80.0,14.156176769847342,0.0,0.0,0.0
forest_co_management,low_actor,base,local_cutoff,2,0.0,0.0,0.0,15.370396220098822,1141.1326771996526,14.264158464995658,80.0,10.332481197423446,0.0,0.0,0.0
forest_co_management,low_actor,base,local_cutoff,3,0.0,0.0,0.0,15.32750466398134,1147.662969101478,14.345787113768473,80.0,10.304357414901464,0.0,0.0,0.0
forest_co_management,low_actor,base,local_cutoff,4,0.0,0.0,0.0,15.252958743080299,1148.992358978049,14.362404487225612,80.0,7.25454870963274,0.0,0.0,0.0
forest_co_management,low_actor,base,local_state,0,0.0015625,0.0,0.0515625,12.057575223881686,1144.950633821978,14.311882922774725,80.0,0.07477778533488154,0.0,0.0,0.125
forest_co_management,low_actor,base,local_state,1,0.0,0.0,0.040625,11.925848224183353,1159.6785616913266,14.495982021141582,80.0,0.3099300799008797,0.0,0.0,0.0
forest_co_management,low_actor,base,local_state,2,0.0,0.0,0.06875,12.787905170421192,1190.0685110550473,14.875856388188092,80.0,0.0,0.0,0.0,0.0
forest_co_management,low_actor,base,local_state,3,0.0,0.0,0.0125,12.147543466859712,1217.6177483270535,15.22022185408817,80.0,0.13790923719463527,0.0,0.0,0.0
forest_co_management,low_actor,base,local_state,4,0.0,0.0,0.0,12.61176983355501,1220.8430583679046,15.26053822959881,80.0,0.04681377518918087,0.0,0.0,0.0
forest_co_management,low_actor,base,neighborhood_off,0,0.0,0.0,0.3640625,14.787260862552074,1028.748014398176,12.859350179977202,80.0,0.6136843472539544,0.0,0.0,0.0
forest_co_management,low_actor,base,neighborhood_off,1,0.0,0.0,0.5359375,14.691245955575411,1027.2522155925803,12.840652694907254,80.0,0.40963391396957927,0.0,0.0,0.0
forest_co_management,low_actor,base,neighborhood_off,2,0.0,0.0,0.3609375,15.08038360033144,1044.5886205304791,13.057357756630989,80.0,0.7242982336403867,0.0,0.0,0.0
forest_co_management,low_actor,base,neighborhood_off,3,0.0,0.0,0.48906249999999996,15.06347773802647,1061.165154565295,13.26456443206619,80.0,1.4123266189158916,0.0,0.0,0.0
forest_co_management,low_actor,base,neighborhood_off,4,0.0,0.0,0.4765625,15.259035525876216,1017.6538259061525,12.720672823826906,80.0,0.48949892950638396,0.0,0.0,0.0
forest_co_management,low_actor,base,neighborhood_on,0,0.0,0.0,0.2703125,15.366455634967213,1012.5199190738456,12.65649898842307,80.0,0.5510345635089191,0.0,0.0,0.0
forest_co_management,low_actor,base,neighborhood_on,1,0.0,0.0,0.5562499999999999,14.70220185161009,1030.7326500120198,12.884158125150247,80.0,0.4065690445180048,0.0,0.0,0.0
forest_co_management,low_actor,base,neighborhood_on,2,0.0,0.0,0.3140625,15.342401064782123,1033.9977058520722,12.924971323150903,80.0,0.637855253080139,0.0,0.0,0.0
forest_co_management,low_actor,base,neighborhood_on,3,0.0,0.0,0.5125,15.252994671175118,1066.6465431234658,13.333081789043321,80.0,1.3929238026178088,0.0,0.0,0.0
forest_co_management,low_actor,base,neighborhood_on,4,0.0,0.0,0.5171874999999999,15.957273486824343,1005.874929605732,12.573436620071648,80.0,0.45105516954276026,0.0,0.0,0.0
forest_co_management,low_actor,base,none,0,0.0015625,0.0,0.0609375,12.04562826797006,1140.6600242471275,14.258250303089092,80.0,0.0,0.0,0.0,0.0
forest_co_management,low_actor,base,none,1,0.0,0.0,0.071875,11.872762999596594,1152.2044940538103,14.402556175672629,80.0,0.0,0.0,0.0,0.0
forest_co_management,low_actor,base,none,2,0.0,0.0,0.06875,12.787905170421192,1190.0685110550473,14.875856388188092,80.0,0.0,0.0,0.0,0.0
forest_co_management,low_actor,base,none,3,0.0,0.0,0.040625,12.117214958511791,1215.5073396190821,15.193841745238528,80.0,0.0,0.0,0.0,0.0
forest_co_management,low_actor,base,none,4,0.015625,0.0,0.004687500000000001,12.355037117722617,1197.1029186542569,14.963786483178211,80.0,0.0,0.0,0.0,0.0
forest_co_management,low_actor,base,signal_only,0,0.0,0.0,0.6640625,15.144491208657861,1016.9035509581914,12.711294386977393,80.0,0.0,0.0,0.0,0.0
forest_co_management,low_actor,base,signal_only,1,0.0,0.0,0.6921875,14.68007655894353,1040.9686579514557,13.012108224393197,80.0,0.0,0.0,0.0,0.0
forest_co_management,low_actor,base,signal_only,2,0.0,0.0,0.659375,15.244138899957825,1047.2579441315515,13.090724301644393,80.0,0.0,0.0,0.0,0.0
forest_co_management,low_actor,base,signal_only,3,0.0,0.0,0.721875,14.98645939367992,1099.764122621499,13.747051532768737,80.0,0.0,0.0,0.0,0.0
forest_co_management,low_actor,base,signal_only,4,0.0,0.0,0.621875,15.554094295016228,1037.1756848276584,12.96469606034573,80.0,0.0,0.0,0.0,0.0
forest_co_management,low_actor,base,uniform_off,0,0.0,0.0,0.65625,15.22837339934418,995.4553917631481,12.44319239703935,80.0,0.526394139140736,0.0,0.0,0.0
forest_co_management,low_actor,base,uniform_off,1,0.0,0.0,0.6859375,14.746907999563877,1022.9936080192259,12.787420100240324,80.0,0.4158889766471314,0.0,0.0,0.0
forest_co_management,low_actor,base,uniform_off,2,0.0,0.0,0.6390625,15.359066466476465,1019.8154432387969,12.747693040484961,80.0,0.7404049323455694,0.0,0.0,0.0
forest_co_management,low_actor,base,uniform_off,3,0.0,0.0,0.6609375,15.207431494048805,1051.6088180154636,13.145110225193296,80.0,1.5072757991908676,0.0,0.0,0.0
forest_co_management,low_actor,base,uniform_off,4,0.0,0.0,0.603125,15.677596621025858,1011.6254453818184,12.64531806727273,80.0,0.527250130590774,0.0,0.0,0.0
forest_co_management,low_actor,base,uniform_on,0,0.0,0.0,0.6156250000000001,15.611083415528048,978.2228867511292,12.227786084389114,80.0,0.5091735216767812,0.0,0.0,0.0
forest_co_management,low_actor,base,uniform_on,1,0.0,0.0,0.6734375,14.8596683203645,1026.8796023305513,12.83599502913189,80.0,0.403619178110208,0.0,0.0,0.0
forest_co_management,low_actor,base,uniform_on,2,0.0,0.0,0.609375,15.575318303030953,1006.5695953923573,12.582119942404468,80.0,0.677124068082645,0.0,0.0,0.0
forest_co_management,low_actor,base,uniform_on,3,0.0,0.0,0.6359374999999999,15.391269387985446,1048.1811178394785,13.10226397299348,80.0,1.448650615049285,0.0,0.0,0.0
forest_co_management,low_actor,base,uniform_on,4,0.0,0.0,0.5171874999999999,15.957273486824343,1005.874929605732,12.573436620071648,80.0,0.45105516954276026,0.0,0.0,0.0
forest_co_management,low_actor,neither,joint_reference,0,0.0,0.0,0.0,12.526463395725065,1322.214138782008,16.5276767347751,80.0,0.0,0.0,0.0,0.0
forest_co_management,low_actor,neither,joint_reference,1,0.0,0.0,0.0,12.181443325726486,1306.9287866153895,16.336609832692368,80.0,0.0,0.0,0.0,0.0
forest_co_management,low_actor,neither,joint_reference,2,0.0,0.0,0.0,13.067246786611623,1327.011610740767,16.58764513425959,80.0,0.0,0.0,0.0,0.0
forest_co_management,low_actor,neither,joint_reference,3,0.0,0.0,0.0,12.564856716924792,1326.4293106969585,16.580366383711983,80.0,0.0,0.0,0.0,0.0
forest_co_management,low_actor,neither,joint_reference,4,0.0,0.0,0.0,13.531337749500281,1309.1912872993757,16.364891091242196,80.0,0.0,0.0,0.0,0.0
forest_co_management,low_actor,neither,local_cutoff,0,0.0,0.0,0.0,15.999566088219058,1146.5115049954734,14.331393812443418,80.0,10.63658923396994,0.0,0.0,0.0
forest_co_management,low_actor,neither,local_cutoff,1,0.0,0.0,0.0,15.969801217752718,1148.641140527102,14.358014256588774,80.0,14.379789585518134,0.0,0.0,0.0
forest_co_management,low_actor,neither,local_cutoff,2,0.0,0.0,0.0,15.99577451639262,1146.7724098151602,14.334655122689503,80.0,10.646049107506425,0.0,0.0,0.0
forest_co_management,low_actor,neither,local_cutoff,3,0.0,0.0,0.0,15.951003454396425,1149.7974124204447,14.372467655255559,80.0,10.669508317256367,0.0,0.0,0.0
forest_co_management,low_actor,neither,local_cutoff,4,0.0,0.0,0.0,15.944108492601291,1150.279973848232,14.3784996731029,80.0,7.617052501336753,0.0,0.0,0.0
forest_co_management,low_actor,neither,local_state,0,0.0,0.0,0.0125,12.417507550402167,1314.7182402762555,16.433978003453195,80.0,0.04222646773281992,0.0,0.0,0.0
forest_co_management,low_actor,neither,local_state,1,0.0,0.0,0.0,12.210072509892345,1310.8023456332676,16.385029320415846,80.0,0.954487400562434,0.0,0.0,0.0
forest_co_management,low_actor,neither,local_state,2,0.0,0.0,0.0,13.067246786611623,1327.011610740767,16.58764513425959,80.0,0.0,0.0,0.0,0.0
forest_co_management,low_actor,neither,local_state,3,0.0,0.0,0.0,12.564856716924792,1326.4293106969585,16.580366383711983,80.0,0.0,0.0,0.0,0.0
forest_co_management,low_actor,neither,local_state,4,0.0,0.0,0.0,13.531337749500281,1309.1912872993757,16.364891091242196,80.0,0.0,0.0,0.0,0.0
forest_co_management,low_actor,neither,none,0,0.0,0.0,0.0,12.526463395725065,1322.214138782008,16.5276767347751,80.0,0.0,0.0,0.0,0.0
forest_co_management,low_actor,neither,none,1,0.0,0.0,0.0,12.181443325726486,1306.9287866153895,16.336609832692368,80.0,0.0,0.0,0.0,0.0
forest_co_management,low_actor,neither,none,2,0.0,0.0,0.0,13.067246786611623,1327.011610740767,16.58764513425959,80.0,0.0,0.0,0.0,0.0
forest_co_management,low_actor,neither,none,3,0.0,0.0,0.0,12.564856716924792,1326.4293106969585,16.580366383711983,80.0,0.0,0.0,0.0,0.0
forest_co_management,low_actor,neither,none,4,0.0,0.0,0.0,13.531337749500281,1309.1912872993757,16.364891091242196,80.0,0.0,0.0,0.0,0.0
forest_co_management,low_actor,no_spillover,joint_reference,0,0.0,0.0,0.004687500000000001,12.484926582843672,1311.3676347477785,16.392095434347233,80.0,0.0,0.0,0.0,0.0
forest_co_management,low_actor,no_spillover,joint_reference,1,0.0,0.0,0.0140625,12.236128441746027,1313.5692384338233,16.41961548042279,80.0,0.0,0.0,0.0,0.0
forest_co_management,low_actor,no_spillover,joint_reference,2,0.0,0.0,0.0078125,13.116280907124805,1317.7279136192687,16.471598920240858,80.0,0.0,0.0,0.0,0.0
forest_co_management,low_actor,no_spillover,joint_reference,3,0.0,0.0,0.0,12.514475432971139,1321.7854438166087,16.522318047707607,80.0,0.0,0.0,0.0,0.0
forest_co_management,low_actor,no_spillover,joint_reference,4,0.0,0.0,0.0,13.448083658530967,1304.2944898591027,16.303681123238782,80.0,0.0,0.0,0.0,0.0
forest_co_management,low_actor,no_spillover,local_cutoff,0,0.0,0.0,0.0,15.869078201634995,1146.5498314964377,14.331872893705473,80.0,10.637526599971737,0.0,0.0,0.0
forest_co_management,low_actor,no_spillover,local_cutoff,1,0.0,0.0,0.0,15.9406576434634,1148.3888664218061,14.354860830272576,80.0,14.33730654704389,0.0,0.0,0.0
forest_co_management,low_actor,no_spillover,local_cutoff,2,0.0,0.0,0.0,15.882144741271304,1145.091389717849,14.313642371473113,80.0,10.557561709632427,0.0,0.0,0.0
forest_co_management,low_actor,no_spillover,local_cutoff,3,0.0,0.0,0.0,15.877738348107536,1149.4395569394242,14.367994461742802,80.0,10.591190391640612,0.0,0.0,0.0
forest_co_management,low_actor,no_spillover,local_cutoff,4,0.0,0.0,0.0,15.826605818606838,1150.2502136885796,14.378127671107245,80.0,7.602467587867748,0.0,0.0,0.0
forest_co_management,low_actor,no_spillover,local_state,0,0.0,0.0,0.0015625,12.50690942929128,1312.1460577332625,16.40182572166578,80.0,0.07126817280961302,0.0,0.0,0.0
forest_co_management,low_actor,no_spillover,local_state,1,0.0,0.0,0.00625,12.280043711953212,1316.860874746287,16.460760934328587,80.0,0.38477253651470855,0.0,0.0,0.0
forest_co_management,low_actor,no_spillover,local_state,2,0.0,0.0,0.0078125,13.116280907124805,1317.7279136192687,16.471598920240858,80.0,0.0,0.0,0.0,0.0
forest_co_management,low_actor,no_spillover,local_state,3,0.0,0.0,0.0,12.512701245408529,1321.7703100378776,16.52212887547347,80.0,0.029629978267313176,0.0,0.0,0.0
forest_co_management,low_actor,no_spillover,local_state,4,0.0,0.0,0.0,13.448083658530967,1304.2944898591027,16.303681123238782,80.0,0.0,0.0,0.0,0.0
forest_co_management,low_actor,no_spillover,none,0,0.0,0.0,0.004687500000000001,12.484926582843672,1311.3676347477785,16.392095434347233,80.0,0.0,0.0,0.0,0.0
forest_co_management,low_actor,no_spillover,none,1,0.0,0.0,0.0140625,12.236128441746027,1313.5692384338233,16.41961548042279,80.0,0.0,0.0,0.0,0.0
forest_co_management,low_actor,no_spillover,none,2,0.0,0.0,0.0078125,13.116280907124805,1317.7279136192687,16.471598920240858,80.0,0.0,0.0,0.0,0.0
forest_co_management,low_actor,no_spillover,none,3,0.0,0.0,0.0,12.514475432971139,1321.7854438166087,16.522318047707607,80.0,0.0,0.0,0.0,0.0
forest_co_management,low_actor,no_spillover,none,4,0.0,0.0,0.0,13.448083658530967,1304.2944898591027,16.303681123238782,80.0,0.0,0.0,0.0,0.0
forest_co_management,low_actor,no_weather,joint_reference,0,0.0,0.0,0.1,12.030110989526012,1137.4103656107336,14.21762957013417,80.0,0.0,0.0,0.0,0.0
forest_co_management,low_actor,no_weather,joint_reference,1,0.0,0.0,0.0625,11.814091034186884,1150.0328962244562,14.375411202805703,80.0,0.0,0.0,0.0,0.0
forest_co_management,low_actor,no_weather,joint_reference,2,0.0,0.0,0.075,12.770244961543792,1196.4045794356284,14.955057242945355,80.0,0.0,0.0,0.0,0.0
forest_co_management,low_actor,no_weather,joint_reference,3,0.0,0.0,0.025,12.208842346480118,1215.429689282261,15.192871116028263,80.0,0.0,0.0,0.0,0.0
forest_co_management,low_actor,no_weather,joint_reference,4,0.0,0.0,0.0,12.675802430540097,1228.5950405473068,15.357438006841335,80.0,0.0,0.0,0.0,0.0
forest_co_management,low_actor,no_weather,local_cutoff,0,0.0,0.0,0.0,15.454960898993985,1146.5115049954734,14.331393812443418,80.0,10.63658923396994,0.0,0.0,0.0
forest_co_management,low_actor,no_weather,local_cutoff,1,0.0,0.0,0.0,15.415798581163262,1148.641140527102,14.358014256588774,80.0,14.349159597592045,0.0,0.0,0.0
forest_co_management,low_actor,no_weather,local_cutoff,2,0.0,0.0,0.0,15.459267037803716,1146.7724098151602,14.334655122689503,80.0,10.646049107506425,0.0,0.0,0.0
forest_co_management,low_actor,no_weather,local_cutoff,3,0.0,0.0,0.0,15.411108252660004,1149.377752126133,14.367221901576661,80.0,10.59997967698528,0.0,0.0,0.0
forest_co_management,low_actor,no_weather,local_cutoff,4,0.0,0.0,0.0,15.389328340346884,1150.1847413373443,14.377309266716804,80.0,7.541335727974692,0.0,0.0,0.0
forest_co_management,low_actor,no_weather,local_state,0,0.0,0.0,0.1,12.077354984961808,1143.9490411856555,14.299363014820694,80.0,0.0957029972227253,0.0,0.0,0.0
forest_co_management,low_actor,no_weather,local_state,1,0.0,0.0,0.1125,11.921939634575347,1157.283028776128,14.4660378597016,80.0,0.17029192483718697,0.0,0.0,0.0
forest_co_management,low_actor,no_weather,local_state,2,0.0,0.0,0.075,12.770244961543792,1196.4045794356284,14.955057242945355,80.0,0.0,0.0,0.0,0.0
forest_co_management,low_actor,no_weather,local_state,3,0.0,0.0,0.0125,12.215637116027258,1219.8071696188354,15.247589620235441,80.0,0.11513683781471762,0.0,0.0,0.0
forest_co_management,low_actor,no_weather,local_state,4,0.0,0.0,0.0,12.675802430540097,1228.5950405473068,15.357438006841335,80.0,0.0,0.0,0.0,0.0
forest_co_management,low_actor,no_weather,none,0,0.0,0.0,0.1,12.030110989526012,1137.4103656107336,14.21762957013417,80.0,0.0,0.0,0.0,0.0
forest_co_management,low_actor,no_weather,none,1,0.0,0.0,0.0625,11.814091034186884,1150.0328962244562,14.375411202805703,80.0,0.0,0.0,0.0,0.0
forest_co_management,low_actor,no_weather,none,2,0.0,0.0,0.075,12.770244961543792,1196.4045794356284,14.955057242945355,80.0,0.0,0.0,0.0,0.0
forest_co_management,low_actor,no_weather,none,3,0.0,0.0,0.025,12.208842346480118,1215.429689282261,15.192871116028263,80.0,0.0,0.0,0.0,0.0
forest_co_management,low_actor,no_weather,none,4,0.0,0.0,0.0,12.675802430540097,1228.5950405473068,15.357438006841335,80.0,0.0,0.0,0.0,0.0
