scenario,actor,control,mechanism,n_source_runs,global_unsafe_rate,global_unsafe_rate_ci_half,local_pass_global_fail_rate,local_pass_global_fail_rate_ci_half,approval_coverage,approval_coverage_ci_half,mean_patch_health,mean_patch_health_ci_half,total_welfare,total_welfare_ci_half,mean_welfare,mean_welfare_ci_half,t_end,t_end_ci_half,mean_prevented_harvest,mean_prevented_harvest_ci_half,any_approved_onset,any_approved_onset_ci_half,any_clean_prefix_onset,any_clean_prefix_onset_ci_half,any_own_model_onset,any_own_model_onset_ci_half
community_irrigation,high_actor,base,communication,5,0.0,0.0,0.0,0.0,0.0009375000000000002,0.0026029172861229367,13.15276915888154,0.5412783483597499,1395.001930281512,23.523956089586655,17.437524128518895,0.29404945111983244,80.0,0.0,0.0,0.0,0.0,0.0,0.0,0.0,0.0,0.0
community_irrigation,high_actor,base,joint_reference,5,0.0,0.0,0.0,0.0,0.0003125,0.0008676390953743121,12.775605856507758,0.10597611948191857,1399.2633048027767,15.401736779283835,17.490791310034705,0.19252170974104837,80.0,0.0,0.0,0.0,0.0,0.0,0.0,0.0,0.0,0.0
community_irrigation,high_actor,base,local_cutoff,5,0.0,0.0,0.0,0.0,0.0,0.0,17.038492280994387,0.026935761375011205,1152.0000000000002,0.0,14.400000000000002,0.0,80.0,0.0,10.145059234095978,1.971581498358626,0.0,0.0,0.0,0.0,0.0,0.0
community_irrigation,high_actor,base,local_state,5,0.0,0.0,0.0,0.0,0.0003125,0.0008676390953743121,12.775605856507758,0.10597611948191857,1399.2633048027767,15.401736779283835,17.490791310034705,0.19252170974104837,80.0,0.0,0.0,0.0,0.0,0.0,0.0,0.0,0.0,0.0
community_irrigation,high_actor,base,neighborhood_off,5,0.0,0.0,0.0,0.0,0.30343749999999997,0.25089401368050235,15.689269602200639,0.24899612442006214,1213.1053260376846,18.89188288771137,15.163816575471056,0.23614853609639344,80.0,0.0,1.028759543443998,0.47914140587127146,0.0,0.0,0.0,0.0,0.0,0.0
community_irrigation,high_actor,base,neighborhood_on,5,0.0,0.0,0.0,0.0,0.285,0.22499138161811336,15.80725063610823,0.2829768187393132,1209.657147070207,22.455306667460313,15.120714338377587,0.28069133334325347,80.0,0.0,0.9641649263314191,0.48744423094099004,0.0,0.0,0.0,0.0,0.0,0.0
community_irrigation,high_actor,base,none,5,0.0,0.0,0.0,0.0,0.0003125,0.0008676390953743121,12.775605856507758,0.10597611948191857,1399.2633048027767,15.401736779283835,17.490791310034705,0.19252170974104837,80.0,0.0,0.0,0.0,0.0,0.0,0.0,0.0,0.0,0.0
community_irrigation,high_actor,base,signal_only,5,0.0,0.0,0.0,0.0,0.46781249999999996,0.31652955905681807,15.757241306093402,0.26918517172372586,1221.7682331870383,45.785264564528354,15.272102914837978,0.5723158070566041,80.0,0.0,0.0,0.0,0.0,0.0,0.0,0.0,0.0,0.0
community_irrigation,high_actor,base,uniform_off,5,0.0,0.0,0.0,0.0,0.43375,0.3040193028551637,15.893722930571546,0.12617584387029146,1190.3571777485513,27.318714271556757,14.879464721856891,0.341483928394459,80.0,0.0,1.0601390389157779,0.5695382191237114,0.0,0.0,0.0,0.0,0.0,0.0
community_irrigation,high_actor,base,uniform_on,5,0.0,0.0,0.0,0.0,0.3953125,0.28223620962796414,15.990273603909548,0.14833818043998753,1187.1916404746657,30.562389496508892,14.839895505933322,0.3820298687063601,80.0,0.0,0.9920725386691561,0.5722361884606372,0.0,0.0,0.0,0.0,0.0,0.0
community_irrigation,high_actor,neither,joint_reference,5,0.0,0.0,0.0,0.0,0.0,0.0,13.36143164609478,0.38219005837922676,1527.3467484252883,12.274733435989006,19.091834355316102,0.15343416794986253,80.0,0.0,0.0,0.0,0.0,0.0,0.0,0.0,0.0,0.0
community_irrigation,high_actor,neither,local_cutoff,5,0.0,0.0,0.0,0.0,0.0,0.0,17.274917638091562,0.0,1152.0000000000002,0.0,14.400000000000002,0.0,80.0,0.0,10.398396880835389,2.12663258184308,0.0,0.0,0.0,0.0,0.0,0.0
community_irrigation,high_actor,neither,local_state,5,0.0,0.0,0.0,0.0,0.0,0.0,13.36143164609478,0.38219005837922676,1527.3467484252883,12.274733435989006,19.091834355316102,0.15343416794986253,80.0,0.0,0.0,0.0,0.0,0.0,0.0,0.0,0.0,0.0
community_irrigation,high_actor,neither,none,5,0.0,0.0,0.0,0.0,0.0,0.0,13.36143164609478,0.38219005837922676,1527.3467484252883,12.274733435989006,19.091834355316102,0.15343416794986253,80.0,0.0,0.0,0.0,0.0,0.0,0.0,0.0,0.0,0.0
community_irrigation,high_actor,no_spillover,joint_reference,5,0.0,0.0,0.0,0.0,0.0,0.0,13.328881732606684,0.3622937586887366,1525.0486023224028,13.493394432946511,19.06310752903003,0.16866743041183066,80.0,0.0,0.0,0.0,0.0,0.0,0.0,0.0,0.0,0.0
community_irrigation,high_actor,no_spillover,local_cutoff,5,0.0,0.0,0.0,0.0,0.0,0.0,17.243007304273256,0.025337998915352353,1152.0000000000002,0.0,14.400000000000002,0.0,80.0,0.0,10.25813908799238,2.0459375284465535,0.0,0.0,0.0,0.0,0.0,0.0
community_irrigation,high_actor,no_spillover,local_state,5,0.0,0.0,0.0,0.0,0.0,0.0,13.328881732606684,0.3622937586887366,1525.0486023224028,13.493394432946511,19.06310752903003,0.16866743041183066,80.0,0.0,0.0,0.0,0.0,0.0,0.0,0.0,0.0,0.0
community_irrigation,high_actor,no_spillover,none,5,0.0,0.0,0.0,0.0,0.0,0.0,13.328881732606684,0.3622937586887366,1525.0486023224028,13.493394432946511,19.06310752903003,0.16866743041183066,80.0,0.0,0.0,0.0,0.0,0.0,0.0,0.0,0.0,0.0
community_irrigation,high_actor,no_weather,joint_reference,5,0.0,0.0,0.0,0.0,0.0,0.0,12.766080273515941,0.10764667289061378,1400.8912330194385,17.48123231853043,17.51114041274298,0.21851540398163052,80.0,0.0,0.0,0.0,0.0,0.0,0.0,0.0,0.0,0.0
community_irrigation,high_actor,no_weather,local_cutoff,5,0.0,0.0,0.0,0.0,0.0,0.0,17.073298283228485,0.0,1152.0000000000002,0.0,14.400000000000002,0.0,80.0,0.0,10.337573942764205,2.05272280766533,0.0,0.0,0.0,0.0,0.0,0.0
community_irrigation,high_actor,no_weather,local_state,5,0.0,0.0,0.0,0.0,0.0,0.0,12.766080273515941,0.10764667289061378,1400.8912330194385,17.48123231853043,17.51114041274298,0.21851540398163052,80.0,0.0,0.0,0.0,0.0,0.0,0.0,0.0,0.0,0.0
community_irrigation,high_actor,no_weather,none,5,0.0,0.0,0.0,0.0,0.0,0.0,12.766080273515941,0.10764667289061378,1400.8912330194385,17.48123231853043,17.51114041274298,0.21851540398163052,80.0,0.0,0.0,0.0,0.0,0.0,0.0,0.0,0.0,0.0
community_irrigation,low_actor,base,communication,5,0.0,0.0,0.0,0.0,0.0043749999999999995,0.012146947335240368,13.214738295133966,0.34968164853214095,1383.8262944768219,10.843761790662805,17.297828680960272,0.13554702238328573,80.0,0.0,0.0,0.0,0.0,0.0,0.0,0.0,0.0,0.0
community_irrigation,low_actor,base,joint_reference,5,0.0,0.0,0.0,0.0,0.009375,0.01617396568371929,12.989043887350082,0.535788232895056,1383.6787070173673,11.378647014056126,17.295983837717092,0.1422330876756996,80.0,0.0,0.0,0.0,0.0,0.0,0.0,0.0,0.0,0.0
community_irrigation,low_actor,base,local_cutoff,5,0.0,0.0,0.0,0.0,0.0,0.0,17.04017704270428,0.025208444480458333,1151.8192628094155,0.5018068881261055,14.397740785117694,0.006272586101575924,80.0,0.0,9.650835623636002,3.2143260060850674,0.0,0.0,0.0,0.0,0.0,0.0
community_irrigation,low_actor,base,local_state,5,0.0,0.0,0.0,0.0,0.009375,0.01617396568371929,13.006589464199374,0.5463480419270653,1384.8480623808532,12.899965926982151,17.310600779760666,0.16124957408727683,80.0,0.0,0.0021246082436709697,0.0036168406602032853,0.0,0.0,0.0,0.0,0.0,0.0
community_irrigation,low_actor,base,neighborhood_off,5,0.0,0.0,0.0,0.0,0.3784375,0.06473076116197767,15.84709444075727,0.26280583484770126,1183.3043364125042,18.432651233778238,14.791304205156303,0.23040814042222846,80.0,0.0,0.4329988236589819,0.1580645557550728,0.0,0.0,0.0,0.0,0.0,0.0
community_irrigation,low_actor,base,neighborhood_on,5,0.0,0.0,0.0,0.0,0.3453125,0.06206804102828486,15.954134049434677,0.28724714449616523,1177.4315934928309,16.1133549187689,14.717894918660383,0.2014169364846114,80.0,0.0,0.4069035342918042,0.14335792579928477,0.0,0.0,0.0,0.0,0.0,0.0
community_irrigation,low_actor,base,none,5,0.0,0.0,0.0,0.0,0.009375,0.01617396568371929,12.989043887350082,0.535788232895056,1383.6787070173673,11.378647014056126,17.295983837717092,0.1422330876756996,80.0,0.0,0.0,0.0,0.0,0.0,0.0,0.0,0.0,0.0
community_irrigation,low_actor,base,signal_only,5,0.0,0.0,0.0,0.0,0.5184375,0.08073473860772944,15.910939487974511,0.19928612895893327,1190.5188511060055,12.651236414391434,14.881485638825072,0.15814045517989275,80.0,0.0,0.0,0.0,0.0,0.0,0.0,0.0,0.0,0.0
community_irrigation,low_actor,base,uniform_off,5,0.0,0.0,0.0,0.0,0.501875,0.08257855083486983,15.957660391328417,0.15825996829990152,1179.0738007956427,8.64954378584764,14.738422509945531,0.10811929732309507,80.0,0.0,0.42209265814129526,0.17041165895061447,0.0,0.0,0.0,0.0,0.0,0.0
community_irrigation,low_actor,base,uniform_on,5,0.0,0.0,0.0,0.0,0.4771875,0.08864792239269563,16.048927580561166,0.18638369530024643,1174.5320008551735,7.7444438171782854,14.681650010689665,0.0968055477147285,80.0,0.0,0.3958689972019436,0.15060430078094894,0.0,0.0,0.0,0.0,0.0,0.0
community_irrigation,low_actor,neither,joint_reference,5,0.0,0.0,0.0,0.0,0.0,0.0,13.606139072382334,0.5474019813738062,1508.3198407696786,20.200647613451263,18.853998009620984,0.2525080951681423,80.0,0.0,0.0,0.0,0.0,0.0,0.0,0.0,0.0,0.0
community_irrigation,low_actor,neither,local_cutoff,5,0.0,0.0,0.0,0.0,0.0,0.0,17.276298882323665,0.0038349487873058567,1151.8192628094155,0.5018068881261055,14.397740785117694,0.006272586101575924,80.0,0.0,9.657649293584063,3.220792249829075,0.0,0.0,0.0,0.0,0.0,0.0
community_irrigation,low_actor,neither,local_state,5,0.0,0.0,0.0,0.0,0.0,0.0,13.606139072382334,0.5474019813738062,1508.3198407696786,20.200647613451263,18.853998009620984,0.2525080951681423,80.0,0.0,0.0,0.0,0.0,0.0,0.0,0.0,0.0,0.0
community_irrigation,low_actor,neither,none,5,0.0,0.0,0.0,0.0,0.0,0.0,13.606139072382334,0.5474019813738062,1508.3198407696786,20.200647613451263,18.853998009620984,0.2525080951681423,80.0,0.0,0.0,0.0,0.0,0.0,0.0,0.0,0.0,0.0
community_irrigation,low_actor,no_spillover,joint_reference,5,0.0,0.0,0.0,0.0,0.0003125,0.0008676390953743121,13.609467898087312,0.5334082468876594,1504.9145863555975,22.727618636452153,18.81143232944497,0.2840952329556516,80.0,0.0,0.0,0.0,0.0,0.0,0.0,0.0,0.0,0.0
community_irrigation,low_actor,no_spillover,local_cutoff,5,0.0,0.0,0.0,0.0,0.0,0.0,17.244425284719703,0.023859387790896587,1151.8192628094155,0.5018068881261055,14.397740785117694,0.006272586101575924,80.0,0.0,9.653755767899458,3.217085223138062,0.0,0.0,0.0,0.0,0.0,0.0
community_irrigation,low_actor,no_spillover,local_state,5,0.0,0.0,0.0,0.0,0.0003125,0.0008676390953743121,13.609467898087312,0.5334082468876594,1504.9145863555975,22.727618636452153,18.81143232944497,0.2840952329556516,80.0,0.0,0.0,0.0,0.0,0.0,0.0,0.0,0.0,0.0
community_irrigation,low_actor,no_spillover,none,5,0.0,0.0,0.0,0.0,0.0003125,0.0008676390953743121,13.609467898087312,0.5334082468876594,1504.9145863555975,22.727618636452153,18.81143232944497,0.2840952329556516,80.0,0.0,0.0,0.0,0.0,0.0,0.0,0.0,0.0,0.0
community_irrigation,low_actor,no_weather,joint_reference,5,0.0,0.0,0.0,0.0,0.027500000000000004,0.060511218179226785,13.03674790282155,0.6002777121212097,1388.4542051681105,13.728671862724733,17.355677564601386,0.1716083982840585,80.0,0.0,0.0,0.0,0.0,0.0,0.0,0.0,0.0,0.0
community_irrigation,low_actor,no_weather,local_cutoff,5,0.0,0.0,0.0,0.0,0.0,0.0,17.074933811034622,0.004540953171769469,1151.8192628094155,0.5018068881261055,14.397740785117694,0.006272586101575924,80.0,0.0,9.649862242214851,3.213410286353144,0.0,0.0,0.0,0.0,0.0,0.0
community_irrigation,low_actor,no_weather,local_state,5,0.0,0.0,0.0,0.0,0.027500000000000004,0.060511218179226785,13.035039213289602,0.6038234454041658,1388.6981998320975,13.40058558154932,17.35872749790122,0.16750731976936542,80.0,0.0,0.001063356790883121,0.0029523517571262807,0.0,0.0,0.0,0.0,0.0,0.0
community_irrigation,low_actor,no_weather,none,5,0.0,0.0,0.0,0.0,0.027500000000000004,0.060511218179226785,13.03674790282155,0.6002777121212097,1388.4542051681105,13.728671862724733,17.355677564601386,0.1716083982840585,80.0,0.0,0.0,0.0,0.0,0.0,0.0,0.0,0.0,0.0
forest_co_management,high_actor,base,communication,5,0.0,0.0,0.0,0.0,0.058437499999999996,0.06658246815304679,12.713423309199396,0.36620535078381117,1159.1867566521798,31.3090278619475,14.489834458152249,0.3913628482743425,80.0,0.0,0.0,0.0,0.0,0.0,0.0,0.0,0.0,0.0
forest_co_management,high_actor,base,joint_reference,5,0.010312499999999999,0.028632090147352296,0.0,0.0,0.0921875,0.07446042118258998,12.254943232479109,0.582180592868188,1153.2616512151192,11.258484378113565,14.41577064018899,0.14073105472641997,80.0,0.0,0.008519109448898356,0.023652839730038157,0.0,0.0,0.0,0.0,0.0,0.0
forest_co_management,high_actor,base,local_cutoff,5,0.0,0.0,0.0,0.0,0.0,0.0,15.342906201187366,0.08616085773125534,1145.4277213021578,2.8825418767694058,14.317846516276973,0.03603177345961744,80.0,0.0,10.336211300218936,4.2699257879159065,0.0,0.0,0.0,0.0,0.0,0.0
forest_co_management,high_actor,base,local_state,5,0.0,0.0,0.0,0.0,0.09593750000000001,0.07647538527537318,12.393960507495946,0.23583271074007875,1164.6902366201027,30.376076312825557,14.558627957751284,0.37970095391031966,80.0,0.0,0.013224015667421252,0.028646543254030783,0.0,0.0,0.0,0.0,0.0,0.0
forest_co_management,high_actor,base,neighborhood_off,5,0.0,0.0,0.0,0.0,0.4390625,0.16860462438283402,15.046556029492086,0.5789045616680405,1048.7933148262161,29.296807583833353,13.109916435327701,0.3662100947979165,80.0,0.0,1.1642478280396884,0.8617141923237087,0.0,0.0,0.0,0.0,0.0,0.0
forest_co_management,high_actor,base,neighborhood_on,5,0.0,0.0,0.0,0.0,0.41875,0.1698778855212609,15.173297573485934,0.6021846500431086,1043.8237032013442,26.501561862852842,13.047796290016802,0.3312695232856617,80.0,0.0,1.1426993300609836,0.9007392817524855,0.0,0.0,0.0,0.0,0.0,0.0
forest_co_management,high_actor,base,none,5,0.0128125,0.03557320291034679,0.0,0.0,0.0925,0.07374166707034692,12.252054739278051,0.5899859305221405,1153.3145338007132,11.218064487793804,14.416431672508915,0.14022580609742308,80.0,0.0,0.0,0.0,0.0,0.0,0.0,0.0,0.0,0.0
forest_co_management,high_actor,base,signal_only,5,0.0,0.0,0.0,0.0,0.5599999999999999,0.3040316833564193,15.108206727880741,0.43686645324379353,1081.3716378399556,48.020043135212035,13.517145472999442,0.6002505391901497,80.0,0.0,0.0,0.0,0.0,0.0,0.0,0.0,0.0,0.0
forest_co_management,high_actor,base,uniform_off,5,0.0,0.0,0.0,0.0,0.545625,0.2504735969573679,15.163250119574045,0.5312896189200933,1042.3006960704074,26.528433187040815,13.028758700880093,0.33160541483801137,80.0,0.0,1.1848616637779332,0.817367621540207,0.0,0.0,0.0,0.0,0.0,0.0
forest_co_management,high_actor,base,uniform_on,5,0.0,0.0,0.0,0.0,0.5225,0.24790652119672957,15.315573149445829,0.5774519736975894,1035.45183961071,24.27545982293412,12.943147995133875,0.3034432477866761,80.0,0.0,1.148490520051249,0.8278665615856454,0.0,0.0,0.0,0.0,0.0,0.0
forest_co_management,high_actor,neither,joint_reference,5,0.0,0.0,0.0,0.0,0.0225,0.02985485485124981,12.90202871804954,0.25156247818515076,1326.906216609023,1.7505308716332957,16.586327707612785,0.02188163589541615,80.0,0.0,0.0,0.0,0.0,0.0,0.0,0.0,0.0,0.0
forest_co_management,high_actor,neither,local_cutoff,5,0.0,0.0,0.0,0.0,0.0,0.0,15.993307902647208,0.027012431089590186,1147.0672199684352,1.8641316112171107,14.33834024960544,0.023301645140214315,80.0,0.0,10.410231824879554,4.270545574966688,0.0,0.0,0.0,0.0,0.0,0.0
forest_co_management,high_actor,neither,local_state,5,0.0,0.0,0.0,0.0,0.017499999999999998,0.03400436903291285,12.889761842830648,0.25105294955248586,1326.23844525185,1.4812784013171483,16.577980565648126,0.018515980016464883,80.0,0.0,0.004835034281556573,0.009218266655617103,0.0,0.0,0.0,0.0,0.0,0.0
forest_co_management,high_actor,neither,none,5,0.0,0.0,0.0,0.0,0.0225,0.02985485485124981,12.90202871804954,0.25156247818515076,1326.906216609023,1.7505308716332957,16.586327707612785,0.02188163589541615,80.0,0.0,0.0,0.0,0.0,0.0,0.0,0.0,0.0,0.0
forest_co_management,high_actor,no_spillover,joint_reference,5,0.0,0.0,0.0,0.0,0.0128125,0.023094525313888895,12.923734287411468,0.22729272710738477,1323.3822097459947,6.692427536322186,16.542277621824937,0.08365534420402695,80.0,0.0,0.0,0.0,0.0,0.0,0.0,0.0,0.0,0.0
forest_co_management,high_actor,no_spillover,local_cutoff,5,0.0,0.0,0.0,0.0,0.0,0.0,15.905446252291416,0.06709300707503003,1146.4491067703486,1.9966782058126167,14.330613834629357,0.024958477572657067,80.0,0.0,10.385233128061273,4.264992416814908,0.0,0.0,0.0,0.0,0.0,0.0
forest_co_management,high_actor,no_spillover,local_state,5,0.0,0.0,0.0,0.0,0.013125000000000001,0.022856979990288226,12.92611714972497,0.2250753799940355,1323.3871436073991,6.915486756621554,16.54233929509249,0.08644358445777,80.0,0.0,0.0019224702159737895,0.003227479748393269,0.0,0.0,0.0,0.0,0.0,0.0
forest_co_management,high_actor,no_spillover,none,5,0.0,0.0,0.0,0.0,0.0128125,0.023094525313888895,12.923734287411468,0.22729272710738477,1323.3822097459947,6.692427536322186,16.542277621824937,0.08365534420402695,80.0,0.0,0.0,0.0,0.0,0.0,0.0,0.0,0.0,0.0
forest_co_management,high_actor,no_weather,joint_reference,5,0.0,0.0,0.0,0.0,0.08249999999999999,0.08820950057538997,12.42171711520358,0.1940197132788241,1166.3586315261923,32.787562329485,14.579482894077401,0.40984452911856256,80.0,0.0,0.0,0.0,0.0,0.0,0.0,0.0,0.0,0.0
forest_co_management,high_actor,no_weather,local_cutoff,5,0.0,0.0,0.0,0.0,0.0,0.0,15.447566804064428,0.034768284670245925,1147.0672199684352,1.8641316112171107,14.33834024960544,0.023301645140214315,80.0,0.0,10.405925232658301,4.281198641392686,0.0,0.0,0.0,0.0,0.0,0.0
forest_co_management,high_actor,no_weather,local_state,5,0.0,0.0,0.0,0.0,0.0925,0.09351201484051033,12.413836603588072,0.19943417935078162,1165.7672019000813,33.86465064563993,14.572090023751016,0.42330813307049886,80.0,0.0,0.003978973531393007,0.004469447683814764,0.0,0.0,0.0,0.0,0.0,0.0
forest_co_management,high_actor,no_weather,none,5,0.0,0.0,0.0,0.0,0.08249999999999999,0.08820950057538997,12.42171711520358,0.1940197132788241,1166.3586315261923,32.787562329485,14.579482894077401,0.40984452911856256,80.0,0.0,0.0,0.0,0.0,0.0,0.0,0.0,0.0,0.0
forest_co_management,low_actor,base,communication,5,0.0,0.0,0.0,0.0,0.042499999999999996,0.07511970985211121,12.75269325723868,0.6753052074251252,1176.518310398118,42.53954624700841,14.706478879976476,0.5317443280876051,80.0,0.0,0.0,0.0,0.0,0.0,0.0,0.0,0.0,0.0
forest_co_management,low_actor,base,joint_reference,5,0.001875,0.004206036566152978,0.0,0.0,0.049375,0.034504338917278526,12.237273030166467,0.4402988027680185,1179.064791538814,39.08309980625817,14.738309894235176,0.4885387475782279,80.0,0.0,0.0006405452776513688,0.0017784388007927078,0.0,0.0,0.0,0.0,0.0,0.0
forest_co_management,low_actor,base,local_cutoff,5,0.0,0.0,0.0,0.0,0.0,0.0,15.324529113032487,0.06811523670791975,1146.15615372635,3.7596749223298076,14.326951921579376,0.04699593652912198,80.0,0.0,10.533851106150255,3.0399221598457586,0.0,0.0,0.0,0.0,0.0,0.0
forest_co_management,low_actor,base,local_state,5,0.0003125,0.0008676390953743121,0.0,0.0,0.0346875,0.03498641018039002,12.30612838378019,0.4633696471916336,1186.6317026526622,42.13499851817327,14.832896283158274,0.5266874814771669,80.0,0.0,0.11388617552391547,0.1495271697899014,0.0,0.0,0.0,0.0,0.025,0.06941112762994499
forest_co_management,low_actor,base,neighborhood_off,5,0.0,0.0,0.0,0.0,0.4453125,0.09781644797137666,14.976280736472324,0.288111758955707,1035.8815661985368,21.259996410861643,12.948519577481708,0.26574995513577154,80.0,0.0,0.7298884086572393,0.49651292402081093,0.0,0.0,0.0,0.0,0.0,0.0
forest_co_management,low_actor,base,neighborhood_on,5,0.0,0.0,0.0,0.0,0.4340624999999999,0.1633225451469919,15.324265341871776,0.5534990533248576,1029.954349533427,29.42933181822719,12.874429369167837,0.36786664772783956,80.0,0.0,0.6878875666535264,0.5018910347890082,0.0,0.0,0.0,0.0,0.0,0.0
forest_co_management,low_actor,base,none,5,0.0034375000000000005,0.008501092258228213,0.0,0.0,0.049375,0.034504338917278526,12.235709702844451,0.4394601008106134,1179.1086575258646,39.121812507281845,14.738858219073311,0.48902265634102404,80.0,0.0,0.0,0.0,0.0,0.0,0.0,0.0,0.0,0.0
forest_co_management,low_actor,base,signal_only,5,0.0,0.0,0.0,0.0,0.671875,0.04658260492379947,15.121852071251073,0.40032676087430447,1048.413992098071,38.33512070405222,13.105174901225888,0.4791890088006528,80.0,0.0,0.0,0.0,0.0,0.0,0.0,0.0,0.0,0.0
forest_co_management,low_actor,base,uniform_off,5,0.0,0.0,0.0,0.0,0.6490625000000001,0.038082339424686,15.243875196091839,0.4164335150254224,1020.2997412836905,25.4483183422033,12.753746766046131,0.31810397927754197,80.0,0.0,0.7434427955830157,0.549915230731725,0.0,0.0,0.0,0.0,0.0,0.0
forest_co_management,low_actor,base,uniform_on,5,0.0,0.0,0.0,0.0,0.6103124999999999,0.07171287752686883,15.478922582746659,0.49927289762110244,1013.1456263838496,32.44886827571626,12.66432032979812,0.405610853446453,80.0,0.0,0.697924510492336,0.5366550870322869,0.0,0.0,0.0,0.0,0.0,0.0
forest_co_management,low_actor,neither,joint_reference,5,0.0,0.0,0.0,0.0,0.0,0.0,12.77426959489765,0.6557621495358615,1318.3550268268998,11.934780076739264,16.47943783533625,0.14918475095924189,80.0,0.0,0.0,0.0,0.0,0.0,0.0,0.0,0.0,0.0
forest_co_management,low_actor,neither,local_cutoff,5,0.0,0.0,0.0,0.0,0.0,0.0,15.97205075387242,0.03134266965846342,1148.4004883212824,2.129071258948678,14.35500610401603,0.02661339073685816,80.0,0.0,10.789797749117522,2.9782443965444276,0.0,0.0,0.0,0.0,0.0,0.0
forest_co_management,low_actor,neither,local_state,5,0.0,0.0,0.0,0.0,0.0025,0.006941112762994497,12.758204262666244,0.6649422602052706,1317.630558929325,10.604231599882004,16.470381986616562,0.1325528949985253,80.0,0.0,0.1993427736590508,0.5246458585024547,0.0,0.0,0.0,0.0,0.0,0.0
forest_co_management,low_actor,neither,none,5,0.0,0.0,0.0,0.0,0.0,0.0,12.77426959489765,0.6557621495358615,1318.3550268268998,11.934780076739264,16.47943783533625,0.14918475095924189,80.0,0.0,0.0,0.0,0.0,0.0,0.0,0.0,0.0,0.0
forest_co_management,low_actor,no_spillover,joint_reference,5,0.0,0.0,0.0,0.0,0.0053125,0.007336554258456061,12.759979004643323,0.6241706447023376,1313.7489440953166,8.224727389119353,16.421861801191454,0.10280909236399158,80.0,0.0,0.0,0.0,0.0,0.0,0.0,0.0,0.0,0.0
forest_co_management,low_actor,no_spillover,local_cutoff,5,0.0,0.0,0.0,0.0,0.0,0.0,15.879244950616814,0.05065181998448132,1147.943971652819,2.621816202397683,14.349299645660244,0.03277270252997092,80.0,0.0,10.745210567231283,2.9677144387282888,0.0,0.0,0.0,0.0,0.0,0.0
forest_co_management,low_actor,no_spillover,local_state,5,0.0,0.0,0.0,0.0,0.003125,0.0045499378012346225,12.77280379046176,0.6067485715884366,1314.5599291991598,8.295163249679968,16.431999114989498,0.10368954062100016,80.0,0.0,0.09713413751832695,0.20291976237527845,0.0,0.0,0.0,0.0,0.0,0.0
forest_co_management,low_actor,no_spillover,none,5,0.0,0.0,0.0,0.0,0.0053125,0.007336554258456061,12.759979004643323,0.6241706447023376,1313.7489440953166,8.224727389119353,16.421861801191454,0.10280909236399158,80.0,0.0,0.0,0.0,0.0,0.0,0.0,0.0,0.0,0.0
forest_co_management,low_actor,no_weather,joint_reference,5,0.0,0.0,0.0,0.0,0.052500000000000005,0.049569460011370504,12.29981835245538,0.5118062128401186,1185.5745142200772,49.83072875288687,14.819681427750965,0.6228841094110856,80.0,0.0,0.0,0.0,0.0,0.0,0.0,0.0,0.0,0.0
forest_co_management,low_actor,no_weather,local_cutoff,5,0.0,0.0,0.0,0.0,0.0,0.0,15.426092622193568,0.03733276212146641,1148.2975097602425,1.9984997247100988,14.353718872003032,0.02498124655887589,80.0,0.0,10.754622668805675,2.9964740071470994,0.0,0.0,0.0,0.0,0.0,0.0
forest_co_management,low_actor,no_weather,local_state,5,0.0,0.0,0.0,0.0,0.06000000000000001,0.06342673232516811,12.332195825529661,0.46325569969822805,1189.2077719127108,46.487906892857964,14.865097148908884,0.5810988361607243,80.0,0.0,0.07622635197492597,0.09284004639965927,0.0,0.0,0.0,0.0,0.0,0.0
forest_co_management,low_actor,no_weather,none,5,0.0,0.0,0.0,0.0,0.052500000000000005,0.049569460011370504,12.29981835245538,0.5118062128401186,1185.5745142200772,49.83072875288687,14.819681427750965,0.6228841094110856,80.0,0.0,0.0,0.0,0.0,0.0,0.0,0.0,0.0,0.0
