scenario,actor,left,right,metric,difference,ci_half,n_pairs
community_irrigation,high_actor,uniform_on,uniform_off,global_unsafe_rate,0.0,0.0,5
community_irrigation,high_actor,uniform_on,uniform_off,local_pass_global_fail_rate,0.0,0.0,5
community_irrigation,high_actor,uniform_on,uniform_off,approval_coverage,-0.0384375,0.05170648581916657,5
community_irrigation,high_actor,uniform_on,uniform_off,mean_patch_health,0.09655067333800282,0.11835492834298143,5
community_irrigation,high_actor,uniform_on,uniform_off,total_welfare,-3.1655372738856387,5.081580323138361,5
community_irrigation,high_actor,uniform_on,uniform_off,mean_welfare,-0.03956921592357041,0.06351975403922946,5
community_irrigation,high_actor,uniform_on,uniform_off,t_end,0.0,0.0,5
community_irrigation,high_actor,uniform_on,uniform_off,mean_prevented_harvest,-0.06806650024662153,0.09982485545702839,5
community_irrigation,high_actor,uniform_on,uniform_off,any_approved_onset,0.0,0.0,5
community_irrigation,high_actor,uniform_on,uniform_off,any_clean_prefix_onset,0.0,0.0,5
community_irrigation,high_actor,uniform_on,uniform_off,any_own_model_onset,0.0,0.0,5
community_irrigation,high_actor,neighborhood_on,neighborhood_off,global_unsafe_rate,0.0,0.0,5
community_irrigation,high_actor,neighborhood_on,neighborhood_off,local_pass_global_fail_rate,0.0,0.0,5
community_irrigation,high_actor,neighborhood_on,neighborhood_off,approval_coverage,-0.018437499999999996,0.0367442852057388,5
community_irrigation,high_actor,neighborhood_on,neighborhood_off,mean_patch_health,0.11798103390758925,0.10658614484916755,5
community_irrigation,high_actor,neighborhood_on,neighborhood_off,total_welfare,-3.4481789674775882,5.173361615819422,5
community_irrigation,high_actor,neighborhood_on,neighborhood_off,mean_welfare,-0.04310223709346985,0.0646670201977414,5
community_irrigation,high_actor,neighborhood_on,neighborhood_off,t_end,0.0,0.0,5
community_irrigation,high_actor,neighborhood_on,neighborhood_off,mean_prevented_harvest,-0.06459461711257915,0.08956857203879719,5
community_irrigation,high_actor,neighborhood_on,neighborhood_off,any_approved_onset,0.0,0.0,5
community_irrigation,high_actor,neighborhood_on,neighborhood_off,any_clean_prefix_onset,0.0,0.0,5
community_irrigation,high_actor,neighborhood_on,neighborhood_off,any_own_model_onset,0.0,0.0,5
community_irrigation,high_actor,neighborhood_on,uniform_on,global_unsafe_rate,0.0,0.0,5
community_irrigation,high_actor,neighborhood_on,uniform_on,local_pass_global_fail_rate,0.0,0.0,5
community_irrigation,high_actor,neighborhood_on,uniform_on,approval_coverage,-0.1103125,0.1327913061093589,5
community_irrigation,high_actor,neighborhood_on,uniform_on,mean_patch_health,-0.18302296780131755,0.163568716278743,5
community_irrigation,high_actor,neighborhood_on,uniform_on,total_welfare,22.46550659554132,17.039016624513486,5
community_irrigation,high_actor,neighborhood_on,uniform_on,mean_welfare,0.2808188324442661,0.2129877078064182,5
community_irrigation,high_actor,neighborhood_on,uniform_on,t_end,0.0,0.0,5
community_irrigation,high_actor,neighborhood_on,uniform_on,mean_prevented_harvest,-0.027907612337737153,0.09926633372307732,5
community_irrigation,high_actor,neighborhood_on,uniform_on,any_approved_onset,0.0,0.0,5
community_irrigation,high_actor,neighborhood_on,uniform_on,any_clean_prefix_onset,0.0,0.0,5
community_irrigation,high_actor,neighborhood_on,uniform_on,any_own_model_onset,0.0,0.0,5
community_irrigation,high_actor,neighborhood_off,uniform_off,global_unsafe_rate,0.0,0.0,5
community_irrigation,high_actor,neighborhood_off,uniform_off,local_pass_global_fail_rate,0.0,0.0,5
community_irrigation,high_actor,neighborhood_off,uniform_off,approval_coverage,-0.1303125,0.15833878635530327,5
community_irrigation,high_actor,neighborhood_off,uniform_off,mean_patch_health,-0.20445332837090396,0.1981268189785628,5
community_irrigation,high_actor,neighborhood_off,uniform_off,total_welfare,22.74814828913327,17.36036071134666,5
community_irrigation,high_actor,neighborhood_off,uniform_off,mean_welfare,0.2843518536141655,0.21700450889183243,5
community_irrigation,high_actor,neighborhood_off,uniform_off,t_end,0.0,0.0,5
community_irrigation,high_actor,neighborhood_off,uniform_off,mean_prevented_harvest,-0.03137949547177954,0.1105086767687832,5
community_irrigation,high_actor,neighborhood_off,uniform_off,any_approved_onset,0.0,0.0,5
community_irrigation,high_actor,neighborhood_off,uniform_off,any_clean_prefix_onset,0.0,0.0,5
community_irrigation,high_actor,neighborhood_off,uniform_off,any_own_model_onset,0.0,0.0,5
community_irrigation,high_actor,uniform_off,signal_only,global_unsafe_rate,0.0,0.0,5
community_irrigation,high_actor,uniform_off,signal_only,local_pass_global_fail_rate,0.0,0.0,5
community_irrigation,high_actor,uniform_off,signal_only,approval_coverage,-0.03406250000000002,0.02527347944880022,5
community_irrigation,high_actor,uniform_off,signal_only,mean_patch_health,0.13648162447814016,0.17606493735055692,5
community_irrigation,high_actor,uniform_off,signal_only,total_welfare,-31.411055438487075,21.858606388525992,5
community_irrigation,high_actor,uniform_off,signal_only,mean_welfare,-0.392638192981088,0.27323257985657456,5
community_irrigation,high_actor,uniform_off,signal_only,t_end,0.0,0.0,5
community_irrigation,high_actor,uniform_off,signal_only,mean_prevented_harvest,1.0601390389157779,0.5695382191237114,5
community_irrigation,high_actor,uniform_off,signal_only,any_approved_onset,0.0,0.0,5
community_irrigation,high_actor,uniform_off,signal_only,any_clean_prefix_onset,0.0,0.0,5
community_irrigation,high_actor,uniform_off,signal_only,any_own_model_onset,0.0,0.0,5
community_irrigation,high_actor,local_state,local_cutoff,global_unsafe_rate,0.0,0.0,5
community_irrigation,high_actor,local_state,local_cutoff,local_pass_global_fail_rate,0.0,0.0,5
community_irrigation,high_actor,local_state,local_cutoff,approval_coverage,0.0003125,0.0008676390953743121,5
community_irrigation,high_actor,local_state,local_cutoff,mean_patch_health,-4.262886424486626,0.08727946843370936,5
community_irrigation,high_actor,local_state,local_cutoff,total_welfare,247.26330480277642,15.401736779283839,5
community_irrigation,high_actor,local_state,local_cutoff,mean_welfare,3.0907913100347058,0.19252170974104837,5
community_irrigation,high_actor,local_state,local_cutoff,t_end,0.0,0.0,5
community_irrigation,high_actor,local_state,local_cutoff,mean_prevented_harvest,-10.145059234095978,1.971581498358626,5
community_irrigation,high_actor,local_state,local_cutoff,any_approved_onset,0.0,0.0,5
community_irrigation,high_actor,local_state,local_cutoff,any_clean_prefix_onset,0.0,0.0,5
community_irrigation,high_actor,local_state,local_cutoff,any_own_model_onset,0.0,0.0,5
community_irrigation,high_actor,joint_reference,local_state,global_unsafe_rate,0.0,0.0,5
community_irrigation,high_actor,joint_reference,local_state,local_pass_global_fail_rate,0.0,0.0,5
community_irrigation,high_actor,joint_reference,local_state,approval_coverage,0.0,0.0,5
community_irrigation,high_actor,joint_reference,local_state,mean_patch_health,0.0,0.0,5
community_irrigation,high_actor,joint_reference,local_state,total_welfare,0.0,0.0,5
community_irrigation,high_actor,joint_reference,local_state,mean_welfare,0.0,0.0,5
community_irrigation,high_actor,joint_reference,local_state,t_end,0.0,0.0,5
community_irrigation,high_actor,joint_reference,local_state,mean_prevented_harvest,0.0,0.0,5
community_irrigation,high_actor,joint_reference,local_state,any_approved_onset,0.0,0.0,5
community_irrigation,high_actor,joint_reference,local_state,any_clean_prefix_onset,0.0,0.0,5
community_irrigation,high_actor,joint_reference,local_state,any_own_model_onset,0.0,0.0,5
community_irrigation,low_actor,uniform_on,uniform_off,global_unsafe_rate,0.0,0.0,5
community_irrigation,low_actor,uniform_on,uniform_off,local_pass_global_fail_rate,0.0,0.0,5
community_irrigation,low_actor,uniform_on,uniform_off,approval_coverage,-0.02468750000000002,0.040542984093567144,5
community_irrigation,low_actor,uniform_on,uniform_off,mean_patch_health,0.09126718923274808,0.12001452281556658,5
community_irrigation,low_actor,uniform_on,uniform_off,total_welfare,-4.541799940469218,10.25258942906636,5
community_irrigation,low_actor,uniform_on,uniform_off,mean_welfare,-0.056772499255864514,0.1281573678633288,5
community_irrigation,low_actor,uniform_on,uniform_off,t_end,0.0,0.0,5
community_irrigation,low_actor,uniform_on,uniform_off,mean_prevented_harvest,-0.026223660939351728,0.05267349656332521,5
community_irrigation,low_actor,uniform_on,uniform_off,any_approved_onset,0.0,0.0,5
community_irrigation,low_actor,uniform_on,uniform_off,any_clean_prefix_onset,0.0,0.0,5
community_irrigation,low_actor,uniform_on,uniform_off,any_own_model_onset,0.0,0.0,5
community_irrigation,low_actor,neighborhood_on,neighborhood_off,global_unsafe_rate,0.0,0.0,5
community_irrigation,low_actor,neighborhood_on,neighborhood_off,local_pass_global_fail_rate,0.0,0.0,5
community_irrigation,low_actor,neighborhood_on,neighborhood_off,approval_coverage,-0.033125000000000016,0.051538784725406225,5
community_irrigation,low_actor,neighborhood_on,neighborhood_off,mean_patch_health,0.10703960867740854,0.23516629550420504,5
community_irrigation,low_actor,neighborhood_on,neighborhood_off,total_welfare,-5.872742919673465,15.8058077211709,5
community_irrigation,low_actor,neighborhood_on,neighborhood_off,mean_welfare,-0.07340928649591874,0.1975725965146367,5
community_irrigation,low_actor,neighborhood_on,neighborhood_off,t_end,0.0,0.0,5
community_irrigation,low_actor,neighborhood_on,neighborhood_off,mean_prevented_harvest,-0.026095289367177633,0.04158934254634134,5
community_irrigation,low_actor,neighborhood_on,neighborhood_off,any_approved_onset,0.0,0.0,5
community_irrigation,low_actor,neighborhood_on,neighborhood_off,any_clean_prefix_onset,0.0,0.0,5
community_irrigation,low_actor,neighborhood_on,neighborhood_off,any_own_model_onset,0.0,0.0,5
community_irrigation,low_actor,neighborhood_on,uniform_on,global_unsafe_rate,0.0,0.0,5
community_irrigation,low_actor,neighborhood_on,uniform_on,local_pass_global_fail_rate,0.0,0.0,5
community_irrigation,low_actor,neighborhood_on,uniform_on,approval_coverage,-0.131875,0.11118482713696248,5
community_irrigation,low_actor,neighborhood_on,uniform_on,mean_patch_health,-0.09479353112648958,0.14420481563007637,5
community_irrigation,low_actor,neighborhood_on,uniform_on,total_welfare,2.8995926376574515,12.327374611675115,5
community_irrigation,low_actor,neighborhood_on,uniform_on,mean_welfare,0.036244907970717576,0.1540921826459389,5
community_irrigation,low_actor,neighborhood_on,uniform_on,t_end,0.0,0.0,5
community_irrigation,low_actor,neighborhood_on,uniform_on,mean_prevented_harvest,0.01103453708986068,0.012037328641827638,5
community_irrigation,low_actor,neighborhood_on,uniform_on,any_approved_onset,0.0,0.0,5
community_irrigation,low_actor,neighborhood_on,uniform_on,any_clean_prefix_onset,0.0,0.0,5
community_irrigation,low_actor,neighborhood_on,uniform_on,any_own_model_onset,0.0,0.0,5
community_irrigation,low_actor,neighborhood_off,uniform_off,global_unsafe_rate,0.0,0.0,5
community_irrigation,low_actor,neighborhood_off,uniform_off,local_pass_global_fail_rate,0.0,0.0,5
community_irrigation,low_actor,neighborhood_off,uniform_off,approval_coverage,-0.1234375,0.08645970255692537,5
community_irrigation,low_actor,neighborhood_off,uniform_off,mean_patch_health,-0.11056595057115004,0.16876263562703353,5
community_irrigation,low_actor,neighborhood_off,uniform_off,total_welfare,4.230535616861698,14.15931052102519,5
community_irrigation,low_actor,neighborhood_off,uniform_off,mean_welfare,0.052881695210771795,0.176991381512816,5
community_irrigation,low_actor,neighborhood_off,uniform_off,t_end,0.0,0.0,5
community_irrigation,low_actor,neighborhood_off,uniform_off,mean_prevented_harvest,0.010906165517686583,0.020834187039979756,5
community_irrigation,low_actor,neighborhood_off,uniform_off,any_approved_onset,0.0,0.0,5
community_irrigation,low_actor,neighborhood_off,uniform_off,any_clean_prefix_onset,0.0,0.0,5
community_irrigation,low_actor,neighborhood_off,uniform_off,any_own_model_onset,0.0,0.0,5
community_irrigation,low_actor,uniform_off,signal_only,global_unsafe_rate,0.0,0.0,5
community_irrigation,low_actor,uniform_off,signal_only,local_pass_global_fail_rate,0.0,0.0,5
community_irrigation,low_actor,uniform_off,signal_only,approval_coverage,-0.016562500000000015,0.011928065491367398,5
community_irrigation,low_actor,uniform_off,signal_only,mean_patch_health,0.046720903353906704,0.05118334802066082,5
community_irrigation,low_actor,uniform_off,signal_only,total_welfare,-11.445050310363285,6.616734116188172,5
community_irrigation,low_actor,uniform_off,signal_only,mean_welfare,-0.14306312887954142,0.08270917645235192,5
community_irrigation,low_actor,uniform_off,signal_only,t_end,0.0,0.0,5
community_irrigation,low_actor,uniform_off,signal_only,mean_prevented_harvest,0.42209265814129526,0.17041165895061447,5
community_irrigation,low_actor,uniform_off,signal_only,any_approved_onset,0.0,0.0,5
community_irrigation,low_actor,uniform_off,signal_only,any_clean_prefix_onset,0.0,0.0,5
community_irrigation,low_actor,uniform_off,signal_only,any_own_model_onset,0.0,0.0,5
community_irrigation,low_actor,local_state,local_cutoff,global_unsafe_rate,0.0,0.0,5
community_irrigation,low_actor,local_state,local_cutoff,local_pass_global_fail_rate,0.0,0.0,5
community_irrigation,low_actor,local_state,local_cutoff,approval_coverage,0.009375,0.01617396568371929,5
community_irrigation,low_actor,local_state,local_cutoff,mean_patch_health,-4.033587578504903,0.5442111818611187,5
community_irrigation,low_actor,local_state,local_cutoff,total_welfare,233.02879957143756,12.627378216491433,5
community_irrigation,low_actor,local_state,local_cutoff,mean_welfare,2.9128599946429703,0.15784222770614315,5
community_irrigation,low_actor,local_state,local_cutoff,t_end,0.0,0.0,5
community_irrigation,low_actor,local_state,local_cutoff,mean_prevented_harvest,-9.648711015392333,3.213871099403687,5
community_irrigation,low_actor,local_state,local_cutoff,any_approved_onset,0.0,0.0,5
community_irrigation,low_actor,local_state,local_cutoff,any_clean_prefix_onset,0.0,0.0,5
community_irrigation,low_actor,local_state,local_cutoff,any_own_model_onset,0.0,0.0,5
community_irrigation,low_actor,joint_reference,local_state,global_unsafe_rate,0.0,0.0,5
community_irrigation,low_actor,joint_reference,local_state,local_pass_global_fail_rate,0.0,0.0,5
community_irrigation,low_actor,joint_reference,local_state,approval_coverage,0.0,0.0,5
community_irrigation,low_actor,joint_reference,local_state,mean_patch_health,-0.017545576849292387,0.04611939861279743,5
community_irrigation,low_actor,joint_reference,local_state,total_welfare,-1.16935536348592,2.5108833046479115,5
community_irrigation,low_actor,joint_reference,local_state,mean_welfare,-0.014616942043574,0.0313860413081007,5
community_irrigation,low_actor,joint_reference,local_state,t_end,0.0,0.0,5
community_irrigation,low_actor,joint_reference,local_state,mean_prevented_harvest,-0.0021246082436709697,0.0036168406602032853,5
community_irrigation,low_actor,joint_reference,local_state,any_approved_onset,0.0,0.0,5
community_irrigation,low_actor,joint_reference,local_state,any_clean_prefix_onset,0.0,0.0,5
community_irrigation,low_actor,joint_reference,local_state,any_own_model_onset,0.0,0.0,5
forest_co_management,high_actor,uniform_on,uniform_off,global_unsafe_rate,0.0,0.0,5
forest_co_management,high_actor,uniform_on,uniform_off,local_pass_global_fail_rate,0.0,0.0,5
forest_co_management,high_actor,uniform_on,uniform_off,approval_coverage,-0.023125000000000017,0.03411488076081666,5
forest_co_management,high_actor,uniform_on,uniform_off,mean_patch_health,0.1523230298717845,0.1667976049991472,5
forest_co_management,high_actor,uniform_on,uniform_off,total_welfare,-6.848856459697163,8.37913672611611,5
forest_co_management,high_actor,uniform_on,uniform_off,mean_welfare,-0.08561070574621539,0.10473920907645169,5
forest_co_management,high_actor,uniform_on,uniform_off,t_end,0.0,0.0,5
forest_co_management,high_actor,uniform_on,uniform_off,mean_prevented_harvest,-0.03637114372668408,0.06876998798856893,5
forest_co_management,high_actor,uniform_on,uniform_off,any_approved_onset,0.0,0.0,5
forest_co_management,high_actor,uniform_on,uniform_off,any_clean_prefix_onset,0.0,0.0,5
forest_co_management,high_actor,uniform_on,uniform_off,any_own_model_onset,0.0,0.0,5
forest_co_management,high_actor,neighborhood_on,neighborhood_off,global_unsafe_rate,0.0,0.0,5
forest_co_management,high_actor,neighborhood_on,neighborhood_off,local_pass_global_fail_rate,0.0,0.0,5
forest_co_management,high_actor,neighborhood_on,neighborhood_off,approval_coverage,-0.020312499999999983,0.04099537341703954,5
forest_co_management,high_actor,neighborhood_on,neighborhood_off,mean_patch_health,0.1267415439938489,0.15906541420764514,5
forest_co_management,high_actor,neighborhood_on,neighborhood_off,total_welfare,-4.969611624871936,6.412267592297672,5
forest_co_management,high_actor,neighborhood_on,neighborhood_off,mean_welfare,-0.06212014531089842,0.08015334490372086,5
forest_co_management,high_actor,neighborhood_on,neighborhood_off,t_end,0.0,0.0,5
forest_co_management,high_actor,neighborhood_on,neighborhood_off,mean_prevented_harvest,-0.02154849797870505,0.07678324771652341,5
forest_co_management,high_actor,neighborhood_on,neighborhood_off,any_approved_onset,0.0,0.0,5
forest_co_management,high_actor,neighborhood_on,neighborhood_off,any_clean_prefix_onset,0.0,0.0,5
forest_co_management,high_actor,neighborhood_on,neighborhood_off,any_own_model_onset,0.0,0.0,5
forest_co_management,high_actor,neighborhood_on,uniform_on,global_unsafe_rate,0.0,0.0,5
forest_co_management,high_actor,neighborhood_on,uniform_on,local_pass_global_fail_rate,0.0,0.0,5
forest_co_management,high_actor,neighborhood_on,uniform_on,approval_coverage,-0.10374999999999997,0.11747301477844242,5
forest_co_management,high_actor,neighborhood_on,uniform_on,mean_patch_health,-0.14227557595989496,0.21107401713720358,5
forest_co_management,high_actor,neighborhood_on,uniform_on,total_welfare,8.371863590634007,17.804018444010058,5
forest_co_management,high_actor,neighborhood_on,uniform_on,mean_welfare,0.10464829488292615,0.22255023055012574,5
forest_co_management,high_actor,neighborhood_on,uniform_on,t_end,0.0,0.0,5
forest_co_management,high_actor,neighborhood_on,uniform_on,mean_prevented_harvest,-0.005791189990265633,0.12891908170686675,5
forest_co_management,high_actor,neighborhood_on,uniform_on,any_approved_onset,0.0,0.0,5
forest_co_management,high_actor,neighborhood_on,uniform_on,any_clean_prefix_onset,0.0,0.0,5
forest_co_management,high_actor,neighborhood_on,uniform_on,any_own_model_onset,0.0,0.0,5
forest_co_management,high_actor,neighborhood_off,uniform_off,global_unsafe_rate,0.0,0.0,5
forest_co_management,high_actor,neighborhood_off,uniform_off,local_pass_global_fail_rate,0.0,0.0,5
forest_co_management,high_actor,neighborhood_off,uniform_off,approval_coverage,-0.1065625,0.12832115297060545,5
forest_co_management,high_actor,neighborhood_off,uniform_off,mean_patch_health,-0.11669409008195934,0.20461315935906807,5
forest_co_management,high_actor,neighborhood_off,uniform_off,total_welfare,6.49261875580878,14.323966743591841,5
forest_co_management,high_actor,neighborhood_off,uniform_off,mean_welfare,0.08115773444760918,0.1790495842948984,5
forest_co_management,high_actor,neighborhood_off,uniform_off,t_end,0.0,0.0,5
forest_co_management,high_actor,neighborhood_off,uniform_off,mean_prevented_harvest,-0.020613835738244667,0.10219465921779326,5
forest_co_management,high_actor,neighborhood_off,uniform_off,any_approved_onset,0.0,0.0,5
forest_co_management,high_actor,neighborhood_off,uniform_off,any_clean_prefix_onset,0.0,0.0,5
forest_co_management,high_actor,neighborhood_off,uniform_off,any_own_model_onset,0.0,0.0,5
forest_co_management,high_actor,uniform_off,signal_only,global_unsafe_rate,0.0,0.0,5
forest_co_management,high_actor,uniform_off,signal_only,local_pass_global_fail_rate,0.0,0.0,5
forest_co_management,high_actor,uniform_off,signal_only,approval_coverage,-0.014375000000000032,0.056553166161087506,5
forest_co_management,high_actor,uniform_off,signal_only,mean_patch_health,0.05504339169330343,0.15715138915403173,5
forest_co_management,high_actor,uniform_off,signal_only,total_welfare,-39.07094176954827,23.199276917343255,5
forest_co_management,high_actor,uniform_off,signal_only,mean_welfare,-0.4883867721193532,0.28999096146678915,5
forest_co_management,high_actor,uniform_off,signal_only,t_end,0.0,0.0,5
forest_co_management,high_actor,uniform_off,signal_only,mean_prevented_harvest,1.1848616637779332,0.817367621540207,5
forest_co_management,high_actor,uniform_off,signal_only,any_approved_onset,0.0,0.0,5
forest_co_management,high_actor,uniform_off,signal_only,any_clean_prefix_onset,0.0,0.0,5
forest_co_management,high_actor,uniform_off,signal_only,any_own_model_onset,0.0,0.0,5
forest_co_management,high_actor,local_state,local_cutoff,global_unsafe_rate,0.0,0.0,5
forest_co_management,high_actor,local_state,local_cutoff,local_pass_global_fail_rate,0.0,0.0,5
forest_co_management,high_actor,local_state,local_cutoff,approval_coverage,0.09593750000000001,0.07647538527537318,5
forest_co_management,high_actor,local_state,local_cutoff,mean_patch_health,-2.94894569369142,0.20229298635391385,5
forest_co_management,high_actor,local_state,local_cutoff,total_welfare,19.262515317944917,28.37253312317357,5
forest_co_management,high_actor,local_state,local_cutoff,mean_welfare,0.2407814414743111,0.35465666403967006,5
forest_co_management,high_actor,local_state,local_cutoff,t_end,0.0,0.0,5
forest_co_management,high_actor,local_state,local_cutoff,mean_prevented_harvest,-10.322987284551516,4.29628979539415,5
forest_co_management,high_actor,local_state,local_cutoff,any_approved_onset,0.0,0.0,5
forest_co_management,high_actor,local_state,local_cutoff,any_clean_prefix_onset,0.0,0.0,5
forest_co_management,high_actor,local_state,local_cutoff,any_own_model_onset,0.0,0.0,5
forest_co_management,high_actor,joint_reference,local_state,global_unsafe_rate,0.010312499999999999,0.028632090147352296,5
forest_co_management,high_actor,joint_reference,local_state,local_pass_global_fail_rate,0.0,0.0,5
forest_co_management,high_actor,joint_reference,local_state,approval_coverage,-0.003750000000000001,0.008299456631834935,5
forest_co_management,high_actor,joint_reference,local_state,mean_patch_health,-0.13901727501683575,0.3751993659942259,5
forest_co_management,high_actor,joint_reference,local_state,total_welfare,-11.428585404983641,31.588510847903528,5
forest_co_management,high_actor,joint_reference,local_state,mean_welfare,-0.1428573175622944,0.3948563855987945,5
forest_co_management,high_actor,joint_reference,local_state,t_end,0.0,0.0,5
forest_co_management,high_actor,joint_reference,local_state,mean_prevented_harvest,-0.004704906218522895,0.0057582432190734,5
forest_co_management,high_actor,joint_reference,local_state,any_approved_onset,0.0,0.0,5
forest_co_management,high_actor,joint_reference,local_state,any_clean_prefix_onset,0.0,0.0,5
forest_co_management,high_actor,joint_reference,local_state,any_own_model_onset,0.0,0.0,5
forest_co_management,low_actor,uniform_on,uniform_off,global_unsafe_rate,0.0,0.0,5
forest_co_management,low_actor,uniform_on,uniform_off,local_pass_global_fail_rate,0.0,0.0,5
forest_co_management,low_actor,uniform_on,uniform_off,approval_coverage,-0.03874999999999999,0.03506700556519144,5
forest_co_management,low_actor,uniform_on,uniform_off,mean_patch_health,0.235047386654821,0.12681677650009074,5
forest_co_management,low_actor,uniform_on,uniform_off,total_welfare,-7.154114899840943,10.321944417848597,5
forest_co_management,low_actor,uniform_on,uniform_off,mean_welfare,-0.08942643624801186,0.12902430522310662,5
forest_co_management,low_actor,uniform_on,uniform_off,t_end,0.0,0.0,5
forest_co_management,low_actor,uniform_on,uniform_off,mean_prevented_harvest,-0.04551828509067977,0.03585044530765265,5
forest_co_management,low_actor,uniform_on,uniform_off,any_approved_onset,0.0,0.0,5
forest_co_management,low_actor,uniform_on,uniform_off,any_clean_prefix_onset,0.0,0.0,5
forest_co_management,low_actor,uniform_on,uniform_off,any_own_model_onset,0.0,0.0,5
forest_co_management,low_actor,neighborhood_on,neighborhood_off,global_unsafe_rate,0.0,0.0,5
forest_co_management,low_actor,neighborhood_on,neighborhood_off,local_pass_global_fail_rate,0.0,0.0,5
forest_co_management,low_actor,neighborhood_on,neighborhood_off,approval_coverage,-0.011250000000000027,0.07069262243274076,5
forest_co_management,low_actor,neighborhood_on,neighborhood_off,mean_patch_health,0.34798460539945497,0.352415139547167,5
forest_co_management,low_actor,neighborhood_on,neighborhood_off,total_welfare,-5.927216665109586,12.114347898772358,5
forest_co_management,low_actor,neighborhood_on,neighborhood_off,mean_welfare,-0.07409020831387032,0.15142934873465305,5
forest_co_management,low_actor,neighborhood_on,neighborhood_off,t_end,0.0,0.0,5
forest_co_management,low_actor,neighborhood_on,neighborhood_off,mean_prevented_harvest,-0.04200084200371279,0.041371901729192286,5
forest_co_management,low_actor,neighborhood_on,neighborhood_off,any_approved_onset,0.0,0.0,5
forest_co_management,low_actor,neighborhood_on,neighborhood_off,any_clean_prefix_onset,0.0,0.0,5
forest_co_management,low_actor,neighborhood_on,neighborhood_off,any_own_model_onset,0.0,0.0,5
forest_co_management,low_actor,neighborhood_on,uniform_on,global_unsafe_rate,0.0,0.0,5
forest_co_management,low_actor,neighborhood_on,uniform_on,local_pass_global_fail_rate,0.0,0.0,5
forest_co_management,low_actor,neighborhood_on,uniform_on,approval_coverage,-0.17625000000000005,0.17570709253270964,5
forest_co_management,low_actor,neighborhood_on,uniform_on,mean_patch_health,-0.15465724087488048,0.12168064265418599,5
forest_co_management,low_actor,neighborhood_on,uniform_on,total_welfare,16.808723149577418,18.330212829428742,5
forest_co_management,low_actor,neighborhood_on,uniform_on,mean_welfare,0.21010903936971773,0.22912766036785953,5
forest_co_management,low_actor,neighborhood_on,uniform_on,t_end,0.0,0.0,5
forest_co_management,low_actor,neighborhood_on,uniform_on,mean_prevented_harvest,-0.01003694383880951,0.047706666559065414,5
forest_co_management,low_actor,neighborhood_on,uniform_on,any_approved_onset,0.0,0.0,5
forest_co_management,low_actor,neighborhood_on,uniform_on,any_clean_prefix_onset,0.0,0.0,5
forest_co_management,low_actor,neighborhood_on,uniform_on,any_own_model_onset,0.0,0.0,5
forest_co_management,low_actor,neighborhood_off,uniform_off,global_unsafe_rate,0.0,0.0,5
forest_co_management,low_actor,neighborhood_off,uniform_off,local_pass_global_fail_rate,0.0,0.0,5
forest_co_management,low_actor,neighborhood_off,uniform_off,approval_coverage,-0.20374999999999996,0.09459454884021413,5
forest_co_management,low_actor,neighborhood_off,uniform_off,mean_patch_health,-0.26759445961951445,0.20890307043510487,5
forest_co_management,low_actor,neighborhood_off,uniform_off,total_welfare,15.581824914846061,15.876112422265313,5
forest_co_management,low_actor,neighborhood_off,uniform_off,mean_welfare,0.19477281143557618,0.19845140527831664,5
forest_co_management,low_actor,neighborhood_off,uniform_off,t_end,0.0,0.0,5
forest_co_management,low_actor,neighborhood_off,uniform_off,mean_prevented_harvest,-0.013554386925776485,0.0819875001422156,5
forest_co_management,low_actor,neighborhood_off,uniform_off,any_approved_onset,0.0,0.0,5
forest_co_management,low_actor,neighborhood_off,uniform_off,any_clean_prefix_onset,0.0,0.0,5
forest_co_management,low_actor,neighborhood_off,uniform_off,any_own_model_onset,0.0,0.0,5
forest_co_management,low_actor,uniform_off,signal_only,global_unsafe_rate,0.0,0.0,5
forest_co_management,low_actor,uniform_off,signal_only,local_pass_global_fail_rate,0.0,0.0,5
forest_co_management,low_actor,uniform_off,signal_only,approval_coverage,-0.022812500000000013,0.02759446995721987,5
forest_co_management,low_actor,uniform_off,signal_only,mean_patch_health,0.1220231248407643,0.07435558341078669,5
forest_co_management,low_actor,uniform_off,signal_only,total_welfare,-28.114250814380625,14.637810032069822,5
forest_co_management,low_actor,uniform_off,signal_only,mean_welfare,-0.3514281351797578,0.18297262540087206,5
forest_co_management,low_actor,uniform_off,signal_only,t_end,0.0,0.0,5
forest_co_management,low_actor,uniform_off,signal_only,mean_prevented_harvest,0.7434427955830157,0.549915230731725,5
forest_co_management,low_actor,uniform_off,signal_only,any_approved_onset,0.0,0.0,5
forest_co_management,low_actor,uniform_off,signal_only,any_clean_prefix_onset,0.0,0.0,5
forest_co_management,low_actor,uniform_off,signal_only,any_own_model_onset,0.0,0.0,5
forest_co_management,low_actor,local_state,local_cutoff,global_unsafe_rate,0.0003125,0.0008676390953743121,5
forest_co_management,low_actor,local_state,local_cutoff,local_pass_global_fail_rate,0.0,0.0,5
forest_co_management,low_actor,local_state,local_cutoff,approval_coverage,0.0346875,0.03498641018039002,5
forest_co_management,low_actor,local_state,local_cutoff,mean_patch_health,-3.018400729252295,0.47947054238742565,5
forest_co_management,low_actor,local_state,local_cutoff,total_welfare,40.47554892631206,41.260524815749065,5
forest_co_management,low_actor,local_state,local_cutoff,mean_welfare,0.5059443615789008,0.5157565601968652,5
forest_co_management,low_actor,local_state,local_cutoff,t_end,0.0,0.0,5
forest_co_management,low_actor,local_state,local_cutoff,mean_prevented_harvest,-10.419964930626337,2.921597945564621,5
forest_co_management,low_actor,local_state,local_cutoff,any_approved_onset,0.0,0.0,5
forest_co_management,low_actor,local_state,local_cutoff,any_clean_prefix_onset,0.0,0.0,5
forest_co_management,low_actor,local_state,local_cutoff,any_own_model_onset,0.025,0.06941112762994499,5
forest_co_management,low_actor,joint_reference,local_state,global_unsafe_rate,0.0015625,0.004338195476871561,5
forest_co_management,low_actor,joint_reference,local_state,local_pass_global_fail_rate,0.0,0.0,5
forest_co_management,low_actor,joint_reference,local_state,approval_coverage,0.014687499999999997,0.01754691478087186,5
forest_co_management,low_actor,joint_reference,local_state,mean_patch_health,-0.06885535361372633,0.1274362672820201,5
forest_co_management,low_actor,joint_reference,local_state,total_welfare,-7.566911113848119,11.885168442642222,5
forest_co_management,low_actor,joint_reference,local_state,mean_welfare,-0.09458638892310205,0.14856460553302947,5
forest_co_management,low_actor,joint_reference,local_state,t_end,0.0,0.0,5
forest_co_management,low_actor,joint_reference,local_state,mean_prevented_harvest,-0.1132456302462641,0.15009040712164062,5
forest_co_management,low_actor,joint_reference,local_state,any_approved_onset,0.0,0.0,5
forest_co_management,low_actor,joint_reference,local_state,any_clean_prefix_onset,0.0,0.0,5
forest_co_management,low_actor,joint_reference,local_state,any_own_model_onset,-0.025,0.06941112762994499,5
