model,scenario,share,mechanism,metric,model_minus_anchors,ci_half,n_pairs
llama3_2_3b,community_irrigation,0.0,none,global_unsafe_rate,0.0,0.0,8
llama3_2_3b,community_irrigation,0.0,none,garden_failure_event,0.0,0.0,8
llama3_2_3b,community_irrigation,0.0,none,mean_patch_health,-0.5881639626012558,0.3431383090564784,8
llama3_2_3b,community_irrigation,0.0,none,total_welfare,56.76749999999993,8.324404594067143,8
llama3_2_3b,community_irrigation,0.0,uniform_off,global_unsafe_rate,0.0,0.0,8
llama3_2_3b,community_irrigation,0.0,uniform_off,garden_failure_event,0.0,0.0,8
llama3_2_3b,community_irrigation,0.0,uniform_off,mean_patch_health,-0.14153169295297596,0.0656345604981838,8
llama3_2_3b,community_irrigation,0.0,uniform_off,total_welfare,16.411874999999924,14.443689419733529,8
llama3_2_3b,community_irrigation,0.5,none,global_unsafe_rate,-0.012215054145201243,0.07680953505993751,8
llama3_2_3b,community_irrigation,0.5,none,garden_failure_event,0.0,0.0,8
llama3_2_3b,community_irrigation,0.5,none,mean_patch_health,-0.033476289545655735,0.4456912089831757,8
llama3_2_3b,community_irrigation,0.5,none,total_welfare,34.86108649722769,34.89089967240402,8
llama3_2_3b,community_irrigation,0.5,uniform_off,global_unsafe_rate,0.0,0.0,8
llama3_2_3b,community_irrigation,0.5,uniform_off,garden_failure_event,0.0,0.0,8
llama3_2_3b,community_irrigation,0.5,uniform_off,mean_patch_health,0.006444257544125032,0.14827989192618515,8
llama3_2_3b,community_irrigation,0.5,uniform_off,total_welfare,59.88330233012459,153.19979448342838,8
llama3_2_3b,community_irrigation,1.0,none,global_unsafe_rate,0.0072916666666666685,0.007158435133588503,8
llama3_2_3b,community_irrigation,1.0,none,garden_failure_event,0.0,0.0,8
llama3_2_3b,community_irrigation,1.0,none,mean_patch_health,0.7382960111377475,0.4530166989900237,8
llama3_2_3b,community_irrigation,1.0,none,total_welfare,10.070611452787134,6.608613467356718,8
llama3_2_3b,community_irrigation,1.0,uniform_off,global_unsafe_rate,-0.00234375,0.0036281483112898115,8
llama3_2_3b,community_irrigation,1.0,uniform_off,garden_failure_event,0.0,0.0,8
llama3_2_3b,community_irrigation,1.0,uniform_off,mean_patch_health,0.24420137286479027,0.16943155305820815,8
llama3_2_3b,community_irrigation,1.0,uniform_off,total_welfare,-97.97226733008779,109.40189066226716,8
llama3_2_3b,forest_co_management,0.0,none,global_unsafe_rate,0.06015625,0.07270727677917548,8
llama3_2_3b,forest_co_management,0.0,none,garden_failure_event,0.0,0.0,8
llama3_2_3b,forest_co_management,0.0,none,mean_patch_health,-0.6725610327514764,0.7010574814226237,8
llama3_2_3b,forest_co_management,0.0,none,total_welfare,53.96676052561993,32.37680129356711,8
llama3_2_3b,forest_co_management,0.0,uniform_off,global_unsafe_rate,0.0,0.0,8
llama3_2_3b,forest_co_management,0.0,uniform_off,garden_failure_event,0.0,0.0,8
llama3_2_3b,forest_co_management,0.0,uniform_off,mean_patch_health,-0.1571967674584076,0.04053418967249532,8
llama3_2_3b,forest_co_management,0.0,uniform_off,total_welfare,9.176249999999968,6.0503593598753875,8
llama3_2_3b,forest_co_management,0.5,none,global_unsafe_rate,0.022677669552669574,0.032665126699189376,8
llama3_2_3b,forest_co_management,0.5,none,garden_failure_event,0.0,0.0,8
llama3_2_3b,forest_co_management,0.5,none,mean_patch_health,-0.15845079095451597,0.5711196457139575,8
llama3_2_3b,forest_co_management,0.5,none,total_welfare,18.71662677147387,15.787457233273948,8
llama3_2_3b,forest_co_management,0.5,uniform_off,global_unsafe_rate,0.0011718750000000002,0.0027710440448352946,8
llama3_2_3b,forest_co_management,0.5,uniform_off,garden_failure_event,0.0,0.0,8
llama3_2_3b,forest_co_management,0.5,uniform_off,mean_patch_health,-0.08853685697775493,0.14711694845207754,8
llama3_2_3b,forest_co_management,0.5,uniform_off,total_welfare,55.261114446076036,92.30496436835705,8
llama3_2_3b,forest_co_management,1.0,none,global_unsafe_rate,0.0,0.0,8
llama3_2_3b,forest_co_management,1.0,none,garden_failure_event,0.0,0.0,8
llama3_2_3b,forest_co_management,1.0,none,mean_patch_health,0.5875356267762252,0.31150498274058536,8
llama3_2_3b,forest_co_management,1.0,none,total_welfare,7.6210960121973095,3.461331402184028,8
llama3_2_3b,forest_co_management,1.0,uniform_off,global_unsafe_rate,-0.0171875,0.016582221107487513,8
llama3_2_3b,forest_co_management,1.0,uniform_off,garden_failure_event,0.0,0.0,8
llama3_2_3b,forest_co_management,1.0,uniform_off,mean_patch_health,0.18664313087027673,0.43346508973343145,8
llama3_2_3b,forest_co_management,1.0,uniform_off,total_welfare,-15.01081596194635,30.430346818818112,8
qwen2_5_3b,community_irrigation,0.0,none,global_unsafe_rate,0.0,0.0,8
qwen2_5_3b,community_irrigation,0.0,none,garden_failure_event,0.0,0.0,8
qwen2_5_3b,community_irrigation,0.0,none,mean_patch_health,-0.24166550553966326,0.0839128591671846,8
qwen2_5_3b,community_irrigation,0.0,none,total_welfare,28.920000000000016,9.495025364908399,8
qwen2_5_3b,community_irrigation,0.0,uniform_off,global_unsafe_rate,0.0,0.0,8
qwen2_5_3b,community_irrigation,0.0,uniform_off,garden_failure_event,0.0,0.0,8
qwen2_5_3b,community_irrigation,0.0,uniform_off,mean_patch_health,-0.05128535715749849,0.04583068323291199,8
qwen2_5_3b,community_irrigation,0.0,uniform_off,total_welfare,8.414999999999992,8.666052932706442,8
qwen2_5_3b,community_irrigation,0.5,none,global_unsafe_rate,0.03467527854662414,0.03229489801575595,8
qwen2_5_3b,community_irrigation,0.5,none,garden_failure_event,0.0,0.0,8
qwen2_5_3b,community_irrigation,0.5,none,mean_patch_health,-0.09718318232620227,0.12422711753811094,8
qwen2_5_3b,community_irrigation,0.5,none,total_welfare,11.934089621226484,18.01913215881629,8
qwen2_5_3b,community_irrigation,0.5,uniform_off,global_unsafe_rate,0.0,0.0,8
qwen2_5_3b,community_irrigation,0.5,uniform_off,garden_failure_event,0.0,0.0,8
qwen2_5_3b,community_irrigation,0.5,uniform_off,mean_patch_health,-0.012457114704732097,0.05115576459149635,8
qwen2_5_3b,community_irrigation,0.5,uniform_off,total_welfare,-27.268143684636428,78.28214990398689,8
qwen2_5_3b,community_irrigation,1.0,none,global_unsafe_rate,0.0,0.0,8
qwen2_5_3b,community_irrigation,1.0,none,garden_failure_event,0.0,0.0,8
qwen2_5_3b,community_irrigation,1.0,none,mean_patch_health,0.15374374712701522,0.12545586988672472,8
qwen2_5_3b,community_irrigation,1.0,none,total_welfare,1.3482125116802877,0.8361655972052767,8
qwen2_5_3b,community_irrigation,1.0,uniform_off,global_unsafe_rate,-0.00078125,0.001847362696556863,8
qwen2_5_3b,community_irrigation,1.0,uniform_off,garden_failure_event,0.0,0.0,8
qwen2_5_3b,community_irrigation,1.0,uniform_off,mean_patch_health,0.03415871876696963,0.11451409619979556,8
qwen2_5_3b,community_irrigation,1.0,uniform_off,total_welfare,-1.0491312877716865,61.46114903569734,8
qwen2_5_3b,forest_co_management,0.0,none,global_unsafe_rate,0.000390625,0.0009236813482784315,8
qwen2_5_3b,forest_co_management,0.0,none,garden_failure_event,0.0,0.0,8
qwen2_5_3b,forest_co_management,0.0,none,mean_patch_health,-0.5513887520733134,0.3562062095502877,8
qwen2_5_3b,forest_co_management,0.0,none,total_welfare,10.903861957029392,11.088715236411584,8
qwen2_5_3b,forest_co_management,0.0,uniform_off,global_unsafe_rate,0.0,0.0,8
qwen2_5_3b,forest_co_management,0.0,uniform_off,garden_failure_event,0.0,0.0,8
qwen2_5_3b,forest_co_management,0.0,uniform_off,mean_patch_health,-0.03899298997994083,0.047010964201474305,8
qwen2_5_3b,forest_co_management,0.0,uniform_off,total_welfare,3.639375000000001,5.0906699147879575,8
qwen2_5_3b,forest_co_management,0.5,none,global_unsafe_rate,0.006762248168498186,0.02123841686861125,8
qwen2_5_3b,forest_co_management,0.5,none,garden_failure_event,0.0,0.0,8
qwen2_5_3b,forest_co_management,0.5,none,mean_patch_health,-0.04475677498093067,0.15409860964699273,8
qwen2_5_3b,forest_co_management,0.5,none,total_welfare,4.824591200304299,7.296294591996283,8
qwen2_5_3b,forest_co_management,0.5,uniform_off,global_unsafe_rate,0.000390625,0.002180245795223916,8
qwen2_5_3b,forest_co_management,0.5,uniform_off,garden_failure_event,0.0,0.0,8
qwen2_5_3b,forest_co_management,0.5,uniform_off,mean_patch_health,0.02065013396153037,0.03783120819623235,8
qwen2_5_3b,forest_co_management,0.5,uniform_off,total_welfare,-4.7502712823963265,12.131369403526376,8
qwen2_5_3b,forest_co_management,1.0,none,global_unsafe_rate,0.0,0.0,8
qwen2_5_3b,forest_co_management,1.0,none,garden_failure_event,0.0,0.0,8
qwen2_5_3b,forest_co_management,1.0,none,mean_patch_health,0.07124391981217904,0.07926111513567081,8
qwen2_5_3b,forest_co_management,1.0,none,total_welfare,0.9962383064722857,0.9207113883903395,8
qwen2_5_3b,forest_co_management,1.0,uniform_off,global_unsafe_rate,-0.008203125000000002,0.016040476699344063,8
qwen2_5_3b,forest_co_management,1.0,uniform_off,garden_failure_event,0.0,0.0,8
qwen2_5_3b,forest_co_management,1.0,uniform_off,mean_patch_health,0.12774647650559867,0.3610765980830976,8
qwen2_5_3b,forest_co_management,1.0,uniform_off,total_welfare,12.490335731811982,58.01271274730214,8
