stress_regime,scenario_preset,condition,condition_label,actor_capability_level,overseer_capability_level,capability_gap,n_runs,garden_failure_rate_mean,garden_failure_rate_sem,mean_patch_health_mean,mean_patch_health_sem,global_unsafe_rate_mean,global_unsafe_rate_sem,local_pass_global_fail_rate_mean,local_pass_global_fail_rate_sem,mean_welfare_mean,mean_welfare_sem,governance_budget_spent_mean,governance_budget_spent_sem
held_out_average,community_irrigation,bottom_up_only,Local oversight,high_actor,limited_overseer,1,5,0.0,0.0,12.523151656165828,0.13043696244198344,0.0129296875,0.009149124237007563,0.0,0.0,16.961015137777558,0.0689239600012862,0.0,0.0
held_out_average,community_irrigation,bottom_up_only,Local oversight,high_actor,strong_overseer,0,5,0.0,0.0,12.523151656165828,0.13043696244198344,0.0129296875,0.009149124237007563,0.0,0.0,16.961015137777558,0.0689239600012862,0.0,0.0
held_out_average,community_irrigation,bottom_up_only,Local oversight,high_actor,weak_overseer,2,5,0.0,0.0,12.523151656165828,0.13043696244198344,0.0129296875,0.009149124237007563,0.0,0.0,16.961015137777558,0.0689239600012862,0.0,0.0
held_out_average,community_irrigation,bottom_up_only,Local oversight,low_actor,limited_overseer,-1,5,0.0,0.0,12.483531319211966,0.20293998540721128,0.01474609375,0.01474609375,0.0,0.0,16.864612716474845,0.08290912571601972,0.0,0.0
held_out_average,community_irrigation,bottom_up_only,Local oversight,low_actor,strong_overseer,-2,5,0.0,0.0,12.483531319211966,0.20293998540721128,0.01474609375,0.01474609375,0.0,0.0,16.864612716474845,0.08290912571601972,0.0,0.0
held_out_average,community_irrigation,bottom_up_only,Local oversight,low_actor,weak_overseer,0,5,0.0,0.0,12.483531319211966,0.20293998540721128,0.01474609375,0.01474609375,0.0,0.0,16.864612716474845,0.08290912571601972,0.0,0.0
held_out_average,community_irrigation,bottom_up_only,Local oversight,medium_actor,limited_overseer,0,5,0.0,0.0,12.405061543934973,0.3411444116275807,0.03529296875,0.03519535314491965,0.0001953125,0.00019531250000000004,16.66147697893104,0.23501058047046786,0.0,0.0
held_out_average,community_irrigation,bottom_up_only,Local oversight,medium_actor,strong_overseer,-1,5,0.0,0.0,12.405061543934973,0.3411444116275807,0.03529296875,0.03519535314491965,0.0001953125,0.00019531250000000004,16.66147697893104,0.23501058047046786,0.0,0.0
held_out_average,community_irrigation,bottom_up_only,Local oversight,medium_actor,weak_overseer,1,5,0.0,0.0,12.405061543934973,0.3411444116275807,0.03529296875,0.03519535314491965,0.0001953125,0.00019531250000000004,16.66147697893104,0.23501058047046786,0.0,0.0
held_out_average,community_irrigation,hybrid,Hybrid oversight,high_actor,limited_overseer,1,5,0.0,0.0,13.970263079455233,0.2735759910084477,0.10080078124999996,0.025765605456898273,0.00703125,0.002987866341702538,14.691353258311244,0.151678109278812,3.4588125000000005,0.09038125356562471
held_out_average,community_irrigation,hybrid,Hybrid oversight,high_actor,strong_overseer,0,5,0.0,0.0,14.691942818200435,0.003483527373038074,0.0,0.0,0.0,0.0,15.356094469992883,0.0061522125126694666,0.0,0.0
held_out_average,community_irrigation,hybrid,Hybrid oversight,high_actor,weak_overseer,2,5,0.0,0.0,13.604530706225683,0.16674931882011326,0.11023437500000002,0.030593560098403527,0.03835937499999998,0.019282977702236276,15.158084080413664,0.2700018566667245,2.465125,0.056491115175308686
held_out_average,community_irrigation,hybrid,Hybrid oversight,low_actor,limited_overseer,-1,5,0.0,0.0,13.947760603112588,0.11526925879620908,0.07662109375000001,0.026389649720405965,0.00353515625,0.0021944209015732873,15.09546545997986,0.09394761425628985,3.4085,0.03735723475153435
held_out_average,community_irrigation,hybrid,Hybrid oversight,low_actor,strong_overseer,-2,5,0.0,0.0,14.723561548649283,0.012960790433572499,0.0,0.0,0.0,0.0,15.328124590865281,0.026945588144367816,0.0,0.0
held_out_average,community_irrigation,hybrid,Hybrid oversight,low_actor,weak_overseer,0,5,0.0,0.0,13.902005613069784,0.18709994770580127,0.07806640624999997,0.034148878413670064,0.028261718749999998,0.017320970576977367,14.436881287921107,0.3527457494713429,2.48375,0.05111386263162849
held_out_average,community_irrigation,hybrid,Hybrid oversight,medium_actor,limited_overseer,0,5,0.0,0.0,13.752676007024755,0.03902557439237681,0.11412109374999999,0.012382435115996184,0.0050390625,0.002375396695385682,14.795446881392976,0.2148607266248923,3.52103125,0.049163773859990205
held_out_average,community_irrigation,hybrid,Hybrid oversight,medium_actor,strong_overseer,-1,5,0.0,0.0,14.69178446368718,0.002882487421393669,0.0,0.0,0.0,0.0,15.359130754227133,0.005327542662229886,0.0,0.0
held_out_average,community_irrigation,hybrid,Hybrid oversight,medium_actor,weak_overseer,1,5,0.0,0.0,13.64427677291385,0.10015147330193727,0.10650390624999999,0.007452688400308294,0.03046875,0.008497440625999268,13.862503072577734,0.40304441822789383,2.575375,0.037262188651835705
held_out_average,community_irrigation,none,No oversight,high_actor,limited_overseer,1,5,0.0,0.0,12.703437673915786,0.041240469154278,0.000625,0.0005774119335583782,0.0,0.0,17.20090941629953,0.05962798496684576,0.0,0.0
held_out_average,community_irrigation,none,No oversight,high_actor,strong_overseer,0,5,0.0,0.0,12.703437673915786,0.041240469154278,0.000625,0.0005774119335583782,0.0,0.0,17.20090941629953,0.05962798496684576,0.0,0.0
held_out_average,community_irrigation,none,No oversight,high_actor,weak_overseer,2,5,0.0,0.0,12.703437673915786,0.041240469154278,0.000625,0.0005774119335583782,0.0,0.0,17.20090941629953,0.05962798496684576,0.0,0.0
held_out_average,community_irrigation,none,No oversight,low_actor,limited_overseer,-1,5,0.0,0.0,12.831019324731326,0.18897679399622982,0.008046875,0.008046875,0.0,0.0,16.97861681195911,0.06296102570969914,0.0,0.0
held_out_average,community_irrigation,none,No oversight,low_actor,strong_overseer,-2,5,0.0,0.0,12.831019324731326,0.18897679399622982,0.008046875,0.008046875,0.0,0.0,16.97861681195911,0.06296102570969914,0.0,0.0
held_out_average,community_irrigation,none,No oversight,low_actor,weak_overseer,0,5,0.0,0.0,12.831019324731326,0.18897679399622982,0.008046875,0.008046875,0.0,0.0,16.97861681195911,0.06296102570969914,0.0,0.0
held_out_average,community_irrigation,none,No oversight,medium_actor,limited_overseer,0,5,0.0,0.0,12.613505258680402,0.12179729043810893,9.765625e-05,9.765625000000002e-05,0.0,0.0,17.100706232585395,0.04692827354885544,0.0,0.0
held_out_average,community_irrigation,none,No oversight,medium_actor,strong_overseer,-1,5,0.0,0.0,12.613505258680402,0.12179729043810893,9.765625e-05,9.765625000000002e-05,0.0,0.0,17.100706232585395,0.04692827354885544,0.0,0.0
held_out_average,community_irrigation,none,No oversight,medium_actor,weak_overseer,1,5,0.0,0.0,12.613505258680402,0.12179729043810893,9.765625e-05,9.765625000000002e-05,0.0,0.0,17.100706232585395,0.04692827354885544,0.0,0.0
held_out_average,community_irrigation,top_down_only,Global signal,high_actor,limited_overseer,1,5,0.0,0.0,13.83943891318936,0.07497408629087995,0.11943359374999998,0.007006044775129058,0.008906250000000001,0.004188121237150413,13.765547640200998,0.5987880036269914,3.659375,0.10462095599636692
held_out_average,community_irrigation,top_down_only,Global signal,high_actor,strong_overseer,0,5,0.0,0.0,14.692199958177536,0.003439638338353629,0.0,0.0,0.0,0.0,15.355655528978739,0.005817686372974631,0.0,0.0
held_out_average,community_irrigation,top_down_only,Global signal,high_actor,weak_overseer,2,5,0.0015625,0.0015625000000000003,13.528748424908752,0.1440535384491234,0.15179687499999997,0.02570396352403118,0.051992187499999995,0.0190012965512852,14.33546670646037,0.38811628382825847,2.4053125,0.06029096117993142
held_out_average,community_irrigation,top_down_only,Global signal,low_actor,limited_overseer,-1,5,0.0,0.0,13.889437541680277,0.13070966073679072,0.09126953125,0.02327885352992024,0.00509765625,0.003237035863885668,14.997536653779752,0.07552049912383706,3.4421875,0.05320774805538191
held_out_average,community_irrigation,top_down_only,Global signal,low_actor,strong_overseer,-2,5,0.0,0.0,14.704871147500402,0.010370080752448538,0.0,0.0,0.0,0.0,15.324656963632128,0.025642850557454987,0.0,0.0
held_out_average,community_irrigation,top_down_only,Global signal,low_actor,weak_overseer,0,5,0.0,0.0,13.59785886250064,0.09464991363177529,0.1336328125,0.025260683877586898,0.0439453125,0.012822566845995363,14.223921109340177,0.39142916378023507,2.4276875,0.058971623207692045
held_out_average,community_irrigation,top_down_only,Global signal,medium_actor,limited_overseer,0,5,0.0,0.0,13.663726509319554,0.03894030541875209,0.14019531249999997,0.003858299445270532,0.0191796875,0.0025195691009753714,14.312533165195637,0.2901638742416859,3.56559375,0.054898419155575376
held_out_average,community_irrigation,top_down_only,Global signal,medium_actor,strong_overseer,-1,5,0.0,0.0,14.691246932343663,0.0027485618898846014,0.0,0.0,0.0,0.0,15.357909375000009,0.005808706234200137,0.0,0.0
held_out_average,community_irrigation,top_down_only,Global signal,medium_actor,weak_overseer,1,5,0.0,0.0,13.829509587356295,0.13239712465347708,0.11205078124999997,0.02541046025111194,0.05507812499999998,0.019398400726467847,12.452375882338268,0.7558272481146037,2.615875,0.09239364662951663
held_out_average,forest_co_management,bottom_up_only,Local oversight,high_actor,limited_overseer,1,5,0.0,0.0,12.149587926447774,0.09851957868041226,0.0078125,0.006448271101257491,0.00109375,0.000998961863480033,14.1076547269579,0.09588900462957595,0.0,0.0
held_out_average,forest_co_management,bottom_up_only,Local oversight,high_actor,strong_overseer,0,5,0.0,0.0,12.149587926447774,0.09851957868041226,0.0078125,0.006448271101257491,0.00109375,0.000998961863480033,14.1076547269579,0.09588900462957595,0.0,0.0
held_out_average,forest_co_management,bottom_up_only,Local oversight,high_actor,weak_overseer,2,5,0.0,0.0,12.149587926447774,0.09851957868041226,0.0078125,0.006448271101257491,0.00109375,0.000998961863480033,14.1076547269579,0.09588900462957595,0.0,0.0
held_out_average,forest_co_management,bottom_up_only,Local oversight,low_actor,limited_overseer,-1,5,0.0,0.0,12.049894800092321,0.26932959357453634,0.00640624999999998,0.005686126878587419,0.0009570312499999999,0.0009328089012702774,14.16715206328723,0.13107406950939088,0.0,0.0
held_out_average,forest_co_management,bottom_up_only,Local oversight,low_actor,strong_overseer,-2,5,0.0,0.0,12.049894800092321,0.26932959357453634,0.00640624999999998,0.005686126878587419,0.0009570312499999999,0.0009328089012702774,14.16715206328723,0.13107406950939088,0.0,0.0
held_out_average,forest_co_management,bottom_up_only,Local oversight,low_actor,weak_overseer,0,5,0.0,0.0,12.049894800092321,0.26932959357453634,0.00640624999999998,0.005686126878587419,0.0009570312499999999,0.0009328089012702774,14.16715206328723,0.13107406950939088,0.0,0.0
held_out_average,forest_co_management,bottom_up_only,Local oversight,medium_actor,limited_overseer,0,5,0.0,0.0,11.88032031870053,0.2084881824902019,0.03876953125,0.03767676336848489,0.0014453125,0.0014453124999999998,13.914433665428433,0.08102070106697833,0.0,0.0
held_out_average,forest_co_management,bottom_up_only,Local oversight,medium_actor,strong_overseer,-1,5,0.0,0.0,11.88032031870053,0.2084881824902019,0.03876953125,0.03767676336848489,0.0014453125,0.0014453124999999998,13.914433665428433,0.08102070106697833,0.0,0.0
held_out_average,forest_co_management,bottom_up_only,Local oversight,medium_actor,weak_overseer,1,5,0.0,0.0,11.88032031870053,0.2084881824902019,0.03876953125,0.03767676336848489,0.0014453125,0.0014453124999999998,13.914433665428433,0.08102070106697833,0.0,0.0
held_out_average,forest_co_management,hybrid,Hybrid oversight,high_actor,limited_overseer,1,5,0.0015625,0.0015625,13.37865283876856,0.19243021304412813,0.1397786458333333,0.029317540093112767,0.05498046875,0.02258981369151121,11.717993563317552,0.560017274900909,3.8698124999999997,0.10730784743481607
held_out_average,forest_co_management,hybrid,Hybrid oversight,high_actor,strong_overseer,0,5,0.0,0.0,14.132226377471415,0.007599171390051055,0.0,0.0,0.0,0.0,12.510585575973558,0.042859025760798135,0.0,0.0
held_out_average,forest_co_management,hybrid,Hybrid oversight,high_actor,weak_overseer,2,5,0.0,0.0,13.83925619567045,0.1444231667462248,0.03490234375,0.014284395701999056,0.005625,0.0022801427374882287,12.771050916852975,0.28262033763844036,2.7994999999999997,0.06989617020534807
held_out_average,forest_co_management,hybrid,Hybrid oversight,low_actor,limited_overseer,-1,5,0.0,0.0,13.679615763174619,0.160765305220807,0.09374999999999997,0.014936778031143782,0.025859374999999997,0.011225177082117784,11.327620858372802,0.41834637417780307,3.8956875,0.0672954184164402
held_out_average,forest_co_management,hybrid,Hybrid oversight,low_actor,strong_overseer,-2,5,0.0,0.0,14.141641993030436,0.008484122001082445,0.0,0.0,0.0,0.0,12.479503911570177,0.04735953963952806,0.0,0.0
held_out_average,forest_co_management,hybrid,Hybrid oversight,low_actor,weak_overseer,0,5,0.0,0.0,13.338911836950057,0.12127453721660383,0.1240234375,0.022565716036105923,0.03091796874999998,0.009977037769488913,11.3664438944918,0.48123125328644106,2.6975624999999996,0.05157939117273486
held_out_average,forest_co_management,hybrid,Hybrid oversight,medium_actor,limited_overseer,0,5,0.0,0.0,13.671052823182597,0.2674054230881923,0.10259765624999999,0.033766512187015686,0.04634765624999999,0.01876519159964759,11.388181358365795,0.5840574033291006,3.8464687499999997,0.11521767993468389
held_out_average,forest_co_management,hybrid,Hybrid oversight,medium_actor,strong_overseer,-1,5,0.0,0.0,14.127407000175946,0.002419427493580858,0.0,0.0,0.0,0.0,12.48567401125783,0.014864962013421388,0.0,0.0
held_out_average,forest_co_management,hybrid,Hybrid oversight,medium_actor,weak_overseer,1,5,0.0453125,0.0453125,12.952414680410419,0.3722115989211774,0.18218303196319183,0.03160907903465541,0.049003906249999986,0.01398212436061638,11.363739432615642,0.687580221337949,2.6190624999999996,0.06927167136084558
held_out_average,forest_co_management,none,No oversight,high_actor,limited_overseer,1,5,0.0015625,0.0015625000000000003,12.126471082313843,0.2619367584087226,0.03924747242647058,0.03924747242647058,0.0070071231617647,0.0070071231617647,13.902481168267641,0.06906370495379088,0.0,0.0
held_out_average,forest_co_management,none,No oversight,high_actor,strong_overseer,0,5,0.0015625,0.0015625000000000003,12.126471082313843,0.2619367584087226,0.03924747242647058,0.03924747242647058,0.0070071231617647,0.0070071231617647,13.902481168267641,0.06906370495379088,0.0,0.0
held_out_average,forest_co_management,none,No oversight,high_actor,weak_overseer,2,5,0.0015625,0.0015625000000000003,12.126471082313843,0.2619367584087226,0.03924747242647058,0.03924747242647058,0.0070071231617647,0.0070071231617647,13.902481168267641,0.06906370495379088,0.0,0.0
held_out_average,forest_co_management,none,No oversight,low_actor,limited_overseer,-1,5,0.0,0.0,11.647988545463178,0.29193915644952445,0.08419921875,0.043758951633734285,0.013125000000000001,0.008460019048574659,13.93404657386743,0.21802120964050534,0.0,0.0
held_out_average,forest_co_management,none,No oversight,low_actor,strong_overseer,-2,5,0.0,0.0,11.647988545463178,0.29193915644952445,0.08419921875,0.043758951633734285,0.013125000000000001,0.008460019048574659,13.93404657386743,0.21802120964050534,0.0,0.0
held_out_average,forest_co_management,none,No oversight,low_actor,weak_overseer,0,5,0.0,0.0,11.647988545463178,0.29193915644952445,0.08419921875,0.043758951633734285,0.013125000000000001,0.008460019048574659,13.93404657386743,0.21802120964050534,0.0,0.0
held_out_average,forest_co_management,none,No oversight,medium_actor,limited_overseer,0,5,0.0,0.0,11.532528547086333,0.2642938019324647,0.119921875,0.05656506780201696,0.011757812500000001,0.0069836578342302455,14.118866513471186,0.1551489642319982,0.0,0.0
held_out_average,forest_co_management,none,No oversight,medium_actor,strong_overseer,-1,5,0.0,0.0,11.532528547086333,0.2642938019324647,0.119921875,0.05656506780201696,0.011757812500000001,0.0069836578342302455,14.118866513471186,0.1551489642319982,0.0,0.0
held_out_average,forest_co_management,none,No oversight,medium_actor,weak_overseer,1,5,0.0,0.0,11.532528547086333,0.2642938019324647,0.119921875,0.05656506780201696,0.011757812500000001,0.0069836578342302455,14.118866513471186,0.1551489642319982,0.0,0.0
held_out_average,forest_co_management,top_down_only,Global signal,high_actor,limited_overseer,1,5,0.0,0.0,13.074274151768725,0.14932852031808433,0.18464843749999998,0.02281634154699993,0.09042968749999998,0.024687859254951303,11.570586953084165,0.2159719412213849,3.92378125,0.055513810922373265
held_out_average,forest_co_management,top_down_only,Global signal,high_actor,strong_overseer,0,5,0.0,0.0,14.12903819137205,0.005489537752875841,0.0,0.0,0.0,0.0,12.467725375121256,0.03645864540151242,0.0,0.0
held_out_average,forest_co_management,top_down_only,Global signal,high_actor,weak_overseer,2,5,0.0015625,0.0015625000000000003,12.991555164007053,0.09784962220846165,0.18095861486486484,0.016919464014434598,0.08471864442567564,0.014352729151264166,12.532835373324648,0.3614464527893394,2.6161875,0.027353908827167574
held_out_average,forest_co_management,top_down_only,Global signal,low_actor,limited_overseer,-1,5,0.0,0.0,13.521652446915695,0.14351141106977414,0.12357421875,0.018378262807546366,0.0434375,0.013789961572141263,11.584733990523443,0.2534878320288824,3.8433125000000006,0.0460826893509103
held_out_average,forest_co_management,top_down_only,Global signal,low_actor,strong_overseer,-2,5,0.0,0.0,14.13010227773539,0.00708837739887698,0.0,0.0,0.0,0.0,12.479614076576041,0.037728537192160266,0.0,0.0
held_out_average,forest_co_management,top_down_only,Global signal,low_actor,weak_overseer,0,5,0.0,0.0,13.25110299797239,0.24637730895397508,0.16283203124999998,0.030376582100563976,0.08216796875,0.02460023934472734,11.700633312403982,0.3393874102840425,2.6433124999999995,0.039906702718653694
held_out_average,forest_co_management,top_down_only,Global signal,medium_actor,limited_overseer,0,5,0.0,0.0,13.505525620684486,0.10732338841955827,0.14378906249999998,0.011926807028333847,0.07228515625000001,0.0091932558467588,10.65628246514756,0.3519597443956341,4.04434375,0.06533577261802115
held_out_average,forest_co_management,top_down_only,Global signal,medium_actor,strong_overseer,-1,5,0.0,0.0,14.152103898470404,0.01793299372301123,0.0,0.0,0.0,0.0,12.453636116176943,0.0413787021314819,0.0,0.0
held_out_average,forest_co_management,top_down_only,Global signal,medium_actor,weak_overseer,1,5,0.00625,0.004555431167847891,13.042121274388492,0.18210887797730077,0.1958800551470588,0.03222787241057991,0.09777956495098038,0.01767829479025924,11.674958807731908,0.38858112614529866,2.635375,0.0473367259640968
low_init,community_irrigation,bottom_up_only,Local oversight,high_actor,limited_overseer,1,5,0.0,0.0,12.712826661525158,0.08778049442549501,0.00023437500000000005,0.00015625000000000003,0.0,0.0,17.294768235551565,0.03947808322495233,0.0,0.0
low_init,community_irrigation,bottom_up_only,Local oversight,high_actor,strong_overseer,0,5,0.0,0.0,12.712826661525158,0.08778049442549501,0.00023437500000000005,0.00015625000000000003,0.0,0.0,17.294768235551565,0.03947808322495233,0.0,0.0
low_init,community_irrigation,bottom_up_only,Local oversight,high_actor,weak_overseer,2,5,0.0,0.0,12.712826661525158,0.08778049442549501,0.00023437500000000005,0.00015625000000000003,0.0,0.0,17.294768235551565,0.03947808322495233,0.0,0.0
low_init,community_irrigation,bottom_up_only,Local oversight,low_actor,limited_overseer,-1,5,0.0,0.0,12.626727147242281,0.18112011568894018,0.0,0.0,0.0,0.0,17.125786417033805,0.08707291772071651,0.0,0.0
low_init,community_irrigation,bottom_up_only,Local oversight,low_actor,strong_overseer,-2,5,0.0,0.0,12.626727147242281,0.18112011568894018,0.0,0.0,0.0,0.0,17.125786417033805,0.08707291772071651,0.0,0.0
low_init,community_irrigation,bottom_up_only,Local oversight,low_actor,weak_overseer,0,5,0.0,0.0,12.626727147242281,0.18112011568894018,0.0,0.0,0.0,0.0,17.125786417033805,0.08707291772071651,0.0,0.0
low_init,community_irrigation,bottom_up_only,Local oversight,medium_actor,limited_overseer,0,5,0.0,0.0,12.597628037118662,0.3113978165255492,0.021249999999999998,0.021249999999999998,0.0,0.0,17.019555109559512,0.21599300477455935,0.0,0.0
low_init,community_irrigation,bottom_up_only,Local oversight,medium_actor,strong_overseer,-1,5,0.0,0.0,12.597628037118662,0.3113978165255492,0.021249999999999998,0.021249999999999998,0.0,0.0,17.019555109559512,0.21599300477455935,0.0,0.0
low_init,community_irrigation,bottom_up_only,Local oversight,medium_actor,weak_overseer,1,5,0.0,0.0,12.597628037118662,0.3113978165255492,0.021249999999999998,0.021249999999999998,0.0,0.0,17.019555109559512,0.21599300477455935,0.0,0.0
low_init,community_irrigation,hybrid,Hybrid oversight,high_actor,limited_overseer,1,5,0.0,0.0,14.005456286673432,0.2842615455154717,0.102734375,0.026702297566173965,0.007109374999999999,0.0030668416291235187,14.955186219269232,0.1386877477005904,3.4230000000000005,0.0784820341702481
low_init,community_irrigation,hybrid,Hybrid oversight,high_actor,strong_overseer,0,5,0.0,0.0,14.66344584230409,0.007371340309119365,0.0,0.0,0.0,0.0,15.638886921412436,0.010065518998018684,0.0,0.0
low_init,community_irrigation,hybrid,Hybrid oversight,high_actor,weak_overseer,2,5,0.0,0.0,13.650806321496068,0.1399495382688867,0.10726562499999996,0.022712618455593695,0.02781249999999998,0.014740284969313245,15.168689417972981,0.38332431167576136,2.4517499999999997,0.04552574820911781
low_init,community_irrigation,hybrid,Hybrid oversight,low_actor,limited_overseer,-1,5,0.0,0.0,13.992991845294634,0.11960473624578644,0.07546875,0.027375929725222344,0.002578125,0.0024816219022294676,15.380182014997008,0.07849339515091232,3.3621250000000003,0.03402928426370438
low_init,community_irrigation,hybrid,Hybrid oversight,low_actor,strong_overseer,-2,5,0.0,0.0,14.685667660393568,0.008322341267131248,0.0,0.0,0.0,0.0,15.60727766944854,0.02469889090247946,0.0,0.0
low_init,community_irrigation,hybrid,Hybrid oversight,low_actor,weak_overseer,0,5,0.0,0.0,13.920361683243769,0.1648125590294499,0.078984375,0.03257690720145944,0.02390625,0.014258294084332544,14.475969787210726,0.36174930868345323,2.487,0.05998254954568037
low_init,community_irrigation,hybrid,Hybrid oversight,medium_actor,limited_overseer,0,5,0.0,0.0,13.806213639602035,0.033975823941795075,0.11296875000000002,0.012330639794202692,0.00453125,0.0024846943584045703,15.008465628135308,0.2362445542561609,3.483375,0.052812536982235744
low_init,community_irrigation,hybrid,Hybrid oversight,medium_actor,strong_overseer,-1,5,0.0,0.0,14.668866543803455,0.008715856381270428,0.0,0.0,0.0,0.0,15.633523917574763,0.009831838564420306,0.0,0.0
low_init,community_irrigation,hybrid,Hybrid oversight,medium_actor,weak_overseer,1,5,0.0,0.0,13.74770991872769,0.12221140583660639,0.110625,0.010657263743935984,0.03359375,0.00924882541106572,13.395632699800359,0.6611179405240122,2.6195000000000004,0.05718746584698432
low_init,community_irrigation,none,No oversight,high_actor,limited_overseer,1,5,0.0,0.0,12.771317648855407,0.036180478835746335,0.0,0.0,0.0,0.0,17.423551734296048,0.06431759584129353,0.0,0.0
low_init,community_irrigation,none,No oversight,high_actor,strong_overseer,0,5,0.0,0.0,12.771317648855407,0.036180478835746335,0.0,0.0,0.0,0.0,17.423551734296048,0.06431759584129353,0.0,0.0
low_init,community_irrigation,none,No oversight,high_actor,weak_overseer,2,5,0.0,0.0,12.771317648855407,0.036180478835746335,0.0,0.0,0.0,0.0,17.423551734296048,0.06431759584129353,0.0,0.0
low_init,community_irrigation,none,No oversight,low_actor,limited_overseer,-1,5,0.0,0.0,12.995579383171139,0.19447604568774826,0.0,0.0,0.0,0.0,17.238755343734482,0.06303417926599733,0.0,0.0
low_init,community_irrigation,none,No oversight,low_actor,strong_overseer,-2,5,0.0,0.0,12.995579383171139,0.19447604568774826,0.0,0.0,0.0,0.0,17.238755343734482,0.06303417926599733,0.0,0.0
low_init,community_irrigation,none,No oversight,low_actor,weak_overseer,0,5,0.0,0.0,12.995579383171139,0.19447604568774826,0.0,0.0,0.0,0.0,17.238755343734482,0.06303417926599733,0.0,0.0
low_init,community_irrigation,none,No oversight,medium_actor,limited_overseer,0,5,0.0,0.0,12.723401546800835,0.13081668540612998,0.0,0.0,0.0,0.0,17.362301526080962,0.06346589178422708,0.0,0.0
low_init,community_irrigation,none,No oversight,medium_actor,strong_overseer,-1,5,0.0,0.0,12.723401546800835,0.13081668540612998,0.0,0.0,0.0,0.0,17.362301526080962,0.06346589178422708,0.0,0.0
low_init,community_irrigation,none,No oversight,medium_actor,weak_overseer,1,5,0.0,0.0,12.723401546800835,0.13081668540612998,0.0,0.0,0.0,0.0,17.362301526080962,0.06346589178422708,0.0,0.0
low_init,community_irrigation,top_down_only,Global signal,high_actor,limited_overseer,1,5,0.0,0.0,13.814765331215568,0.06909382456266806,0.12414062499999998,0.007028428253239649,0.006562500000000001,0.004018694109253652,14.207625368212273,0.5792508537560509,3.594500000000001,0.10493885868685625
low_init,community_irrigation,top_down_only,Global signal,high_actor,strong_overseer,0,5,0.0,0.0,14.663946585213655,0.00708423035371303,0.0,0.0,0.0,0.0,15.639017931216486,0.01016629715665297,0.0,0.0
low_init,community_irrigation,top_down_only,Global signal,high_actor,weak_overseer,2,5,0.00625,0.006250000000000001,13.631659275595194,0.1337094599840428,0.145078125,0.023496864921363707,0.04882812499999998,0.017065887226743792,14.033607824604209,0.8657907108142595,2.4280000000000004,0.10009417440590636
low_init,community_irrigation,top_down_only,Global signal,low_actor,limited_overseer,-1,5,0.0,0.0,13.93444872789488,0.13058225847840746,0.08999999999999997,0.021413448265087117,0.004218749999999999,0.0030343291384278825,15.247812470299873,0.13173748419890755,3.398625,0.05203041478308631
low_init,community_irrigation,top_down_only,Global signal,low_actor,strong_overseer,-2,5,0.0,0.0,14.673034919400346,0.007111885644376955,0.0,0.0,0.0,0.0,15.598039486347385,0.021226259445876198,0.0,0.0
low_init,community_irrigation,top_down_only,Global signal,low_actor,weak_overseer,0,5,0.0,0.0,13.62897419704728,0.14006674739491143,0.13859375,0.025946264050226226,0.04671874999999999,0.013346919449410879,14.238850839072109,0.5473998702767414,2.4225000000000003,0.08237775033344856
low_init,community_irrigation,top_down_only,Global signal,medium_actor,limited_overseer,0,5,0.0,0.0,13.667647043558096,0.03007031930870581,0.142421875,0.0037398136390316967,0.014609374999999999,0.0022561764184677578,14.741493885836075,0.19349416273526027,3.5036249999999995,0.041876585790868816
low_init,community_irrigation,top_down_only,Global signal,medium_actor,strong_overseer,-1,5,0.0,0.0,14.668912939321093,0.008847444646037716,0.0,0.0,0.0,0.0,15.633506250000002,0.009919556323558771,0.0,0.0
low_init,community_irrigation,top_down_only,Global signal,medium_actor,weak_overseer,1,5,0.0,0.0,13.748360738329959,0.1747836195203986,0.11546875000000001,0.026063090146196205,0.054531249999999976,0.017942661087867167,12.366050479301991,1.0376168228691083,2.61125,0.1195322916621278
low_init,forest_co_management,bottom_up_only,Local oversight,high_actor,limited_overseer,1,5,0.0,0.0,12.301177576934396,0.09568577028295529,0.0016406250000000002,0.0016406250000000002,7.8125e-05,7.8125e-05,14.579653336999002,0.08606310386947262,0.0,0.0
low_init,forest_co_management,bottom_up_only,Local oversight,high_actor,strong_overseer,0,5,0.0,0.0,12.301177576934396,0.09568577028295529,0.0016406250000000002,0.0016406250000000002,7.8125e-05,7.8125e-05,14.579653336999002,0.08606310386947262,0.0,0.0
low_init,forest_co_management,bottom_up_only,Local oversight,high_actor,weak_overseer,2,5,0.0,0.0,12.301177576934396,0.09568577028295529,0.0016406250000000002,0.0016406250000000002,7.8125e-05,7.8125e-05,14.579653336999002,0.08606310386947262,0.0,0.0
low_init,forest_co_management,bottom_up_only,Local oversight,low_actor,limited_overseer,-1,5,0.0,0.0,12.196530190461882,0.26336022131691056,0.00023437500000000005,0.00015625000000000003,0.0,0.0,14.622220932166723,0.15014159619312614,0.0,0.0
low_init,forest_co_management,bottom_up_only,Local oversight,low_actor,strong_overseer,-2,5,0.0,0.0,12.196530190461882,0.26336022131691056,0.00023437500000000005,0.00015625000000000003,0.0,0.0,14.622220932166723,0.15014159619312614,0.0,0.0
low_init,forest_co_management,bottom_up_only,Local oversight,low_actor,weak_overseer,0,5,0.0,0.0,12.196530190461882,0.26336022131691056,0.00023437500000000005,0.00015625000000000003,0.0,0.0,14.622220932166723,0.15014159619312614,0.0,0.0
low_init,forest_co_management,bottom_up_only,Local oversight,medium_actor,limited_overseer,0,5,0.0,0.0,12.06815704893719,0.15151695319574238,0.010390624999999999,0.010195686655011887,0.0,0.0,14.401964828456261,0.06611965135137919,0.0,0.0
low_init,forest_co_management,bottom_up_only,Local oversight,medium_actor,strong_overseer,-1,5,0.0,0.0,12.06815704893719,0.15151695319574238,0.010390624999999999,0.010195686655011887,0.0,0.0,14.401964828456261,0.06611965135137919,0.0,0.0
low_init,forest_co_management,bottom_up_only,Local oversight,medium_actor,weak_overseer,1,5,0.0,0.0,12.06815704893719,0.15151695319574238,0.010390624999999999,0.010195686655011887,0.0,0.0,14.401964828456261,0.06611965135137919,0.0,0.0
low_init,forest_co_management,hybrid,Hybrid oversight,high_actor,limited_overseer,1,5,0.0,0.0,13.47613972162326,0.2068599137504829,0.13312499999999997,0.030488625328375537,0.04843749999999998,0.019359006125420353,12.119400871867159,0.6531288819649341,3.7969999999999997,0.13343367968770106
low_init,forest_co_management,hybrid,Hybrid oversight,high_actor,strong_overseer,0,5,0.0,0.0,14.18940626423803,0.007458003562949784,0.0,0.0,0.0,0.0,13.018058048827323,0.024750902062788745,0.0,0.0
low_init,forest_co_management,hybrid,Hybrid oversight,high_actor,weak_overseer,2,5,0.0,0.0,14.056468281388016,0.1824463781174313,0.034453124999999994,0.012984036547935507,0.00453125,0.0019864347086079874,12.892277188850375,0.3648257290034896,2.78475,0.08010286355680422
low_init,forest_co_management,hybrid,Hybrid oversight,low_actor,limited_overseer,-1,5,0.0,0.0,13.777569162337775,0.1516859765602321,0.08249999999999999,0.011032926351027074,0.017421874999999983,0.007286596079231708,11.755779754659542,0.5377693497090532,3.8133749999999997,0.0788143586220176
low_init,forest_co_management,hybrid,Hybrid oversight,low_actor,strong_overseer,-2,5,0.0,0.0,14.197926175119733,0.009361522080051725,0.0,0.0,0.0,0.0,13.006907880543647,0.016057067680439525,0.0,0.0
low_init,forest_co_management,hybrid,Hybrid oversight,low_actor,weak_overseer,0,5,0.0,0.0,13.426825322995251,0.1540075671237866,0.113671875,0.025759638195458755,0.015234375,0.0066141475824317295,12.062899817008745,0.39774259596211364,2.616,0.05077739408437579
low_init,forest_co_management,hybrid,Hybrid oversight,medium_actor,limited_overseer,0,5,0.0,0.0,13.853015233059716,0.230457065315612,0.07460937499999998,0.023423498421890624,0.02679687499999998,0.008435691357077675,11.5951831389135,0.6546506287466186,3.8289999999999997,0.14087929784925815
low_init,forest_co_management,hybrid,Hybrid oversight,medium_actor,strong_overseer,-1,5,0.0,0.0,14.183981742320707,0.0034146594224151506,0.0,0.0,0.0,0.0,13.013182166384448,0.006694888720262575,0.0,0.0
low_init,forest_co_management,hybrid,Hybrid oversight,medium_actor,weak_overseer,1,5,0.0,0.0,13.490654047129691,0.18221912201654963,0.116796875,0.020806786471756038,0.027421875000000002,0.011216040323878787,11.510103263690482,0.8958848827384067,2.7012499999999995,0.12296785657235797
low_init,forest_co_management,none,No oversight,high_actor,limited_overseer,1,5,0.0,0.0,12.293919222495482,0.18215327281201635,0.01140625,0.011406249999999998,7.8125e-05,7.8125e-05,14.395887088415659,0.05827720812712156,0.0,0.0
low_init,forest_co_management,none,No oversight,high_actor,strong_overseer,0,5,0.0,0.0,12.293919222495482,0.18215327281201635,0.01140625,0.011406249999999998,7.8125e-05,7.8125e-05,14.395887088415659,0.05827720812712156,0.0,0.0
low_init,forest_co_management,none,No oversight,high_actor,weak_overseer,2,5,0.0,0.0,12.293919222495482,0.18215327281201635,0.01140625,0.011406249999999998,7.8125e-05,7.8125e-05,14.395887088415659,0.05827720812712156,0.0,0.0
low_init,forest_co_management,none,No oversight,low_actor,limited_overseer,-1,5,0.0,0.0,12.013105879801717,0.22772426540370308,0.0063281249999999995,0.005941353601426824,0.00015625,0.00015625,14.489955893922016,0.210915962960818,0.0,0.0
low_init,forest_co_management,none,No oversight,low_actor,strong_overseer,-2,5,0.0,0.0,12.013105879801717,0.22772426540370308,0.0063281249999999995,0.005941353601426824,0.00015625,0.00015625,14.489955893922016,0.210915962960818,0.0,0.0
low_init,forest_co_management,none,No oversight,low_actor,weak_overseer,0,5,0.0,0.0,12.013105879801717,0.22772426540370308,0.0063281249999999995,0.005941353601426824,0.00015625,0.00015625,14.489955893922016,0.210915962960818,0.0,0.0
low_init,forest_co_management,none,No oversight,medium_actor,limited_overseer,0,5,0.0,0.0,11.923045881213147,0.16006865130789627,0.031093749999999983,0.02222604761046848,0.00015625,0.00015625,14.787217254204705,0.07558072793688568,0.0,0.0
low_init,forest_co_management,none,No oversight,medium_actor,strong_overseer,-1,5,0.0,0.0,11.923045881213147,0.16006865130789627,0.031093749999999983,0.02222604761046848,0.00015625,0.00015625,14.787217254204705,0.07558072793688568,0.0,0.0
low_init,forest_co_management,none,No oversight,medium_actor,weak_overseer,1,5,0.0,0.0,11.923045881213147,0.16006865130789627,0.031093749999999983,0.02222604761046848,0.00015625,0.00015625,14.787217254204705,0.07558072793688568,0.0,0.0
low_init,forest_co_management,top_down_only,Global signal,high_actor,limited_overseer,1,5,0.0,0.0,13.173416489362875,0.1505789714447703,0.1771875,0.021549121189121324,0.07515625,0.021038918898043157,12.213790612233122,0.2035764320865306,3.8113750000000004,0.04668854583835311
low_init,forest_co_management,top_down_only,Global signal,high_actor,strong_overseer,0,5,0.0,0.0,14.18467788562032,0.0046316424533238134,0.0,0.0,0.0,0.0,13.005508842709585,0.017905716968991844,0.0,0.0
low_init,forest_co_management,top_down_only,Global signal,high_actor,weak_overseer,2,5,0.0,0.0,13.085305687218014,0.12936749483082255,0.181328125,0.015213527402138686,0.07234374999999998,0.015112897081735336,12.860961529512986,0.3626161956290935,2.5477499999999997,0.03401148703011957
low_init,forest_co_management,top_down_only,Global signal,low_actor,limited_overseer,-1,5,0.0,0.0,13.623786625843854,0.15429025332498264,0.11570312499999998,0.019646301760167552,0.0296875,0.012986739217671711,12.069627322007381,0.3129939354174262,3.75075,0.057376361639615917
low_init,forest_co_management,top_down_only,Global signal,low_actor,strong_overseer,-2,5,0.0,0.0,14.185725338693384,0.004458745173152696,0.0,0.0,0.0,0.0,13.005336540853975,0.019050609699136693,0.0,0.0
low_init,forest_co_management,top_down_only,Global signal,low_actor,weak_overseer,0,5,0.0,0.0,13.35741617861682,0.30576652371722446,0.16203124999999996,0.03618722676386483,0.07109375,0.02805764504217166,12.01161121479772,0.4192809278940901,2.5875,0.051896832754995806
low_init,forest_co_management,top_down_only,Global signal,medium_actor,limited_overseer,0,5,0.0,0.0,13.684845792517123,0.10886357858795384,0.134453125,0.009611597812018563,0.060078124999999996,0.00688143342455353,10.771645639720465,0.5049960716272706,4.0166249999999994,0.0883511283176395
low_init,forest_co_management,top_down_only,Global signal,medium_actor,strong_overseer,-1,5,0.0,0.0,14.210273897083985,0.01749052175038936,0.0,0.0,0.0,0.0,12.992616400556244,0.032957813399790696,0.0,0.0
low_init,forest_co_management,top_down_only,Global signal,medium_actor,weak_overseer,1,5,0.0,0.0,13.216212705528784,0.24444332364847599,0.18749999999999997,0.038209634862022196,0.07804687499999999,0.020727947972446224,12.135464996393567,0.5061704968872577,2.57225,0.06757565205012817
noisy_weather,community_irrigation,bottom_up_only,Local oversight,high_actor,limited_overseer,1,5,0.0,0.0,12.670724097918907,0.0899085712529748,0.0025,0.0018512493142301225,0.0,0.0,17.333318602801253,0.04288364321871319,0.0,0.0
noisy_weather,community_irrigation,bottom_up_only,Local oversight,high_actor,strong_overseer,0,5,0.0,0.0,12.670724097918907,0.0899085712529748,0.0025,0.0018512493142301225,0.0,0.0,17.333318602801253,0.04288364321871319,0.0,0.0
noisy_weather,community_irrigation,bottom_up_only,Local oversight,high_actor,weak_overseer,2,5,0.0,0.0,12.670724097918907,0.0899085712529748,0.0025,0.0018512493142301225,0.0,0.0,17.333318602801253,0.04288364321871319,0.0,0.0
noisy_weather,community_irrigation,bottom_up_only,Local oversight,low_actor,limited_overseer,-1,5,0.0,0.0,12.628143245704146,0.18797367586663397,0.0,0.0,0.0,0.0,17.202037134002016,0.09861591492355712,0.0,0.0
noisy_weather,community_irrigation,bottom_up_only,Local oversight,low_actor,strong_overseer,-2,5,0.0,0.0,12.628143245704146,0.18797367586663397,0.0,0.0,0.0,0.0,17.202037134002016,0.09861591492355712,0.0,0.0
noisy_weather,community_irrigation,bottom_up_only,Local oversight,low_actor,weak_overseer,0,5,0.0,0.0,12.628143245704146,0.18797367586663397,0.0,0.0,0.0,0.0,17.202037134002016,0.09861591492355712,0.0,0.0
noisy_weather,community_irrigation,bottom_up_only,Local oversight,medium_actor,limited_overseer,0,5,0.0,0.0,12.524242149655528,0.3673604205457496,0.029453125000000004,0.029453124999999997,0.0,0.0,17.006075725431046,0.256330017575286,0.0,0.0
noisy_weather,community_irrigation,bottom_up_only,Local oversight,medium_actor,strong_overseer,-1,5,0.0,0.0,12.524242149655528,0.3673604205457496,0.029453125000000004,0.029453124999999997,0.0,0.0,17.006075725431046,0.256330017575286,0.0,0.0
noisy_weather,community_irrigation,bottom_up_only,Local oversight,medium_actor,weak_overseer,1,5,0.0,0.0,12.524242149655528,0.3673604205457496,0.029453125000000004,0.029453124999999997,0.0,0.0,17.006075725431046,0.256330017575286,0.0,0.0
noisy_weather,community_irrigation,hybrid,Hybrid oversight,high_actor,limited_overseer,1,5,0.0,0.0,14.106988293848536,0.2643720621146462,0.08890624999999998,0.02301328325238898,0.001328125,0.000625,14.827855909669603,0.17562240392496634,3.428,0.09532292975722054
noisy_weather,community_irrigation,hybrid,Hybrid oversight,high_actor,strong_overseer,0,5,0.0,0.0,14.734977776023845,0.005744837359418033,0.0,0.0,0.0,0.0,15.606363981976296,0.00672399686129514,0.0,0.0
noisy_weather,community_irrigation,hybrid,Hybrid oversight,high_actor,weak_overseer,2,5,0.0,0.0,13.667555534166052,0.14041123058354474,0.10523437499999996,0.029462448789465474,0.03320312500000001,0.016737267052850578,15.47742162749788,0.2237109851978805,2.404750000000001,0.06045711289831811
noisy_weather,community_irrigation,hybrid,Hybrid oversight,low_actor,limited_overseer,-1,5,0.0,0.0,14.069035942586547,0.10691198932204941,0.062734375,0.026716179975081345,0.000625,0.0003827327723098716,15.324951640969534,0.12225193099207175,3.366375,0.040589118769689965
noisy_weather,community_irrigation,hybrid,Hybrid oversight,low_actor,strong_overseer,-2,5,0.0,0.0,14.77750358893221,0.02021905965611796,0.0,0.0,0.0,0.0,15.58710027671304,0.03546631011037182,0.0,0.0
noisy_weather,community_irrigation,hybrid,Hybrid oversight,low_actor,weak_overseer,0,5,0.0,0.0,13.983145304267126,0.1912110279041632,0.07085937499999999,0.03332963032817045,0.02335937499999998,0.016752484948601636,14.788456288288623,0.35119719564086654,2.423,0.045176044536900224
noisy_weather,community_irrigation,hybrid,Hybrid oversight,medium_actor,limited_overseer,0,5,0.0,0.0,13.859322708576684,0.05301660184318228,0.10062499999999999,0.013665511912120683,0.000625,0.00040217305238230474,15.167516144719546,0.17634337852980186,3.45775,0.04118868549128516
noisy_weather,community_irrigation,hybrid,Hybrid oversight,medium_actor,strong_overseer,-1,5,0.0,0.0,14.737697961929351,0.004653999673027502,0.0,0.0,0.0,0.0,15.60118428513685,0.007306870471175193,0.0,0.0
noisy_weather,community_irrigation,hybrid,Hybrid oversight,medium_actor,weak_overseer,1,5,0.0,0.0,13.72185191196371,0.10820758743604098,0.093671875,0.00823598329881973,0.02109375,0.007078832056296434,14.360074270752282,0.3603000015209956,2.5255,0.059030712345354515
noisy_weather,community_irrigation,none,No oversight,high_actor,limited_overseer,1,5,0.0,0.0,12.78961407231275,0.03893131821499725,0.0,0.0,0.0,0.0,17.50556947523641,0.05644338109402907,0.0,0.0
noisy_weather,community_irrigation,none,No oversight,high_actor,strong_overseer,0,5,0.0,0.0,12.78961407231275,0.03893131821499725,0.0,0.0,0.0,0.0,17.50556947523641,0.05644338109402907,0.0,0.0
noisy_weather,community_irrigation,none,No oversight,high_actor,weak_overseer,2,5,0.0,0.0,12.78961407231275,0.03893131821499725,0.0,0.0,0.0,0.0,17.50556947523641,0.05644338109402907,0.0,0.0
noisy_weather,community_irrigation,none,No oversight,low_actor,limited_overseer,-1,5,0.0,0.0,12.98388725536115,0.18504612007032462,0.0,0.0,0.0,0.0,17.315339895145563,0.04835247480546739,0.0,0.0
noisy_weather,community_irrigation,none,No oversight,low_actor,strong_overseer,-2,5,0.0,0.0,12.98388725536115,0.18504612007032462,0.0,0.0,0.0,0.0,17.315339895145563,0.04835247480546739,0.0,0.0
noisy_weather,community_irrigation,none,No oversight,low_actor,weak_overseer,0,5,0.0,0.0,12.98388725536115,0.18504612007032462,0.0,0.0,0.0,0.0,17.315339895145563,0.04835247480546739,0.0,0.0
noisy_weather,community_irrigation,none,No oversight,medium_actor,limited_overseer,0,5,0.0,0.0,12.712236711614425,0.11346648059262264,0.0,0.0,0.0,0.0,17.42881518401382,0.05044721649284154,0.0,0.0
noisy_weather,community_irrigation,none,No oversight,medium_actor,strong_overseer,-1,5,0.0,0.0,12.712236711614425,0.11346648059262264,0.0,0.0,0.0,0.0,17.42881518401382,0.05044721649284154,0.0,0.0
noisy_weather,community_irrigation,none,No oversight,medium_actor,weak_overseer,1,5,0.0,0.0,12.712236711614425,0.11346648059262264,0.0,0.0,0.0,0.0,17.42881518401382,0.05044721649284154,0.0,0.0
noisy_weather,community_irrigation,top_down_only,Global signal,high_actor,limited_overseer,1,5,0.0,0.0,13.946221852843525,0.06363311112420589,0.10734375,0.006285786219593975,0.00234375,0.0013587911821036005,13.988605954281898,0.5989902150179005,3.61725,0.10350226446798151
noisy_weather,community_irrigation,top_down_only,Global signal,high_actor,strong_overseer,0,5,0.0,0.0,14.736176089515647,0.006404116815139605,0.0,0.0,0.0,0.0,15.604280693409606,0.007540393824208737,0.0,0.0
noisy_weather,community_irrigation,top_down_only,Global signal,high_actor,weak_overseer,2,5,0.0,0.0,13.616017234569792,0.16518990990431665,0.13953125,0.02697389371935043,0.043515624999999995,0.019016096825493985,14.714292809815124,0.1832371869485441,2.3667500000000006,0.0399738195573052
noisy_weather,community_irrigation,top_down_only,Global signal,low_actor,limited_overseer,-1,5,0.0,0.0,14.001665275125827,0.1277426017297638,0.078984375,0.021409101087504816,0.00078125,0.0007812500000000002,15.293915507854347,0.07487007799546358,3.3917500000000005,0.05115937108683024
noisy_weather,community_irrigation,top_down_only,Global signal,low_actor,strong_overseer,-2,5,0.0,0.0,14.751303839597757,0.014471955693171678,0.0,0.0,0.0,0.0,15.580078115197864,0.033567840590022095,0.0,0.0
noisy_weather,community_irrigation,top_down_only,Global signal,low_actor,weak_overseer,0,5,0.0,0.0,13.705339758534194,0.0718823357147537,0.116015625,0.024110139529355694,0.030078125,0.010379164262176891,14.61790363163073,0.36272749223684014,2.3775,0.05365252789943821
noisy_weather,community_irrigation,top_down_only,Global signal,medium_actor,limited_overseer,0,5,0.0,0.0,13.826763398550094,0.0418439527028812,0.12335937500000001,0.00482291385439083,0.005625000000000001,0.0022830686244066337,14.32088518276577,0.37643438281496416,3.5519999999999996,0.06642618083256029
noisy_weather,community_irrigation,top_down_only,Global signal,medium_actor,strong_overseer,-1,5,0.0,0.0,14.733977835744483,0.00545904237132822,0.0,0.0,0.0,0.0,15.603525000000001,0.00672381640374394,0.0,0.0
noisy_weather,community_irrigation,top_down_only,Global signal,medium_actor,weak_overseer,1,5,0.0,0.0,13.962543328177947,0.13144244623970772,0.10007812499999998,0.0229395009345234,0.044687499999999984,0.02005949707374445,12.82096518783582,0.6887500712094111,2.5735,0.08574890669856955
noisy_weather,forest_co_management,bottom_up_only,Local oversight,high_actor,limited_overseer,1,5,0.0,0.0,12.26927003191163,0.09368838262060633,0.0035937499999999997,0.0035937499999999993,0.0003125,0.0003125,14.643517344981575,0.09420937462677256,0.0,0.0
noisy_weather,forest_co_management,bottom_up_only,Local oversight,high_actor,strong_overseer,0,5,0.0,0.0,12.26927003191163,0.09368838262060633,0.0035937499999999997,0.0035937499999999993,0.0003125,0.0003125,14.643517344981575,0.09420937462677256,0.0,0.0
noisy_weather,forest_co_management,bottom_up_only,Local oversight,high_actor,weak_overseer,2,5,0.0,0.0,12.26927003191163,0.09368838262060633,0.0035937499999999997,0.0035937499999999993,0.0003125,0.0003125,14.643517344981575,0.09420937462677256,0.0,0.0
noisy_weather,forest_co_management,bottom_up_only,Local oversight,low_actor,limited_overseer,-1,5,0.0,0.0,12.19480751884318,0.2698025250985814,0.0004687500000000001,0.00028704957923240374,0.0,0.0,14.684700732249564,0.15127045318308344,0.0,0.0
noisy_weather,forest_co_management,bottom_up_only,Local oversight,low_actor,strong_overseer,-2,5,0.0,0.0,12.19480751884318,0.2698025250985814,0.0004687500000000001,0.00028704957923240374,0.0,0.0,14.684700732249564,0.15127045318308344,0.0,0.0
noisy_weather,forest_co_management,bottom_up_only,Local oversight,low_actor,weak_overseer,0,5,0.0,0.0,12.19480751884318,0.2698025250985814,0.0004687500000000001,0.00028704957923240374,0.0,0.0,14.684700732249564,0.15127045318308344,0.0,0.0
noisy_weather,forest_co_management,bottom_up_only,Local oversight,medium_actor,limited_overseer,0,5,0.0,0.0,12.023307892924928,0.18974966017996067,0.021796875,0.021601739092858643,0.0,0.0,14.451463483177752,0.0716326682642221,0.0,0.0
noisy_weather,forest_co_management,bottom_up_only,Local oversight,medium_actor,strong_overseer,-1,5,0.0,0.0,12.023307892924928,0.18974966017996067,0.021796875,0.021601739092858643,0.0,0.0,14.451463483177752,0.0716326682642221,0.0,0.0
noisy_weather,forest_co_management,bottom_up_only,Local oversight,medium_actor,weak_overseer,1,5,0.0,0.0,12.023307892924928,0.18974966017996067,0.021796875,0.021601739092858643,0.0,0.0,14.451463483177752,0.0716326682642221,0.0,0.0
noisy_weather,forest_co_management,hybrid,Hybrid oversight,high_actor,limited_overseer,1,5,0.0,0.0,13.604250559371994,0.18202520778924977,0.11804687499999997,0.027039715979173564,0.03773437499999998,0.0199381826636654,12.017794814397098,0.5611486918746922,3.813250000000001,0.11266487917714203
noisy_weather,forest_co_management,hybrid,Hybrid oversight,high_actor,strong_overseer,0,5,0.0,0.0,14.23567298575997,0.010548264669630417,0.0,0.0,0.0,0.0,12.786445697335854,0.10273294834944573,0.0,0.0
noisy_weather,forest_co_management,hybrid,Hybrid oversight,high_actor,weak_overseer,2,5,0.0,0.0,13.999275478399422,0.14179537714313928,0.0234375,0.011611488283430768,0.0010937499999999999,0.0005975413492491544,13.299069254064316,0.234961567251813,2.7282499999999996,0.07575515659016224
noisy_weather,forest_co_management,hybrid,Hybrid oversight,low_actor,limited_overseer,-1,5,0.0,0.0,13.80531215469436,0.1790984336013009,0.076171875,0.018916900409257063,0.015703125000000002,0.010844611141959516,11.82570515308789,0.3915503624714766,3.81375,0.07060785190047923
noisy_weather,forest_co_management,hybrid,Hybrid oversight,low_actor,strong_overseer,-2,5,0.0,0.0,14.243969697579137,0.009965696006684961,0.0,0.0,0.0,0.0,12.712716882347582,0.10630068906008934,0.0,0.0
noisy_weather,forest_co_management,hybrid,Hybrid oversight,low_actor,weak_overseer,0,5,0.0,0.0,13.520560489716777,0.13922798537624614,0.10007812499999999,0.02349712467865084,0.018203124999999997,0.008249126966117383,11.754163013013192,0.5437367064348775,2.6654999999999998,0.058882297849183834
noisy_weather,forest_co_management,hybrid,Hybrid oversight,medium_actor,limited_overseer,0,5,0.0,0.0,13.8230390457679,0.2691601911744285,0.08984374999999999,0.034254716757217356,0.03328125,0.01794300125244694,11.785858042360939,0.5807533587872854,3.76175,0.11307170706016598
noisy_weather,forest_co_management,hybrid,Hybrid oversight,medium_actor,strong_overseer,-1,5,0.0,0.0,14.244878562756364,0.005773950736688808,0.0,0.0,0.0,0.0,12.684089519569914,0.03982826924968987,0.0,0.0
noisy_weather,forest_co_management,hybrid,Hybrid oversight,medium_actor,weak_overseer,1,5,0.0125,0.012500000000000002,13.285706407129789,0.19001996269875945,0.13017755681818177,0.017783215158013788,0.03421875,0.011181431664259276,11.797228877024047,0.6459751823831823,2.6544999999999996,0.07345768339663314
noisy_weather,forest_co_management,none,No oversight,high_actor,limited_overseer,1,5,0.0,0.0,12.269406704491178,0.2023964159776841,0.01624999999999998,0.01624999999999998,7.8125e-05,7.8125e-05,14.441591861293563,0.05133658008836606,0.0,0.0
noisy_weather,forest_co_management,none,No oversight,high_actor,strong_overseer,0,5,0.0,0.0,12.269406704491178,0.2023964159776841,0.01624999999999998,0.01624999999999998,7.8125e-05,7.8125e-05,14.441591861293563,0.05133658008836606,0.0,0.0
noisy_weather,forest_co_management,none,No oversight,high_actor,weak_overseer,2,5,0.0,0.0,12.269406704491178,0.2023964159776841,0.01624999999999998,0.01624999999999998,7.8125e-05,7.8125e-05,14.441591861293563,0.05133658008836606,0.0,0.0
noisy_weather,forest_co_management,none,No oversight,low_actor,limited_overseer,-1,5,0.0,0.0,11.99188910555472,0.21883190222701773,0.01609375,0.014649947838804325,0.00046875,0.00046875,14.574729913642036,0.18521784106379782,0.0,0.0
noisy_weather,forest_co_management,none,No oversight,low_actor,strong_overseer,-2,5,0.0,0.0,11.99188910555472,0.21883190222701773,0.01609375,0.014649947838804325,0.00046875,0.00046875,14.574729913642036,0.18521784106379782,0.0,0.0
noisy_weather,forest_co_management,none,No oversight,low_actor,weak_overseer,0,5,0.0,0.0,11.99188910555472,0.21883190222701773,0.01609375,0.014649947838804325,0.00046875,0.00046875,14.574729913642036,0.18521784106379782,0.0,0.0
noisy_weather,forest_co_management,none,No oversight,medium_actor,limited_overseer,0,5,0.0,0.0,11.729658695242637,0.24765827021219522,0.07023437499999999,0.04624006834876475,0.001171875,0.0010768788087570486,14.68320660402892,0.1433796359910413,0.0,0.0
noisy_weather,forest_co_management,none,No oversight,medium_actor,strong_overseer,-1,5,0.0,0.0,11.729658695242637,0.24765827021219522,0.07023437499999999,0.04624006834876475,0.001171875,0.0010768788087570486,14.68320660402892,0.1433796359910413,0.0,0.0
noisy_weather,forest_co_management,none,No oversight,medium_actor,weak_overseer,1,5,0.0,0.0,11.729658695242637,0.24765827021219522,0.07023437499999999,0.04624006834876475,0.001171875,0.0010768788087570486,14.68320660402892,0.1433796359910413,0.0,0.0
noisy_weather,forest_co_management,top_down_only,Global signal,high_actor,limited_overseer,1,5,0.0,0.0,13.2262070322459,0.13997481629202263,0.17249999999999996,0.02153424609506479,0.07585937499999999,0.02165887937230508,11.896807696477401,0.1765285746829584,3.87225,0.047888460901348726
noisy_weather,forest_co_management,top_down_only,Global signal,high_actor,strong_overseer,0,5,0.0,0.0,14.24715519888072,0.006427081219859711,0.0,0.0,0.0,0.0,12.64978065362391,0.08500833232162855,0.0,0.0
noisy_weather,forest_co_management,top_down_only,Global signal,high_actor,weak_overseer,2,5,0.0,0.0,13.088712291762908,0.15626828821834687,0.176640625,0.022971739282519797,0.07124999999999998,0.016039711308723347,12.940614169039275,0.359585420662165,2.5490000000000004,0.0337300867179437
noisy_weather,forest_co_management,top_down_only,Global signal,low_actor,limited_overseer,-1,5,0.0,0.0,13.67680043991058,0.15301761551840537,0.10664062499999996,0.021419290621824686,0.02789062499999998,0.01581650224177463,11.960644855236827,0.24187720973993315,3.775,0.04779758754372439
noisy_weather,forest_co_management,top_down_only,Global signal,low_actor,strong_overseer,-2,5,0.0,0.0,14.241453133895817,0.007013355893945332,0.0,0.0,0.0,0.0,12.69562356514611,0.0757950640221421,0.0,0.0
noisy_weather,forest_co_management,top_down_only,Global signal,low_actor,weak_overseer,0,5,0.0,0.0,13.353876480014048,0.2475423203648432,0.153046875,0.031434853656635064,0.06867187499999997,0.02361469475969889,12.214631949399081,0.32674137709519124,2.5652500000000003,0.05010676102084424
noisy_weather,forest_co_management,top_down_only,Global signal,medium_actor,limited_overseer,0,5,0.0,0.0,13.635808389830377,0.11505023003158515,0.1303125,0.01327067593771131,0.051640624999999996,0.010874118813078025,11.14718999843846,0.27884662351954576,3.96075,0.05173074823062205
noisy_weather,forest_co_management,top_down_only,Global signal,medium_actor,strong_overseer,-1,5,0.0,0.0,14.267910411269042,0.015026914588538819,0.0,0.0,0.0,0.0,12.637503282481685,0.08010337162272181,0.0,0.0
noisy_weather,forest_co_management,top_down_only,Global signal,medium_actor,weak_overseer,1,5,0.0,0.0,13.286325033346824,0.22153450411426123,0.17796875,0.033105462988568826,0.07734375,0.018163852485345033,12.009410410456885,0.3458002312338754,2.60575,0.05122956909832437
slow_regen,community_irrigation,bottom_up_only,Local oversight,high_actor,limited_overseer,1,5,0.0,0.0,11.975591580328825,0.29380464726099503,0.048828125,0.03472082787998977,0.0,0.0,15.860145456295893,0.21268391248545557,0.0,0.0
slow_regen,community_irrigation,bottom_up_only,Local oversight,high_actor,strong_overseer,0,5,0.0,0.0,11.975591580328825,0.29380464726099503,0.048828125,0.03472082787998977,0.0,0.0,15.860145456295893,0.21268391248545557,0.0,0.0
slow_regen,community_irrigation,bottom_up_only,Local oversight,high_actor,weak_overseer,2,5,0.0,0.0,11.975591580328825,0.29380464726099503,0.048828125,0.03472082787998977,0.0,0.0,15.860145456295893,0.21268391248545557,0.0,0.0
slow_regen,community_irrigation,bottom_up_only,Local oversight,low_actor,limited_overseer,-1,5,0.0,0.0,12.046523769017966,0.40030184242808825,0.058984375,0.058984375,0.0,0.0,15.970812192736838,0.1410113517806216,0.0,0.0
slow_regen,community_irrigation,bottom_up_only,Local oversight,low_actor,strong_overseer,-2,5,0.0,0.0,12.046523769017966,0.40030184242808825,0.058984375,0.058984375,0.0,0.0,15.970812192736838,0.1410113517806216,0.0,0.0
slow_regen,community_irrigation,bottom_up_only,Local oversight,low_actor,weak_overseer,0,5,0.0,0.0,12.046523769017966,0.40030184242808825,0.058984375,0.058984375,0.0,0.0,15.970812192736838,0.1410113517806216,0.0,0.0
slow_regen,community_irrigation,bottom_up_only,Local oversight,medium_actor,limited_overseer,0,5,0.0,0.0,11.909629427673298,0.3858495823500776,0.0634375,0.06304723803334142,0.00078125,0.0007812500000000002,15.582244157892413,0.27147979103200337,0.0,0.0
slow_regen,community_irrigation,bottom_up_only,Local oversight,medium_actor,strong_overseer,-1,5,0.0,0.0,11.909629427673298,0.3858495823500776,0.0634375,0.06304723803334142,0.00078125,0.0007812500000000002,15.582244157892413,0.27147979103200337,0.0,0.0
slow_regen,community_irrigation,bottom_up_only,Local oversight,medium_actor,weak_overseer,1,5,0.0,0.0,11.909629427673298,0.3858495823500776,0.0634375,0.06304723803334142,0.00078125,0.0007812500000000002,15.582244157892413,0.27147979103200337,0.0,0.0
slow_regen,community_irrigation,hybrid,Hybrid oversight,high_actor,limited_overseer,1,5,0.0,0.0,13.722802583726661,0.26658131620254905,0.112578125,0.028472087911480298,0.01875,0.007832980966420924,13.977468049740924,0.21228334974283367,3.573875,0.10349430086966145
slow_regen,community_irrigation,hybrid,Hybrid oversight,high_actor,strong_overseer,0,5,0.0,0.0,14.668177253417815,0.006303400786335605,0.0,0.0,0.0,0.0,14.570168144826422,0.015335417903333962,0.0,0.0
slow_regen,community_irrigation,hybrid,Hybrid oversight,high_actor,weak_overseer,2,5,0.0,0.0,13.46705832855551,0.26192891863072937,0.11906249999999999,0.04193544494778551,0.05718749999999999,0.028590334495463672,14.468022737889385,0.3165405383345252,2.6037500000000002,0.07920108900766444
slow_regen,community_irrigation,hybrid,Hybrid oversight,low_actor,limited_overseer,-1,5,0.0,0.0,13.71323346542361,0.11272984119523033,0.09726562499999998,0.023472304886390842,0.010703124999999999,0.006362032997964369,14.254865756894713,0.1279510809421027,3.5495000000000005,0.0438994767907317
slow_regen,community_irrigation,hybrid,Hybrid oversight,low_actor,strong_overseer,-2,5,0.0,0.0,14.707576396185633,0.016068435899617105,0.0,0.0,0.0,0.0,14.525833216498082,0.024213713543620084,0.0,0.0
slow_regen,community_irrigation,hybrid,Hybrid oversight,low_actor,weak_overseer,0,5,0.0,0.0,13.76234433158784,0.19151743596406878,0.0871875,0.03571120156186553,0.040312499999999994,0.02073677983887415,13.549478845693377,0.451969605148505,2.6165000000000003,0.062086633021931424
slow_regen,community_irrigation,hybrid,Hybrid oversight,medium_actor,limited_overseer,0,5,0.0,0.0,13.530716299185036,0.04566985466807904,0.12953124999999993,0.012578852851611696,0.014453125,0.007664615964979916,13.891978162258116,0.2495316495738181,3.673125,0.05039996279760529
slow_regen,community_irrigation,hybrid,Hybrid oversight,medium_actor,strong_overseer,-1,5,0.0,0.0,14.663242783983346,0.0041029808295875644,0.0,0.0,0.0,0.0,14.5775212607242,0.008412612029908124,0.0,0.0
slow_regen,community_irrigation,hybrid,Hybrid oversight,medium_actor,weak_overseer,1,5,0.0,0.0,13.458152791066514,0.09045318460011727,0.11750000000000001,0.00577068291019356,0.04328124999999998,0.01064436998157653,13.070868811284303,0.43816623367896224,2.6785,0.028257742301889596
slow_regen,community_irrigation,none,No oversight,high_actor,limited_overseer,1,5,0.0,0.0,12.490994343933524,0.06670138002592402,0.0025,0.0023096477342335127,0.0,0.0,16.414481014807627,0.05970092995916038,0.0,0.0
slow_regen,community_irrigation,none,No oversight,high_actor,strong_overseer,0,5,0.0,0.0,12.490994343933524,0.06670138002592402,0.0025,0.0023096477342335127,0.0,0.0,16.414481014807627,0.05970092995916038,0.0,0.0
slow_regen,community_irrigation,none,No oversight,high_actor,weak_overseer,2,5,0.0,0.0,12.490994343933524,0.06670138002592402,0.0025,0.0023096477342335127,0.0,0.0,16.414481014807627,0.05970092995916038,0.0,0.0
slow_regen,community_irrigation,none,No oversight,low_actor,limited_overseer,-1,5,0.0,0.0,12.345903395467866,0.37992490310946814,0.0321875,0.0321875,0.0,0.0,16.083990791980387,0.1992947598389449,0.0,0.0
slow_regen,community_irrigation,none,No oversight,low_actor,strong_overseer,-2,5,0.0,0.0,12.345903395467866,0.37992490310946814,0.0321875,0.0321875,0.0,0.0,16.083990791980387,0.1992947598389449,0.0,0.0
slow_regen,community_irrigation,none,No oversight,low_actor,weak_overseer,0,5,0.0,0.0,12.345903395467866,0.37992490310946814,0.0321875,0.0321875,0.0,0.0,16.083990791980387,0.1992947598389449,0.0,0.0
slow_regen,community_irrigation,none,No oversight,medium_actor,limited_overseer,0,5,0.0,0.0,12.301517312414736,0.1792210063487991,0.000390625,0.0003906250000000001,0.0,0.0,16.217802606805233,0.12802922518077062,0.0,0.0
slow_regen,community_irrigation,none,No oversight,medium_actor,strong_overseer,-1,5,0.0,0.0,12.301517312414736,0.1792210063487991,0.000390625,0.0003906250000000001,0.0,0.0,16.217802606805233,0.12802922518077062,0.0,0.0
slow_regen,community_irrigation,none,No oversight,medium_actor,weak_overseer,1,5,0.0,0.0,12.301517312414736,0.1792210063487991,0.000390625,0.0003906250000000001,0.0,0.0,16.217802606805233,0.12802922518077062,0.0,0.0
slow_regen,community_irrigation,top_down_only,Global signal,high_actor,limited_overseer,1,5,0.0,0.0,13.67779585541891,0.0831369903885164,0.1296875,0.00752903721382671,0.024140625000000002,0.010005186643217857,12.892572458826725,0.5938060939527534,3.7977499999999997,0.10122792969334111
slow_regen,community_irrigation,top_down_only,Global signal,high_actor,strong_overseer,0,5,0.0,0.0,14.667961370458922,0.006392972872654889,0.0,0.0,0.0,0.0,14.570233649728447,0.015377185831793863,0.0,0.0
slow_regen,community_irrigation,top_down_only,Global signal,high_actor,weak_overseer,2,5,0.0,0.0,13.30059100267501,0.14574923852782587,0.17726562500000004,0.026975590727863357,0.073046875,0.021313596814702285,13.594455376821935,0.44187726737481875,2.498,0.07561683840256742
slow_regen,community_irrigation,top_down_only,Global signal,low_actor,limited_overseer,-1,5,0.0,0.0,13.649995767990642,0.13412950777548538,0.10890624999999998,0.026939931100418806,0.015,0.008785676431075895,14.192756885236326,0.08552347513720518,3.5776250000000003,0.054535825381119875
slow_regen,community_irrigation,top_down_only,Global signal,low_actor,strong_overseer,-2,5,0.0,0.0,14.684296693554884,0.015060019333038433,0.0,0.0,0.0,0.0,14.53154758615213,0.02540074785228487,0.0,0.0
slow_regen,community_irrigation,top_down_only,Global signal,low_actor,weak_overseer,0,5,0.0,0.0,13.39678736805995,0.08758138153841402,0.15781249999999997,0.02419101234188021,0.06703125,0.016713820827106676,13.33826284847547,0.4207386798852651,2.5454999999999997,0.06034484236453027
slow_regen,community_irrigation,top_down_only,Global signal,medium_actor,limited_overseer,0,5,0.0,0.0,13.439490242990175,0.06871347453345057,0.16078125000000001,0.004655817408596206,0.050703125,0.0036880461724756778,13.473264002707868,0.3853112129790975,3.7,0.06840253102042354
slow_regen,community_irrigation,top_down_only,Global signal,medium_actor,strong_overseer,-1,5,0.0,0.0,14.662604336122715,0.003881595999434599,0.0,0.0,0.0,0.0,14.579550000000003,0.0086291973482473,0.0,0.0
slow_regen,community_irrigation,top_down_only,Global signal,medium_actor,weak_overseer,1,5,0.0,0.0,13.688783814398864,0.14907719948256234,0.12601562499999994,0.028939117715985882,0.07265624999999998,0.01980549647016422,11.6362912370864,0.6244598782605915,2.72375,0.08069715763271963
slow_regen,forest_co_management,bottom_up_only,Local oversight,high_actor,limited_overseer,1,5,0.0,0.0,11.744385869852291,0.14366280032086154,0.025390625,0.02005166057454781,0.003984375,0.0036064652773699344,12.636980164367305,0.1252035774484892,0.0,0.0
slow_regen,forest_co_management,bottom_up_only,Local oversight,high_actor,strong_overseer,0,5,0.0,0.0,11.744385869852291,0.14366280032086154,0.025390625,0.02005166057454781,0.003984375,0.0036064652773699344,12.636980164367305,0.1252035774484892,0.0,0.0
slow_regen,forest_co_management,bottom_up_only,Local oversight,high_actor,weak_overseer,2,5,0.0,0.0,11.744385869852291,0.14366280032086154,0.025390625,0.02005166057454781,0.003984375,0.0036064652773699344,12.636980164367305,0.1252035774484892,0.0,0.0
slow_regen,forest_co_management,bottom_up_only,Local oversight,low_actor,limited_overseer,-1,5,0.0,0.0,11.614060266920271,0.3393265092584402,0.024687499999999998,0.022383664632557653,0.0038281249999999995,0.0037312356050811096,12.725444552427689,0.12407314660971257,0.0,0.0
slow_regen,forest_co_management,bottom_up_only,Local oversight,low_actor,strong_overseer,-2,5,0.0,0.0,11.614060266920271,0.3393265092584402,0.024687499999999998,0.022383664632557653,0.0038281249999999995,0.0037312356050811096,12.725444552427689,0.12407314660971257,0.0,0.0
slow_regen,forest_co_management,bottom_up_only,Local oversight,low_actor,weak_overseer,0,5,0.0,0.0,11.614060266920271,0.3393265092584402,0.024687499999999998,0.022383664632557653,0.0038281249999999995,0.0037312356050811096,12.725444552427689,0.12407314660971257,0.0,0.0
slow_regen,forest_co_management,bottom_up_only,Local oversight,medium_actor,limited_overseer,0,5,0.0,0.0,11.379456879384524,0.36114485690136133,0.11070312499999999,0.10692310343806954,0.00578125,0.005781249999999999,12.40813994979204,0.20346223445230863,0.0,0.0
slow_regen,forest_co_management,bottom_up_only,Local oversight,medium_actor,strong_overseer,-1,5,0.0,0.0,11.379456879384524,0.36114485690136133,0.11070312499999999,0.10692310343806954,0.00578125,0.005781249999999999,12.40813994979204,0.20346223445230863,0.0,0.0
slow_regen,forest_co_management,bottom_up_only,Local oversight,medium_actor,weak_overseer,1,5,0.0,0.0,11.379456879384524,0.36114485690136133,0.11070312499999999,0.10692310343806954,0.00578125,0.005781249999999999,12.40813994979204,0.20346223445230863,0.0,0.0
slow_regen,forest_co_management,hybrid,Hybrid oversight,high_actor,limited_overseer,1,5,0.00625,0.00625,12.951937403743432,0.18503207175725456,0.1748958333333333,0.02947404185614305,0.088515625,0.02940490499049436,10.532901505763672,0.46220229252037914,4.080500000000001,0.06970400589277506
slow_regen,forest_co_management,hybrid,Hybrid oversight,high_actor,strong_overseer,0,5,0.0,0.0,13.930232128416927,0.011795497098196253,0.0,0.0,0.0,0.0,11.284964234838373,0.028717632547033658,0.0,0.0
slow_regen,forest_co_management,hybrid,Hybrid oversight,high_actor,weak_overseer,2,5,0.0,0.0,13.274675425707596,0.11138949753964966,0.056484374999999996,0.02403775614950624,0.01578125,0.0064002925805925065,11.593219702062576,0.351795727883561,2.9550000000000005,0.05643995703400204
slow_regen,forest_co_management,hybrid,Hybrid oversight,low_actor,limited_overseer,-1,5,0.0,0.0,13.376178156894875,0.11874539860628996,0.13406249999999997,0.012355981874619986,0.051796874999999985,0.016217572061029587,9.949037555739746,0.3518936760009176,4.1259999999999994,0.05729467416348574
slow_regen,forest_co_management,hybrid,Hybrid oversight,low_actor,strong_overseer,-2,5,0.0,0.0,13.942103634696684,0.012339859104589413,0.0,0.0,0.0,0.0,11.257150647182602,0.04896524973367131,0.0,0.0
slow_regen,forest_co_management,hybrid,Hybrid oversight,low_actor,weak_overseer,0,5,0.0,0.0,12.90369401224938,0.079643879746003,0.173828125,0.019535546402447704,0.07171874999999997,0.019758289770332785,9.694983132458043,0.5941044991892294,2.87475,0.06008379565240531
slow_regen,forest_co_management,hybrid,Hybrid oversight,medium_actor,limited_overseer,0,5,0.0,0.0,13.272623247138043,0.24901124570581593,0.14156249999999995,0.04096809001423012,0.08367187499999998,0.029293072669921667,10.220288482596322,0.42156688320245916,4.053500000000001,0.0923602407018302
slow_regen,forest_co_management,hybrid,Hybrid oversight,medium_actor,strong_overseer,-1,5,0.0,0.0,13.917082080569632,0.007199138322559653,0.0,0.0,0.0,0.0,11.289999370794584,0.02125557188582933,0.0,0.0
slow_regen,forest_co_management,hybrid,Hybrid oversight,medium_actor,weak_overseer,1,5,0.1625,0.16249999999999998,11.800122451704187,0.9969006619132829,0.3463931127012522,0.13136227020105185,0.096953125,0.025874122494178427,10.447849442795555,0.5991525973782211,2.45,0.33710903280689464
slow_regen,forest_co_management,none,No oversight,high_actor,limited_overseer,1,5,0.00625,0.006250000000000001,11.664832290168192,0.4860519619676933,0.11816176470588236,0.11816176470588234,0.02787224264705882,0.027872242647058818,12.390121795847383,0.22986603804432812,0.0,0.0
slow_regen,forest_co_management,none,No oversight,high_actor,strong_overseer,0,5,0.00625,0.006250000000000001,11.664832290168192,0.4860519619676933,0.11816176470588236,0.11816176470588234,0.02787224264705882,0.027872242647058818,12.390121795847383,0.22986603804432812,0.0,0.0
slow_regen,forest_co_management,none,No oversight,high_actor,weak_overseer,2,5,0.00625,0.006250000000000001,11.664832290168192,0.4860519619676933,0.11816176470588236,0.11816176470588234,0.02787224264705882,0.027872242647058818,12.390121795847383,0.22986603804432812,0.0,0.0
slow_regen,forest_co_management,none,No oversight,low_actor,limited_overseer,-1,5,0.0,0.0,10.503129632239043,0.5986905762490922,0.30765625,0.15064505669111336,0.051796875000000006,0.03318027706534128,12.104510652144494,0.36373303608740204,0.0,0.0
slow_regen,forest_co_management,none,No oversight,low_actor,strong_overseer,-2,5,0.0,0.0,10.503129632239043,0.5986905762490922,0.30765625,0.15064505669111336,0.051796875000000006,0.03318027706534128,12.104510652144494,0.36373303608740204,0.0,0.0
slow_regen,forest_co_management,none,No oversight,low_actor,weak_overseer,0,5,0.0,0.0,10.503129632239043,0.5986905762490922,0.30765625,0.15064505669111336,0.051796875000000006,0.03318027706534128,12.104510652144494,0.36373303608740204,0.0,0.0
slow_regen,forest_co_management,none,No oversight,medium_actor,limited_overseer,0,5,0.0,0.0,10.563344003443458,0.5276339584691219,0.35031249999999997,0.14993627593354555,0.045703125,0.027139583763129776,12.192752744351612,0.3826700852836104,0.0,0.0
slow_regen,forest_co_management,none,No oversight,medium_actor,strong_overseer,-1,5,0.0,0.0,10.563344003443458,0.5276339584691219,0.35031249999999997,0.14993627593354555,0.045703125,0.027139583763129776,12.192752744351612,0.3826700852836104,0.0,0.0
slow_regen,forest_co_management,none,No oversight,medium_actor,weak_overseer,1,5,0.0,0.0,10.563344003443458,0.5276339584691219,0.35031249999999997,0.14993627593354555,0.045703125,0.027139583763129776,12.192752744351612,0.3826700852836104,0.0,0.0
slow_regen,forest_co_management,top_down_only,Global signal,high_actor,limited_overseer,1,5,0.0,0.0,12.861640562680543,0.148734214641636,0.1953125,0.02594467615336767,0.12210937499999996,0.0319202057658282,9.969322624773394,0.3297265892920006,4.187125,0.08207147228178625
slow_regen,forest_co_management,top_down_only,Global signal,high_actor,strong_overseer,0,5,0.0,0.0,13.92041304688641,0.009712116175054387,0.0,0.0,0.0,0.0,11.269677627784883,0.03641287804732446,0.0,0.0
slow_regen,forest_co_management,top_down_only,Global signal,high_actor,weak_overseer,2,5,0.00625,0.006250000000000001,12.78654638469262,0.12958511653413246,0.17985008445945944,0.017016192916612598,0.11606207770270267,0.017058336755843412,11.390611025960641,0.4149967064215611,2.82525,0.017515171994587946
slow_regen,forest_co_management,top_down_only,Global signal,low_actor,limited_overseer,-1,5,0.0,0.0,13.23527189161455,0.10014752132118943,0.14914062499999997,0.010989274778448768,0.08351562500000001,0.01019927784476369,10.10288163683267,0.24159917988458882,4.110375,0.0386554289524771
slow_regen,forest_co_management,top_down_only,Global signal,low_actor,strong_overseer,-2,5,0.0,0.0,13.923507183244052,0.012599594206887178,0.0,0.0,0.0,0.0,11.26703825280472,0.04926782612373316,0.0,0.0
slow_regen,forest_co_management,top_down_only,Global signal,low_actor,weak_overseer,0,5,0.0,0.0,13.059115581359501,0.1999702397039922,0.16515625,0.022430652136606225,0.113359375,0.021955905073080567,10.072146894122115,0.49251282987610984,2.89925,0.027615100036030963
slow_regen,forest_co_management,top_down_only,Global signal,medium_actor,limited_overseer,0,5,0.0,0.0,13.144007664354675,0.09983137997624478,0.166015625,0.013374557345186699,0.11351562499999998,0.008830717263213253,9.553885378309829,0.28651352312104966,4.236625000000001,0.06055040513902448
slow_regen,forest_co_management,top_down_only,Global signal,medium_actor,strong_overseer,-1,5,0.0,0.0,13.944331718143564,0.02404145062820879,0.0,0.0,0.0,0.0,11.270274338433495,0.03815106998933955,0.0,0.0
slow_regen,forest_co_management,top_down_only,Global signal,medium_actor,weak_overseer,1,5,0.025,0.018221724671391566,12.50959144753097,0.13243840106533375,0.22062959558823528,0.030816487316812736,0.15111825980392152,0.01833034939485451,10.213798984220421,0.5371044016769989,2.809,0.059420903308515884
strong_externality,community_irrigation,bottom_up_only,Local oversight,high_actor,limited_overseer,1,5,0.0,0.0,12.733464284890422,0.06626833679548615,0.00015625,0.00015625,0.0,0.0,17.355828256461514,0.05053188903372898,0.0,0.0
strong_externality,community_irrigation,bottom_up_only,Local oversight,high_actor,strong_overseer,0,5,0.0,0.0,12.733464284890422,0.06626833679548615,0.00015625,0.00015625,0.0,0.0,17.355828256461514,0.05053188903372898,0.0,0.0
strong_externality,community_irrigation,bottom_up_only,Local oversight,high_actor,weak_overseer,2,5,0.0,0.0,12.733464284890422,0.06626833679548615,0.00015625,0.00015625,0.0,0.0,17.355828256461514,0.05053188903372898,0.0,0.0
strong_externality,community_irrigation,bottom_up_only,Local oversight,low_actor,limited_overseer,-1,5,0.0,0.0,12.632731114883466,0.1845009359302854,0.0,0.0,0.0,0.0,17.159815122126723,0.09817475064920417,0.0,0.0
strong_externality,community_irrigation,bottom_up_only,Local oversight,low_actor,strong_overseer,-2,5,0.0,0.0,12.632731114883466,0.1845009359302854,0.0,0.0,0.0,0.0,17.159815122126723,0.09817475064920417,0.0,0.0
strong_externality,community_irrigation,bottom_up_only,Local oversight,low_actor,weak_overseer,0,5,0.0,0.0,12.632731114883466,0.1845009359302854,0.0,0.0,0.0,0.0,17.159815122126723,0.09817475064920417,0.0,0.0
strong_externality,community_irrigation,bottom_up_only,Local oversight,medium_actor,limited_overseer,0,5,0.0,0.0,12.5887465612924,0.35388647639501397,0.02703124999999998,0.027031249999999975,0.0,0.0,17.038032922841207,0.2568118772315308,0.0,0.0
strong_externality,community_irrigation,bottom_up_only,Local oversight,medium_actor,strong_overseer,-1,5,0.0,0.0,12.5887465612924,0.35388647639501397,0.02703124999999998,0.027031249999999975,0.0,0.0,17.038032922841207,0.2568118772315308,0.0,0.0
strong_externality,community_irrigation,bottom_up_only,Local oversight,medium_actor,weak_overseer,1,5,0.0,0.0,12.5887465612924,0.35388647639501397,0.02703124999999998,0.027031249999999975,0.0,0.0,17.038032922841207,0.2568118772315308,0.0,0.0
strong_externality,community_irrigation,hybrid,Hybrid oversight,high_actor,limited_overseer,1,5,0.0,0.0,14.045805153572314,0.28083860674051425,0.09898437499999999,0.02523830513125708,0.0009375,0.0005740991584648074,15.004902854565213,0.14481395216288837,3.4103749999999997,0.08579080661702626
strong_externality,community_irrigation,hybrid,Hybrid oversight,high_actor,strong_overseer,0,5,0.0,0.0,14.701170401055984,0.004101909537019296,0.0,0.0,0.0,0.0,15.608958831756354,0.009186648966881308,0.0,0.0
strong_externality,community_irrigation,hybrid,Hybrid oversight,high_actor,weak_overseer,2,5,0.0,0.0,13.632702640685096,0.14532608666215238,0.10937499999999997,0.02992172201331648,0.035234375,0.017656250000000002,15.518202538294412,0.18289343907192557,2.40025,0.06577471018560238
strong_externality,community_irrigation,hybrid,Hybrid oversight,low_actor,limited_overseer,-1,5,0.0,0.0,14.015781159145558,0.12333344298462193,0.071015625,0.028685123386712797,0.000234375,0.000234375,15.421862427058192,0.08015377542914118,3.3560000000000003,0.03301077002282732
strong_externality,community_irrigation,hybrid,Hybrid oversight,low_actor,strong_overseer,-2,5,0.0,0.0,14.723498549085727,0.010418144854538453,0.0,0.0,0.0,0.0,15.59228720080147,0.026389231356640928,0.0,0.0
strong_externality,community_irrigation,hybrid,Hybrid oversight,low_actor,weak_overseer,0,5,0.0,0.0,13.942171133180395,0.20995479244662515,0.07523437499999998,0.0354406035071798,0.025468749999999995,0.018969419263316942,14.933620230491707,0.29632463669596387,2.4085,0.04403194862824031
strong_externality,community_irrigation,hybrid,Hybrid oversight,medium_actor,limited_overseer,0,5,0.0,0.0,13.81445138073526,0.033209681557869304,0.11335937500000001,0.011450977160473578,0.0005468749999999999,0.00026493476496583073,15.113827590458943,0.2136694337438372,3.4698750000000005,0.053288131886940836
strong_externality,community_irrigation,hybrid,Hybrid oversight,medium_actor,strong_overseer,-1,5,0.0,0.0,14.697330565032555,0.004129278316054742,0.0,0.0,0.0,0.0,15.6242935534727,0.008953887203379694,0.0,0.0
strong_externality,community_irrigation,hybrid,Hybrid oversight,medium_actor,weak_overseer,1,5,0.0,0.0,13.649392469897482,0.09064788610230473,0.10421874999999999,0.008810650570563029,0.023906249999999997,0.008419214851216085,14.623436508473997,0.3628648852087896,2.478,0.06586634193577168
strong_externality,community_irrigation,none,No oversight,high_actor,limited_overseer,1,5,0.0,0.0,12.761824630561467,0.03568273402685661,0.0,0.0,0.0,0.0,17.46003544085805,0.06620786462856976,0.0,0.0
strong_externality,community_irrigation,none,No oversight,high_actor,strong_overseer,0,5,0.0,0.0,12.761824630561467,0.03568273402685661,0.0,0.0,0.0,0.0,17.46003544085805,0.06620786462856976,0.0,0.0
strong_externality,community_irrigation,none,No oversight,high_actor,weak_overseer,2,5,0.0,0.0,12.761824630561467,0.03568273402685661,0.0,0.0,0.0,0.0,17.46003544085805,0.06620786462856976,0.0,0.0
strong_externality,community_irrigation,none,No oversight,low_actor,limited_overseer,-1,5,0.0,0.0,12.998707264925148,0.19399614164634185,0.0,0.0,0.0,0.0,17.276381216976013,0.05968650382885984,0.0,0.0
strong_externality,community_irrigation,none,No oversight,low_actor,strong_overseer,-2,5,0.0,0.0,12.998707264925148,0.19399614164634185,0.0,0.0,0.0,0.0,17.276381216976013,0.05968650382885984,0.0,0.0
strong_externality,community_irrigation,none,No oversight,low_actor,weak_overseer,0,5,0.0,0.0,12.998707264925148,0.19399614164634185,0.0,0.0,0.0,0.0,17.276381216976013,0.05968650382885984,0.0,0.0
strong_externality,community_irrigation,none,No oversight,medium_actor,limited_overseer,0,5,0.0,0.0,12.71686546389161,0.1272305904508409,0.0,0.0,0.0,0.0,17.393905613441557,0.06835351915212953,0.0,0.0
strong_externality,community_irrigation,none,No oversight,medium_actor,strong_overseer,-1,5,0.0,0.0,12.71686546389161,0.1272305904508409,0.0,0.0,0.0,0.0,17.393905613441557,0.06835351915212953,0.0,0.0
strong_externality,community_irrigation,none,No oversight,medium_actor,weak_overseer,1,5,0.0,0.0,12.71686546389161,0.1272305904508409,0.0,0.0,0.0,0.0,17.393905613441557,0.06835351915212953,0.0,0.0
strong_externality,community_irrigation,top_down_only,Global signal,high_actor,limited_overseer,1,5,0.0,0.0,13.918972613279433,0.0948765144139814,0.11656249999999999,0.008479892059214993,0.00257812499999998,0.0015058074427653288,13.973386779483098,0.6449264203818907,3.628,0.11113167865194873
strong_externality,community_irrigation,top_down_only,Global signal,high_actor,strong_overseer,0,5,0.0,0.0,14.700715787521915,0.004090748524561163,0.0,0.0,0.0,0.0,15.609089841560404,0.00923972225737365,0.0,0.0
strong_externality,community_irrigation,top_down_only,Global signal,high_actor,weak_overseer,2,5,0.0,0.0,13.566726186795014,0.15215547270195004,0.1453125,0.027656691380658675,0.042578125,0.019808577958606403,14.999510814600209,0.14804078153959166,2.3285000000000005,0.03745914441094461
strong_externality,community_irrigation,top_down_only,Global signal,low_actor,limited_overseer,-1,5,0.0,0.0,13.97164039570976,0.1336841131373341,0.0871875,0.02376701949804208,0.000390625,0.0003906250000000001,15.255661751728468,0.09067498835445477,3.40075,0.05863765854806962
strong_externality,community_irrigation,top_down_only,Global signal,low_actor,strong_overseer,-2,5,0.0,0.0,14.710849137448614,0.008583717147503068,0.0,0.0,0.0,0.0,15.588962666831128,0.025188878908165496,0.0,0.0
strong_externality,community_irrigation,top_down_only,Global signal,low_actor,weak_overseer,0,5,0.0,0.0,13.660334126361144,0.09490596059276363,0.12210937499999999,0.027593059872457058,0.031953125,0.011982959091716452,14.7006671181824,0.302542876509176,2.36525,0.04323157121826589
strong_externality,community_irrigation,top_down_only,Global signal,medium_actor,limited_overseer,0,5,0.0,0.0,13.721005352179844,0.02023783808347114,0.13421875,0.0025091385707424574,0.00578125,0.0026098895450765726,14.714489589472839,0.21419841146423496,3.5067500000000003,0.04442840096717416
strong_externality,community_irrigation,top_down_only,Global signal,medium_actor,strong_overseer,-1,5,0.0,0.0,14.699492618186355,0.0032035353230553633,0.0,0.0,0.0,0.0,15.615056250000004,0.010568565196492016,0.0,0.0
strong_externality,community_irrigation,top_down_only,Global signal,medium_actor,weak_overseer,1,5,0.0,0.0,13.918350468518417,0.13502154218045126,0.106640625,0.025150608354191698,0.04843749999999998,0.021724159061148083,12.98619662512886,0.7644989461610687,2.5549999999999997,0.09524967191544544
strong_externality,forest_co_management,bottom_up_only,Local oversight,high_actor,limited_overseer,1,5,0.0,0.0,12.283518227092774,0.09906588363418187,0.000625,0.000625,0.0,0.0,14.570468061483727,0.0844870071261789,0.0,0.0
strong_externality,forest_co_management,bottom_up_only,Local oversight,high_actor,strong_overseer,0,5,0.0,0.0,12.283518227092774,0.09906588363418187,0.000625,0.000625,0.0,0.0,14.570468061483727,0.0844870071261789,0.0,0.0
strong_externality,forest_co_management,bottom_up_only,Local oversight,high_actor,weak_overseer,2,5,0.0,0.0,12.283518227092774,0.09906588363418187,0.000625,0.000625,0.0,0.0,14.570468061483727,0.0844870071261789,0.0,0.0
strong_externality,forest_co_management,bottom_up_only,Local oversight,low_actor,limited_overseer,-1,5,0.0,0.0,12.194181224143946,0.26431948335400623,0.00023437500000000005,0.00015625000000000003,0.0,0.0,14.636242036304953,0.15813448426477714,0.0,0.0
strong_externality,forest_co_management,bottom_up_only,Local oversight,low_actor,strong_overseer,-2,5,0.0,0.0,12.194181224143946,0.26431948335400623,0.00023437500000000005,0.00015625000000000003,0.0,0.0,14.636242036304953,0.15813448426477714,0.0,0.0
strong_externality,forest_co_management,bottom_up_only,Local oversight,low_actor,weak_overseer,0,5,0.0,0.0,12.194181224143946,0.26431948335400623,0.00023437500000000005,0.00015625000000000003,0.0,0.0,14.636242036304953,0.15813448426477714,0.0,0.0
strong_externality,forest_co_management,bottom_up_only,Local oversight,medium_actor,limited_overseer,0,5,0.0,0.0,12.050359453555492,0.14976819356283186,0.0121875,0.011992505594315455,0.0,0.0,14.39616640028766,0.07301168215682714,0.0,0.0
strong_externality,forest_co_management,bottom_up_only,Local oversight,medium_actor,strong_overseer,-1,5,0.0,0.0,12.050359453555492,0.14976819356283186,0.0121875,0.011992505594315455,0.0,0.0,14.39616640028766,0.07301168215682714,0.0,0.0
strong_externality,forest_co_management,bottom_up_only,Local oversight,medium_actor,weak_overseer,1,5,0.0,0.0,12.050359453555492,0.14976819356283186,0.0121875,0.011992505594315455,0.0,0.0,14.39616640028766,0.07301168215682714,0.0,0.0
strong_externality,forest_co_management,hybrid,Hybrid oversight,high_actor,limited_overseer,1,5,0.0,0.0,13.482283670335553,0.20907338928352037,0.13304687499999995,0.030546425428277398,0.04523437499999998,0.023790120820054956,12.201877061242282,0.5850526350725019,3.7885000000000004,0.11897816895338413
strong_externality,forest_co_management,hybrid,Hybrid oversight,high_actor,strong_overseer,0,5,0.0,0.0,14.173594131470718,0.006672350320500923,0.0,0.0,0.0,0.0,12.952874322892683,0.021624432471719555,0.0,0.0
strong_externality,forest_co_management,hybrid,Hybrid oversight,high_actor,weak_overseer,2,5,0.0,0.0,14.026605597186762,0.15656420001867816,0.025234374999999996,0.011835744119707366,0.0010937499999999999,0.0006697823515422753,13.299637522434633,0.2537693474968932,2.73,0.08967911546173941
strong_externality,forest_co_management,hybrid,Hybrid oversight,low_actor,limited_overseer,-1,5,0.0,0.0,13.759403578771469,0.19964448196021345,0.08226562499999998,0.01880550054069122,0.018515625,0.013004116873669758,11.77996097000403,0.4475980055106414,3.829625000000001,0.07473771847266952
strong_externality,forest_co_management,hybrid,Hybrid oversight,low_actor,strong_overseer,-2,5,0.0,0.0,14.182568464726183,0.011166536346232329,0.0,0.0,0.0,0.0,12.94124023620688,0.031271028815257666,0.0,0.0
strong_externality,forest_co_management,hybrid,Hybrid oversight,low_actor,weak_overseer,0,5,0.0,0.0,13.50456752283883,0.12937351127139313,0.108515625,0.024382448281083,0.018515625,0.007747384891448856,11.953729615487228,0.49666488415877064,2.634,0.050915677840916565
strong_externality,forest_co_management,hybrid,Hybrid oversight,medium_actor,limited_overseer,0,5,0.0,0.0,13.735533766764737,0.3254452624946136,0.104375,0.04058843757338335,0.041640625,0.023010299366873196,11.951395769592414,0.695184458208596,3.741625,0.1258335644313552
strong_externality,forest_co_management,hybrid,Hybrid oversight,medium_actor,strong_overseer,-1,5,0.0,0.0,14.16368561505708,0.005252346254245745,0.0,0.0,0.0,0.0,12.95542498828238,0.015127226932735799,0.0,0.0
strong_externality,forest_co_management,hybrid,Hybrid oversight,medium_actor,weak_overseer,1,5,0.00625,0.006250000000000001,13.233175815677999,0.20404867849514344,0.1353645833333333,0.019903424530748847,0.03742187499999998,0.012481309268449654,11.699776146952491,0.7143456667764051,2.6705,0.0935678229948736
strong_externality,forest_co_management,none,No oversight,high_actor,limited_overseer,1,5,0.0,0.0,12.27772611210052,0.1811865038417824,0.011171875000000001,0.011171875000000001,0.0,0.0,14.38232392751396,0.05905639122120485,0.0,0.0
strong_externality,forest_co_management,none,No oversight,high_actor,strong_overseer,0,5,0.0,0.0,12.27772611210052,0.1811865038417824,0.011171875000000001,0.011171875000000001,0.0,0.0,14.38232392751396,0.05905639122120485,0.0,0.0
strong_externality,forest_co_management,none,No oversight,high_actor,weak_overseer,2,5,0.0,0.0,12.27772611210052,0.1811865038417824,0.011171875000000001,0.011171875000000001,0.0,0.0,14.38232392751396,0.05905639122120485,0.0,0.0
strong_externality,forest_co_management,none,No oversight,low_actor,limited_overseer,-1,5,0.0,0.0,12.083829564257229,0.18923121543816535,0.00671875,0.006524022241756806,7.8125e-05,7.8125e-05,14.566989835761182,0.1817536884660782,0.0,0.0
strong_externality,forest_co_management,none,No oversight,low_actor,strong_overseer,-2,5,0.0,0.0,12.083829564257229,0.18923121543816535,0.00671875,0.006524022241756806,7.8125e-05,7.8125e-05,14.566989835761182,0.1817536884660782,0.0,0.0
strong_externality,forest_co_management,none,No oversight,low_actor,weak_overseer,0,5,0.0,0.0,12.083829564257229,0.18923121543816535,0.00671875,0.006524022241756806,7.8125e-05,7.8125e-05,14.566989835761182,0.1817536884660782,0.0,0.0
strong_externality,forest_co_management,none,No oversight,medium_actor,limited_overseer,0,5,0.0,0.0,11.914065608446087,0.15617043350068172,0.028046875,0.01864161381493029,0.0,0.0,14.812289451299502,0.0706216063359924,0.0,0.0
strong_externality,forest_co_management,none,No oversight,medium_actor,strong_overseer,-1,5,0.0,0.0,11.914065608446087,0.15617043350068172,0.028046875,0.01864161381493029,0.0,0.0,14.812289451299502,0.0706216063359924,0.0,0.0
strong_externality,forest_co_management,none,No oversight,medium_actor,weak_overseer,1,5,0.0,0.0,11.914065608446087,0.15617043350068172,0.028046875,0.01864161381493029,0.0,0.0,14.812289451299502,0.0706216063359924,0.0,0.0
strong_externality,forest_co_management,top_down_only,Global signal,high_actor,limited_overseer,1,5,0.0,0.0,13.035832522785578,0.16384857909583703,0.19359375,0.023039127405385006,0.08859375,0.025032754421863215,12.202426878852743,0.22946485041994083,3.824375,0.05183394459714601
strong_externality,forest_co_management,top_down_only,Global signal,high_actor,strong_overseer,0,5,0.0,0.0,14.163906634100746,0.007048593593620301,0.0,0.0,0.0,0.0,12.945934376366642,0.021549417695995634,0.0,0.0
strong_externality,forest_co_management,top_down_only,Global signal,high_actor,weak_overseer,2,5,0.0,0.0,13.005656292354667,0.14430607037552334,0.18601562499999996,0.021322329226255092,0.07921875,0.017623379247288243,12.93915476878569,0.31629276955763164,2.54275,0.028110829763633764
strong_externality,forest_co_management,top_down_only,Global signal,low_actor,limited_overseer,-1,5,0.0,0.0,13.550750830293794,0.1742013720697725,0.12281250000000002,0.02192885390961102,0.03265625,0.016630535380174925,12.205782148016898,0.27143120020975364,3.7371250000000003,0.047799058568134954
strong_externality,forest_co_management,top_down_only,Global signal,low_actor,strong_overseer,-2,5,0.0,0.0,14.169723455108294,0.01212301676263166,0.0,0.0,0.0,0.0,12.950457947499364,0.021107165169055288,0.0,0.0
strong_externality,forest_co_management,top_down_only,Global signal,low_actor,weak_overseer,0,5,0.0,0.0,13.234003751899204,0.2626925923409466,0.17109375,0.03367880765349239,0.07554687500000001,0.02637213495250479,12.504143191297015,0.306868383224892,2.5212499999999998,0.05343366214288524
strong_externality,forest_co_management,top_down_only,Global signal,medium_actor,limited_overseer,0,5,0.0,0.0,13.557440636035764,0.1292101569595486,0.14437499999999998,0.01358544106697957,0.06390624999999997,0.012011067690688973,11.152408844121492,0.3673085651960564,3.963374999999999,0.06633473354887312
strong_externality,forest_co_management,top_down_only,Global signal,medium_actor,strong_overseer,-1,5,0.0,0.0,14.185899567385013,0.016495403880018536,0.0,0.0,0.0,0.0,12.914150443236343,0.03311529334104426,0.0,0.0
strong_externality,forest_co_management,top_down_only,Global signal,medium_actor,weak_overseer,1,5,0.0,0.0,13.15635591114739,0.1896864814093007,0.197421875,0.032017336917383524,0.08460937500000001,0.016612634175765518,12.341160839856759,0.3170434403159091,2.5545,0.044589446621369856
