stress_regime,condition,condition_label,n_rows,garden_failure_rate_mean,garden_failure_rate_sem,mean_patch_health_mean,mean_patch_health_sem,global_unsafe_rate_mean,global_unsafe_rate_sem,local_pass_global_fail_rate_mean,local_pass_global_fail_rate_sem,mean_welfare_mean,mean_welfare_sem,governance_budget_spent_mean,governance_budget_spent_sem
held_out_average,bottom_up_only,Local oversight,5,0.04746527777777777,0.008652881233218694,11.624223746318899,0.22137993158533484,0.13921308725295906,0.033214730051200236,0.011829868889721349,0.0039626210915549125,14.67855715199201,0.07406992355631865,0.0,0.0
held_out_average,hybrid,Hybrid oversight,5,0.002418981481481481,0.0011114124784201086,14.332414526161608,0.07136356933484331,0.04102692417693562,0.00762873373199621,0.012397277980034028,0.004244264982323992,12.516256189983162,0.11678961693970782,2.0453993055555553,0.02741515366152076
held_out_average,none,No oversight,5,0.06902777777777777,0.00972909448333521,11.415601762093756,0.2420899411426058,0.19411949841846393,0.03417777403443175,0.020553463498804325,0.010327914947847057,14.746599410102567,0.10769898631814523,0.0,0.0
held_out_average,top_down_only,Global signal,5,0.0010300925925925924,0.000370166863939466,14.216996886976569,0.0316998952120405,0.06126798156455486,0.004279119659318669,0.02347962322142045,0.0025895974088479337,12.33893971735451,0.09531743831909374,2.0980092592592596,0.011431166563554212
low_init,bottom_up_only,Local oversight,5,0.04694444444444444,0.008337961677668685,11.742135771389556,0.2191866480693561,0.12409238743469111,0.02970154128020519,0.0076929151616492095,0.003262191438257089,14.972218616876116,0.07406702010813489,0.0,0.0
low_init,hybrid,Hybrid oversight,5,0.002523148148148148,0.0015220677525932362,14.391371984170783,0.07241440052902885,0.039459386509627256,0.007185145927005415,0.010953803170528601,0.003652943226616231,12.710571960717965,0.14170132882079806,2.026698611111111,0.030212855463637167
low_init,none,No oversight,5,0.06,0.012014792034132625,11.602279994152827,0.2452843469218014,0.16561683314103087,0.034350904697857426,0.009646208623535385,0.0046313801555279656,15.085281707405773,0.10627167849368221,0.0,0.0
low_init,top_down_only,Global signal,5,0.00275462962962963,0.0014341580852821792,14.273878168801469,0.0355292354750345,0.061308031121399174,0.0046425516847157944,0.02161856838506144,0.0028024999523254884,12.546857260979918,0.11264077215287288,2.0723875000000005,0.012363065861011569
noisy_weather,bottom_up_only,Local oversight,5,0.04715277777777778,0.008462824934039312,11.782437376394432,0.2070428380809051,0.11899220246732463,0.02571785308572259,0.006981583474383853,0.003154318907727681,15.083875975628766,0.07068101192185111,0.0,0.0
noisy_weather,hybrid,Hybrid oversight,5,0.00032407407407407406,0.0001880564445517583,14.457219910515722,0.06702760326385902,0.0324673921927292,0.007040922417182235,0.007532941509180167,0.0032334634047371026,12.838011129453534,0.11254567601706585,2.006962037037037,0.02781775950370064
noisy_weather,none,No oversight,5,0.06604166666666667,0.011897314965783739,11.595212799302043,0.23271516840218548,0.16876169694502796,0.03213070090202967,0.010518476019722582,0.0061499533526166794,15.17234400093117,0.10955129239016298,0.0,0.0
noisy_weather,top_down_only,Global signal,5,0.0,0.0,14.329134061845343,0.03592853578472848,0.05357812499999999,0.0045429613851181464,0.01680613425925926,0.002365277311241055,12.646430146628173,0.09975010028789091,2.0587930555555554,0.011459166884196714
slow_regen,bottom_up_only,Local oversight,5,0.04902777777777777,0.00971068263579273,11.186435455068324,0.27087702307057254,0.19904782294724208,0.053387935154964546,0.025445311730507673,0.007543645065538374,13.613187241964667,0.08899853688228647,0.0,0.0
slow_regen,hybrid,Hybrid oversight,5,0.006412037037037037,0.0031223411185129423,14.05409915731947,0.0747166924734085,0.05640204716016831,0.008818388003830717,0.022678129731493937,0.006619323853861169,11.623466325518885,0.11418811609878918,2.141037962962963,0.026672520642901154
slow_regen,none,No oversight,5,0.08861111111111111,0.008598501071641054,10.829814137311178,0.2738124453848463,0.2830551462443399,0.043977986495091215,0.052748817806897164,0.025766699245282045,13.571617684987398,0.12442760406682843,0.0,0.0
slow_regen,top_down_only,Global signal,5,0.0013194444444444445,0.0003743278154813942,13.980051792003877,0.023619355656932156,0.07151518101488795,0.0036090298808451053,0.03662745010103522,0.0029284038623893192,11.418181591921549,0.07201717368880144,2.207127314814815,0.010331023523662492
strong_externality,bottom_up_only,Local oversight,5,0.04673611111111111,0.008207675288531785,11.78588638242329,0.19206927485673783,0.1147199361625785,0.02426073086267508,0.007199665192344669,0.0031671968523505844,15.04494677349848,0.06617659615043471,0.0,0.0
strong_externality,hybrid,Hybrid oversight,5,0.00041666666666666664,0.00038837874387876185,14.426967052640455,0.07273375360089598,0.0357788708452177,0.0077384696137025736,0.00842423750893342,0.0037282033146436616,12.89297534424226,0.10430293082153803,2.006898611111111,0.026736256988138123
strong_externality,none,No oversight,5,0.06145833333333332,0.011995510187586596,11.635100117608975,0.2292862381868714,0.15904431734345703,0.031631286938930865,0.009300351545062167,0.004906065461957778,15.157154247085924,0.1076270240827983,0.0,0.0
strong_externality,top_down_only,Global signal,5,4.62962962962963e-05,2.8350575726657152e-05,14.28492352525559,0.03635331581771666,0.058670589121932314,0.004690120270194068,0.01886634014032588,0.0025889172330454346,12.744289869888409,0.09920863771259984,2.053729166666667,0.011816195527524309
