scenario,control,mechanism,approved_steps,approved_onset_count,approved_persistence_count,clean_prefix_onset_count,own_model_approval_steps,own_model_mismatch_steps,own_model_onset_count,t_end
community_irrigation,base,communication,17,0,0,0,6335,0,0,6400
community_irrigation,base,joint_reference,31,0,0,0,6279,0,0,6400
community_irrigation,base,local_cutoff,0,0,0,0,6400,0,0,6400
community_irrigation,base,local_state,31,0,0,0,6400,0,0,6400
community_irrigation,base,neighborhood_off,2182,0,0,0,6400,0,0,6400
community_irrigation,base,neighborhood_on,2017,0,0,0,6400,0,0,6400
community_irrigation,base,none,31,0,0,0,6279,0,0,6400
community_irrigation,base,signal_only,3156,0,0,0,6400,0,0,6400
community_irrigation,base,uniform_off,2994,0,0,0,6400,0,0,6400
community_irrigation,base,uniform_on,2792,0,0,0,6400,0,0,6400
community_irrigation,neither,joint_reference,0,0,0,0,6400,0,0,6400
community_irrigation,neither,local_cutoff,0,0,0,0,6400,0,0,6400
community_irrigation,neither,local_state,0,0,0,0,6400,0,0,6400
community_irrigation,neither,none,0,0,0,0,6400,0,0,6400
community_irrigation,no_spillover,joint_reference,1,0,0,0,6400,0,0,6400
community_irrigation,no_spillover,local_cutoff,0,0,0,0,6400,0,0,6400
community_irrigation,no_spillover,local_state,1,0,0,0,6400,0,0,6400
community_irrigation,no_spillover,none,1,0,0,0,6400,0,0,6400
community_irrigation,no_weather,joint_reference,88,0,0,0,6368,0,0,6400
community_irrigation,no_weather,local_cutoff,0,0,0,0,6400,0,0,6400
community_irrigation,no_weather,local_state,88,0,0,0,6400,0,0,6400
community_irrigation,no_weather,none,88,0,0,0,6368,0,0,6400
forest_co_management,base,communication,323,0,0,0,6017,0,0,6400
forest_co_management,base,joint_reference,453,0,0,0,5138,0,0,6400
forest_co_management,base,local_cutoff,0,0,0,0,6400,0,0,6400
forest_co_management,base,local_state,418,0,0,0,6400,1,1,6400
forest_co_management,base,neighborhood_off,2830,0,0,0,6341,0,0,6400
forest_co_management,base,neighborhood_on,2729,0,0,0,6370,0,0,6400
forest_co_management,base,none,454,0,0,0,5138,0,0,6400
forest_co_management,base,signal_only,3942,0,0,0,6328,0,0,6400
forest_co_management,base,uniform_off,3823,0,0,0,6337,0,0,6400
forest_co_management,base,uniform_on,3625,0,0,0,6381,0,0,6400
forest_co_management,neither,joint_reference,72,0,0,0,5848,0,0,6400
forest_co_management,neither,local_cutoff,0,0,0,0,6400,0,0,6400
forest_co_management,neither,local_state,64,0,0,0,6400,0,0,6400
forest_co_management,neither,none,72,0,0,0,5848,0,0,6400
forest_co_management,no_spillover,joint_reference,58,0,0,0,5720,0,0,6400
forest_co_management,no_spillover,local_cutoff,0,0,0,0,6400,0,0,6400
forest_co_management,no_spillover,local_state,52,0,0,0,6400,0,0,6400
forest_co_management,no_spillover,none,58,0,0,0,5720,0,0,6400
forest_co_management,no_weather,joint_reference,432,0,0,0,5600,0,0,6400
forest_co_management,no_weather,local_cutoff,0,0,0,0,6400,0,0,6400
forest_co_management,no_weather,local_state,488,0,0,0,6400,0,0,6400
forest_co_management,no_weather,none,432,0,0,0,5600,0,0,6400
