step,mean_patch_health_before,mean_patch_health_after,failed_patch_fraction_after,mean_requested_harvest,mean_realized_harvest,max_requested_frac,mean_requested_frac,local_safe_action_fraction,all_local_safe,global_unsafe,local_pass_global_fail,active_cap_fraction,targeted_agent_fraction,missed_target_rate,governance_budget_spent,condition,condition_label,scenario_preset,scenario_label,actor_capability_level,overseer_capability_level,capability_gap,regime_name,seed,run_id,generation
0,12.5,12.039665179680043,0.0,17.32471450049416,17.324714500494157,0.8017058343824632,0.4812420694581711,0.5,0,0,0,-1.0,0.0,0.0,0.0,bottom_up_only,Local oversight,forest_co_management,High-coupling commons,low_actor,limited_overseer,-1,noisy_weather,10001032,1,1
1,12.039665179680043,11.836593885995924,0.0,15.727026354070532,15.727026354070532,0.762614788579964,0.4368618431686259,0.5,0,0,0,-1.0,0.0,0.0,0.0,bottom_up_only,Local oversight,forest_co_management,High-coupling commons,low_actor,limited_overseer,-1,noisy_weather,10001032,1,1
2,11.836593885995924,11.511397008968013,0.0,14.136739115687785,14.136739115687785,0.5354244766451921,0.39268719765799404,0.6666666666666666,0,0,0,-1.0,0.0,0.0,0.0,bottom_up_only,Local oversight,forest_co_management,High-coupling commons,low_actor,limited_overseer,-1,noisy_weather,10001032,1,1
3,11.511397008968013,11.788711148323943,0.0,12.284863609654126,12.284863609654128,0.5355189188484557,0.3412462113792813,0.8333333333333334,0,0,0,-1.0,0.0,0.0,0.0,bottom_up_only,Local oversight,forest_co_management,High-coupling commons,low_actor,limited_overseer,-1,noisy_weather,10001032,1,1
4,11.788711148323943,10.235343993509579,0.16666666666666666,18.281448799681016,18.28144879968102,0.7049220914946194,0.5078180222133616,0.3333333333333333,0,0,0,-1.0,0.0,0.0,0.0,bottom_up_only,Local oversight,forest_co_management,High-coupling commons,low_actor,limited_overseer,-1,noisy_weather,10001032,1,1
5,10.235343993509579,10.084859027187347,0.3333333333333333,12.284863609654126,12.284863609654128,0.5355189188484557,0.3412462113792813,0.8333333333333334,0,0,0,-1.0,0.0,0.0,0.0,bottom_up_only,Local oversight,forest_co_management,High-coupling commons,low_actor,limited_overseer,-1,noisy_weather,10001032,1,1
6,10.084859027187347,9.680788434619547,0.3333333333333333,12.910086757859574,12.910086757859572,0.7005915680775753,0.35861352105165484,0.8333333333333334,0,1,0,-1.0,0.0,0.0,0.0,bottom_up_only,Local oversight,forest_co_management,High-coupling commons,low_actor,limited_overseer,-1,noisy_weather,10001032,1,1
7,9.680788434619547,9.219799176364766,0.3333333333333333,12.082722893173624,10.837742329248771,0.6499570711373107,0.3356311914770451,0.8333333333333334,0,1,0,-1.0,0.0,0.0,0.0,bottom_up_only,Local oversight,forest_co_management,High-coupling commons,low_actor,limited_overseer,-1,noisy_weather,10001032,1,1
8,9.219799176364766,9.65966384588196,0.3333333333333333,10.424049983519984,8.42712324288066,0.37612512972136813,0.2895569439866662,1.0,1,1,1,-1.0,0.0,0.0,0.0,bottom_up_only,Local oversight,forest_co_management,High-coupling commons,low_actor,limited_overseer,-1,noisy_weather,10001032,1,1
9,9.65966384588196,9.403719659193106,0.3333333333333333,12.910086757859574,10.328754836020224,0.7005915680775753,0.35861352105165484,0.8333333333333334,0,1,0,-1.0,0.0,0.0,0.0,bottom_up_only,Local oversight,forest_co_management,High-coupling commons,low_actor,limited_overseer,-1,noisy_weather,10001032,1,1
10,9.403719659193106,8.937335462750193,0.3333333333333333,12.910086757859574,10.328754836020224,0.7005915680775753,0.35861352105165484,0.8333333333333334,0,1,0,-1.0,0.0,0.0,0.0,bottom_up_only,Local oversight,forest_co_management,High-coupling commons,low_actor,limited_overseer,-1,noisy_weather,10001032,1,1
11,8.937335462750193,8.976689315124107,0.3333333333333333,12.67762379173455,10.096291869895202,0.6468264900451514,0.35215621643707085,0.8333333333333334,0,1,0,-1.0,0.0,0.0,0.0,bottom_up_only,Local oversight,forest_co_management,High-coupling commons,low_actor,limited_overseer,-1,noisy_weather,10001032,1,1
12,8.976689315124107,8.941880181845047,0.3333333333333333,10.424049983519984,8.035600252669337,0.37612512972136813,0.2895569439866662,1.0,1,1,1,-1.0,0.0,0.0,0.0,bottom_up_only,Local oversight,forest_co_management,High-coupling commons,low_actor,limited_overseer,-1,noisy_weather,10001032,1,1
13,8.941880181845047,9.157912276823112,0.3333333333333333,10.424049983519984,7.8427180616806345,0.37612512972136813,0.2895569439866662,1.0,1,1,1,-1.0,0.0,0.0,0.0,bottom_up_only,Local oversight,forest_co_management,High-coupling commons,low_actor,limited_overseer,-1,noisy_weather,10001032,1,1
14,9.157912276823112,9.41739238568592,0.3333333333333333,10.424049983519984,8.514923203516384,0.37612512972136813,0.2895569439866662,1.0,1,1,1,-1.0,0.0,0.0,0.0,bottom_up_only,Local oversight,forest_co_management,High-coupling commons,low_actor,limited_overseer,-1,noisy_weather,10001032,1,1
15,9.41739238568592,9.583776218686685,0.3333333333333333,10.424049983519984,9.192579222894725,0.37612512972136813,0.2895569439866662,1.0,1,1,1,-1.0,0.0,0.0,0.0,bottom_up_only,Local oversight,forest_co_management,High-coupling commons,low_actor,limited_overseer,-1,noisy_weather,10001032,1,1
16,9.583776218686685,9.740004522936756,0.3333333333333333,10.424049983519984,7.906339353869355,0.37612512972136813,0.2895569439866662,1.0,1,1,1,-1.0,0.0,0.0,0.0,bottom_up_only,Local oversight,forest_co_management,High-coupling commons,low_actor,limited_overseer,-1,noisy_weather,10001032,1,1
17,9.740004522936756,9.323492619450901,0.3333333333333333,12.910086757859574,10.328754836020224,0.7005915680775753,0.35861352105165484,0.8333333333333334,0,1,0,-1.0,0.0,0.0,0.0,bottom_up_only,Local oversight,forest_co_management,High-coupling commons,low_actor,limited_overseer,-1,noisy_weather,10001032,1,1
18,9.323492619450901,9.482185310112705,0.3333333333333333,10.424049983519984,8.06477801531033,0.37612512972136813,0.2895569439866662,1.0,1,1,1,-1.0,0.0,0.0,0.0,bottom_up_only,Local oversight,forest_co_management,High-coupling commons,low_actor,limited_overseer,-1,noisy_weather,10001032,1,1
19,9.482185310112705,9.298145783921415,0.3333333333333333,12.910086757859574,10.328754836020224,0.7005915680775753,0.35861352105165484,0.8333333333333334,0,1,0,-1.0,0.0,0.0,0.0,bottom_up_only,Local oversight,forest_co_management,High-coupling commons,low_actor,limited_overseer,-1,noisy_weather,10001032,1,1
20,9.298145783921415,9.73486426990521,0.3333333333333333,10.424049983519984,7.995174443536761,0.37612512972136813,0.2895569439866662,1.0,1,1,1,-1.0,0.0,0.0,0.0,bottom_up_only,Local oversight,forest_co_management,High-coupling commons,low_actor,limited_overseer,-1,noisy_weather,10001032,1,1
21,9.73486426990521,10.101898704256882,0.3333333333333333,10.424049983519984,9.115246791810065,0.37612512972136813,0.2895569439866662,1.0,1,0,0,-1.0,0.0,0.0,0.0,bottom_up_only,Local oversight,forest_co_management,High-coupling commons,low_actor,limited_overseer,-1,noisy_weather,10001032,1,1
22,10.101898704256882,9.44135865976031,0.3333333333333333,15.16366056607414,13.773017695818762,0.7005915680775753,0.4212127935020595,0.6666666666666666,0,1,0,-1.0,0.0,0.0,0.0,bottom_up_only,Local oversight,forest_co_management,High-coupling commons,low_actor,limited_overseer,-1,noisy_weather,10001032,1,1
23,9.44135865976031,9.76131333618306,0.3333333333333333,10.424049983519984,8.280033272812725,0.37612512972136813,0.2895569439866662,1.0,1,1,1,-1.0,0.0,0.0,0.0,bottom_up_only,Local oversight,forest_co_management,High-coupling commons,low_actor,limited_overseer,-1,noisy_weather,10001032,1,1
24,9.76131333618306,9.598788826016696,0.3333333333333333,12.910086757859574,10.328754836020224,0.7005915680775753,0.35861352105165484,0.8333333333333334,0,1,0,-1.0,0.0,0.0,0.0,bottom_up_only,Local oversight,forest_co_management,High-coupling commons,low_actor,limited_overseer,-1,noisy_weather,10001032,1,1
25,9.598788826016696,9.971441123185086,0.3333333333333333,10.424049983519984,8.056607412587857,0.37612512972136813,0.2895569439866662,1.0,1,1,1,-1.0,0.0,0.0,0.0,bottom_up_only,Local oversight,forest_co_management,High-coupling commons,low_actor,limited_overseer,-1,noisy_weather,10001032,1,1
26,9.971441123185086,9.730996066386469,0.3333333333333333,12.082722893173624,9.693250099283603,0.6499570711373107,0.3356311914770451,0.8333333333333334,0,1,0,-1.0,0.0,0.0,0.0,bottom_up_only,Local oversight,forest_co_management,High-coupling commons,low_actor,limited_overseer,-1,noisy_weather,10001032,1,1
27,9.730996066386469,9.70258267212097,0.3333333333333333,12.910086757859574,10.328754836020224,0.7005915680775753,0.35861352105165484,0.8333333333333334,0,1,0,-1.0,0.0,0.0,0.0,bottom_up_only,Local oversight,forest_co_management,High-coupling commons,low_actor,limited_overseer,-1,noisy_weather,10001032,1,1
28,9.70258267212097,9.52323820090117,0.3333333333333333,12.67762379173455,10.70957064074621,0.6468264900451514,0.35215621643707085,0.8333333333333334,0,1,0,-1.0,0.0,0.0,0.0,bottom_up_only,Local oversight,forest_co_management,High-coupling commons,low_actor,limited_overseer,-1,noisy_weather,10001032,1,1
29,9.52323820090117,9.332590167808375,0.3333333333333333,12.910086757859574,10.390012576938885,0.7005915680775753,0.35861352105165484,0.8333333333333334,0,1,0,-1.0,0.0,0.0,0.0,bottom_up_only,Local oversight,forest_co_management,High-coupling commons,low_actor,limited_overseer,-1,noisy_weather,10001032,1,1
30,9.332590167808375,9.510422317020145,0.3333333333333333,10.424049983519984,8.323298892508799,0.37612512972136813,0.2895569439866662,1.0,1,1,1,-1.0,0.0,0.0,0.0,bottom_up_only,Local oversight,forest_co_management,High-coupling commons,low_actor,limited_overseer,-1,noisy_weather,10001032,1,1
31,9.510422317020145,9.713092109577362,0.3333333333333333,10.424049983519984,7.8427180616806345,0.37612512972136813,0.2895569439866662,1.0,1,1,1,-1.0,0.0,0.0,0.0,bottom_up_only,Local oversight,forest_co_management,High-coupling commons,low_actor,limited_overseer,-1,noisy_weather,10001032,1,1
32,9.713092109577362,9.51599499938443,0.3333333333333333,12.910086757859574,11.012329373112449,0.7005915680775753,0.35861352105165484,0.8333333333333334,0,1,0,-1.0,0.0,0.0,0.0,bottom_up_only,Local oversight,forest_co_management,High-coupling commons,low_actor,limited_overseer,-1,noisy_weather,10001032,1,1
33,9.51599499938443,9.283754197420917,0.3333333333333333,12.67762379173455,10.096291869895202,0.6468264900451514,0.35215621643707085,0.8333333333333334,0,1,0,-1.0,0.0,0.0,0.0,bottom_up_only,Local oversight,forest_co_management,High-coupling commons,low_actor,limited_overseer,-1,noisy_weather,10001032,1,1
34,9.283754197420917,9.159397527851691,0.3333333333333333,12.082722893173624,9.577703587948868,0.6499570711373107,0.3356311914770451,0.8333333333333334,0,1,0,-1.0,0.0,0.0,0.0,bottom_up_only,Local oversight,forest_co_management,High-coupling commons,low_actor,limited_overseer,-1,noisy_weather,10001032,1,1
35,9.159397527851691,9.763124047113324,0.3333333333333333,10.424049983519984,7.8427180616806345,0.37612512972136813,0.2895569439866662,1.0,1,1,1,-1.0,0.0,0.0,0.0,bottom_up_only,Local oversight,forest_co_management,High-coupling commons,low_actor,limited_overseer,-1,noisy_weather,10001032,1,1
36,9.763124047113324,9.868054168297595,0.3333333333333333,10.424049983519984,8.862232214036595,0.37612512972136813,0.2895569439866662,1.0,1,1,1,-1.0,0.0,0.0,0.0,bottom_up_only,Local oversight,forest_co_management,High-coupling commons,low_actor,limited_overseer,-1,noisy_weather,10001032,1,1
37,9.868054168297595,9.16429369473348,0.3333333333333333,15.16366056607414,12.582328644234792,0.7005915680775753,0.4212127935020595,0.6666666666666666,0,1,0,-1.0,0.0,0.0,0.0,bottom_up_only,Local oversight,forest_co_management,High-coupling commons,low_actor,limited_overseer,-1,noisy_weather,10001032,1,1
38,9.16429369473348,9.724220595769667,0.3333333333333333,12.082722893173624,9.501390971334274,0.6499570711373107,0.3356311914770451,0.8333333333333334,0,1,0,-1.0,0.0,0.0,0.0,bottom_up_only,Local oversight,forest_co_management,High-coupling commons,low_actor,limited_overseer,-1,noisy_weather,10001032,1,1
39,9.724220595769667,9.708971929369065,0.3333333333333333,12.910086757859574,11.160317715951606,0.7005915680775753,0.35861352105165484,0.8333333333333334,0,1,0,-1.0,0.0,0.0,0.0,bottom_up_only,Local oversight,forest_co_management,High-coupling commons,low_actor,limited_overseer,-1,noisy_weather,10001032,1,1
40,9.708971929369065,9.334163162484288,0.3333333333333333,12.082722893173624,9.806708227410665,0.6499570711373107,0.3356311914770451,0.8333333333333334,0,1,0,-1.0,0.0,0.0,0.0,bottom_up_only,Local oversight,forest_co_management,High-coupling commons,low_actor,limited_overseer,-1,noisy_weather,10001032,1,1
41,9.334163162484288,9.897428861875365,0.3333333333333333,10.424049983519984,8.024358839123002,0.37612512972136813,0.2895569439866662,1.0,1,1,1,-1.0,0.0,0.0,0.0,bottom_up_only,Local oversight,forest_co_management,High-coupling commons,low_actor,limited_overseer,-1,noisy_weather,10001032,1,1
42,9.897428861875365,9.766434891869551,0.3333333333333333,12.910086757859574,11.289053567890152,0.7005915680775753,0.35861352105165484,0.8333333333333334,0,1,0,-1.0,0.0,0.0,0.0,bottom_up_only,Local oversight,forest_co_management,High-coupling commons,low_actor,limited_overseer,-1,noisy_weather,10001032,1,1
43,9.766434891869551,9.170763129575251,0.3333333333333333,12.910086757859574,10.328754836020224,0.7005915680775753,0.35861352105165484,0.8333333333333334,0,1,0,-1.0,0.0,0.0,0.0,bottom_up_only,Local oversight,forest_co_management,High-coupling commons,low_actor,limited_overseer,-1,noisy_weather,10001032,1,1
44,9.170763129575251,9.384659859557283,0.3333333333333333,10.424049983519984,7.900022874944978,0.37612512972136813,0.2895569439866662,1.0,1,1,1,-1.0,0.0,0.0,0.0,bottom_up_only,Local oversight,forest_co_management,High-coupling commons,low_actor,limited_overseer,-1,noisy_weather,10001032,1,1
45,9.384659859557283,9.926309975957357,0.3333333333333333,10.424049983519984,8.442161886977742,0.37612512972136813,0.2895569439866662,1.0,1,1,1,-1.0,0.0,0.0,0.0,bottom_up_only,Local oversight,forest_co_management,High-coupling commons,low_actor,limited_overseer,-1,noisy_weather,10001032,1,1
46,9.926309975957357,9.278207964191205,0.3333333333333333,14.568759667513214,12.383918199124162,0.7005915680775753,0.40468776854203375,0.6666666666666666,0,1,0,-1.0,0.0,0.0,0.0,bottom_up_only,Local oversight,forest_co_management,High-coupling commons,low_actor,limited_overseer,-1,noisy_weather,10001032,1,1
47,9.278207964191205,9.699506986764838,0.3333333333333333,10.424049983519984,7.8427180616806345,0.37612512972136813,0.2895569439866662,1.0,1,1,1,-1.0,0.0,0.0,0.0,bottom_up_only,Local oversight,forest_co_management,High-coupling commons,low_actor,limited_overseer,-1,noisy_weather,10001032,1,1
48,9.699506986764838,9.967474682763626,0.3333333333333333,10.424049983519984,8.654471831523756,0.37612512972136813,0.2895569439866662,1.0,1,1,1,-1.0,0.0,0.0,0.0,bottom_up_only,Local oversight,forest_co_management,High-coupling commons,low_actor,limited_overseer,-1,noisy_weather,10001032,1,1
49,9.967474682763626,9.870996849184456,0.3333333333333333,12.910086757859574,10.693788647273372,0.7005915680775753,0.35861352105165484,0.8333333333333334,0,1,0,-1.0,0.0,0.0,0.0,bottom_up_only,Local oversight,forest_co_management,High-coupling commons,low_actor,limited_overseer,-1,noisy_weather,10001032,1,1
50,9.870996849184456,9.40817268168617,0.3333333333333333,12.082722893173624,10.00725942535285,0.6499570711373107,0.3356311914770451,0.8333333333333334,0,1,0,-1.0,0.0,0.0,0.0,bottom_up_only,Local oversight,forest_co_management,High-coupling commons,low_actor,limited_overseer,-1,noisy_weather,10001032,1,1
51,9.40817268168617,9.271378585098597,0.3333333333333333,10.424049983519984,8.589418707779027,0.37612512972136813,0.2895569439866662,1.0,1,1,1,-1.0,0.0,0.0,0.0,bottom_up_only,Local oversight,forest_co_management,High-coupling commons,low_actor,limited_overseer,-1,noisy_weather,10001032,1,1
52,9.271378585098597,9.87694472561262,0.3333333333333333,10.424049983519984,8.557111315602821,0.37612512972136813,0.2895569439866662,1.0,1,1,1,-1.0,0.0,0.0,0.0,bottom_up_only,Local oversight,forest_co_management,High-coupling commons,low_actor,limited_overseer,-1,noisy_weather,10001032,1,1
53,9.87694472561262,9.443009028125907,0.3333333333333333,12.910086757859574,10.649279535323174,0.7005915680775753,0.35861352105165484,0.8333333333333334,0,1,0,-1.0,0.0,0.0,0.0,bottom_up_only,Local oversight,forest_co_management,High-coupling commons,low_actor,limited_overseer,-1,noisy_weather,10001032,1,1
54,9.443009028125907,10.022154699333894,0.3333333333333333,10.424049983519984,7.8845810988726655,0.37612512972136813,0.2895569439866662,1.0,1,0,0,-1.0,0.0,0.0,0.0,bottom_up_only,Local oversight,forest_co_management,High-coupling commons,low_actor,limited_overseer,-1,noisy_weather,10001032,1,1
55,10.022154699333894,9.774854694322551,0.3333333333333333,14.336296701388193,12.10690409060712,0.6499570711373107,0.3982304639274498,0.6666666666666666,0,1,0,-1.0,0.0,0.0,0.0,bottom_up_only,Local oversight,forest_co_management,High-coupling commons,low_actor,limited_overseer,-1,noisy_weather,10001032,1,1
56,9.774854694322551,9.219346568717787,0.3333333333333333,12.910086757859574,10.686058449489337,0.7005915680775753,0.35861352105165484,0.8333333333333334,0,1,0,-1.0,0.0,0.0,0.0,bottom_up_only,Local oversight,forest_co_management,High-coupling commons,low_actor,limited_overseer,-1,noisy_weather,10001032,1,1
57,9.219346568717787,9.92650373336045,0.3333333333333333,10.424049983519984,8.171305754229461,0.37612512972136813,0.2895569439866662,1.0,1,1,1,-1.0,0.0,0.0,0.0,bottom_up_only,Local oversight,forest_co_management,High-coupling commons,low_actor,limited_overseer,-1,noisy_weather,10001032,1,1
58,9.92650373336045,9.714973556697272,0.3333333333333333,12.910086757859574,10.904690755094888,0.7005915680775753,0.35861352105165484,0.8333333333333334,0,1,0,-1.0,0.0,0.0,0.0,bottom_up_only,Local oversight,forest_co_management,High-coupling commons,low_actor,limited_overseer,-1,noisy_weather,10001032,1,1
59,9.714973556697272,9.547840987659955,0.3333333333333333,14.336296701388193,11.809603499821884,0.6499570711373107,0.3982304639274498,0.6666666666666666,0,1,0,-1.0,0.0,0.0,0.0,bottom_up_only,Local oversight,forest_co_management,High-coupling commons,low_actor,limited_overseer,-1,noisy_weather,10001032,1,1
60,9.547840987659955,9.166093508585032,0.3333333333333333,12.910086757859574,10.969529232332356,0.7005915680775753,0.35861352105165484,0.8333333333333334,0,1,0,-1.0,0.0,0.0,0.0,bottom_up_only,Local oversight,forest_co_management,High-coupling commons,low_actor,limited_overseer,-1,noisy_weather,10001032,1,1
61,9.166093508585032,9.535660742242058,0.3333333333333333,10.424049983519984,8.127924994827454,0.37612512972136813,0.2895569439866662,1.0,1,1,1,-1.0,0.0,0.0,0.0,bottom_up_only,Local oversight,forest_co_management,High-coupling commons,low_actor,limited_overseer,-1,noisy_weather,10001032,1,1
62,9.535660742242058,9.827986755527428,0.3333333333333333,12.082722893173624,9.501390971334274,0.6499570711373107,0.3356311914770451,0.8333333333333334,0,1,0,-1.0,0.0,0.0,0.0,bottom_up_only,Local oversight,forest_co_management,High-coupling commons,low_actor,limited_overseer,-1,noisy_weather,10001032,1,1
63,9.827986755527428,9.232977179895398,0.3333333333333333,15.16366056607414,13.356392627865818,0.7005915680775753,0.4212127935020595,0.6666666666666666,0,1,0,-1.0,0.0,0.0,0.0,bottom_up_only,Local oversight,forest_co_management,High-coupling commons,low_actor,limited_overseer,-1,noisy_weather,10001032,1,1
64,9.232977179895398,9.158438656299671,0.3333333333333333,10.424049983519984,7.8427180616806345,0.37612512972136813,0.2895569439866662,1.0,1,1,1,-1.0,0.0,0.0,0.0,bottom_up_only,Local oversight,forest_co_management,High-coupling commons,low_actor,limited_overseer,-1,noisy_weather,10001032,1,1
65,9.158438656299671,9.691479064375834,0.3333333333333333,10.424049983519984,7.8427180616806345,0.37612512972136813,0.2895569439866662,1.0,1,1,1,-1.0,0.0,0.0,0.0,bottom_up_only,Local oversight,forest_co_management,High-coupling commons,low_actor,limited_overseer,-1,noisy_weather,10001032,1,1
66,9.691479064375834,9.974467548550116,0.3333333333333333,10.424049983519984,8.97351611874966,0.37612512972136813,0.2895569439866662,1.0,1,1,1,-1.0,0.0,0.0,0.0,bottom_up_only,Local oversight,forest_co_management,High-coupling commons,low_actor,limited_overseer,-1,noisy_weather,10001032,1,1
67,9.974467548550116,9.585148111165118,0.3333333333333333,12.910086757859574,11.011324736947458,0.7005915680775753,0.35861352105165484,0.8333333333333334,0,1,0,-1.0,0.0,0.0,0.0,bottom_up_only,Local oversight,forest_co_management,High-coupling commons,low_actor,limited_overseer,-1,noisy_weather,10001032,1,1
68,9.585148111165118,10.069828812281546,0.3333333333333333,10.424049983519984,8.071413319580214,0.37612512972136813,0.2895569439866662,1.0,1,0,0,-1.0,0.0,0.0,0.0,bottom_up_only,Local oversight,forest_co_management,High-coupling commons,low_actor,limited_overseer,-1,noisy_weather,10001032,1,1
69,10.069828812281546,9.565909346886707,0.3333333333333333,12.910086757859574,11.552829903595516,0.7005915680775753,0.35861352105165484,0.8333333333333334,0,1,0,-1.0,0.0,0.0,0.0,bottom_up_only,Local oversight,forest_co_management,High-coupling commons,low_actor,limited_overseer,-1,noisy_weather,10001032,1,1
70,9.565909346886707,9.243372539546451,0.3333333333333333,12.67762379173455,10.556625346324157,0.6468264900451514,0.35215621643707085,0.8333333333333334,0,1,0,-1.0,0.0,0.0,0.0,bottom_up_only,Local oversight,forest_co_management,High-coupling commons,low_actor,limited_overseer,-1,noisy_weather,10001032,1,1
71,9.243372539546451,9.276811832153816,0.3333333333333333,10.97774470198701,8.39641278014766,0.6889476011740086,0.30493735283297246,0.8333333333333334,0,1,0,-1.0,0.0,0.0,0.0,bottom_up_only,Local oversight,forest_co_management,High-coupling commons,low_actor,limited_overseer,-1,noisy_weather,10001032,1,1
72,9.276811832153816,9.481551679073576,0.3333333333333333,9.978854437534137,8.097265993479091,0.37612512972136813,0.2771904010426149,1.0,1,1,1,-1.0,0.0,0.0,0.0,bottom_up_only,Local oversight,forest_co_management,High-coupling commons,low_actor,limited_overseer,-1,noisy_weather,10001032,1,1
73,9.481551679073576,9.279464713705673,0.3333333333333333,12.910086757859574,11.137919355378102,0.7005915680775753,0.35861352105165484,0.8333333333333334,0,1,0,-1.0,0.0,0.0,0.0,bottom_up_only,Local oversight,forest_co_management,High-coupling commons,low_actor,limited_overseer,-1,noisy_weather,10001032,1,1
74,9.279464713705673,9.27300682842098,0.3333333333333333,10.97774470198701,8.39641278014766,0.6889476011740086,0.30493735283297246,0.8333333333333334,0,1,0,-1.0,0.0,0.0,0.0,bottom_up_only,Local oversight,forest_co_management,High-coupling commons,low_actor,limited_overseer,-1,noisy_weather,10001032,1,1
75,9.27300682842098,9.342866035004702,0.3333333333333333,10.30008618987614,7.785992363533546,0.6468264900451514,0.2861135052743372,0.8333333333333334,0,1,0,-1.0,0.0,0.0,0.0,bottom_up_only,Local oversight,forest_co_management,High-coupling commons,low_actor,limited_overseer,-1,noisy_weather,10001032,1,1
76,9.342866035004702,9.655286860545694,0.3333333333333333,9.978854437534137,8.244895239950381,0.37612512972136813,0.2771904010426149,1.0,1,1,1,-1.0,0.0,0.0,0.0,bottom_up_only,Local oversight,forest_co_management,High-coupling commons,low_actor,limited_overseer,-1,noisy_weather,10001032,1,1
77,9.655286860545694,9.86361364463796,0.3333333333333333,10.424049983519984,9.031538068735301,0.37612512972136813,0.2895569439866662,1.0,1,1,1,-1.0,0.0,0.0,0.0,bottom_up_only,Local oversight,forest_co_management,High-coupling commons,low_actor,limited_overseer,-1,noisy_weather,10001032,1,1
78,9.86361364463796,9.433190008020988,0.3333333333333333,14.568759667513214,12.006121274708871,0.7005915680775753,0.40468776854203375,0.6666666666666666,0,1,0,-1.0,0.0,0.0,0.0,bottom_up_only,Local oversight,forest_co_management,High-coupling commons,low_actor,limited_overseer,-1,noisy_weather,10001032,1,1
79,9.433190008020988,10.001775850655159,0.3333333333333333,10.424049983519984,8.31310567573017,0.37612512972136813,0.2895569439866662,1.0,1,0,0,-1.0,0.0,0.0,0.0,bottom_up_only,Local oversight,forest_co_management,High-coupling commons,low_actor,limited_overseer,-1,noisy_weather,10001032,1,1
