scenario_preset,bank_model_label,condition,governance_friction_regime,exploitative_share,n_populations,mean_patch_health,mean_neighborhood_overharvest,mean_welfare,garden_failure_rate,mean_governance_budget_spent,mean_missed_target_rate,mean_targeted_share,mean_exploitative_action_share
community_irrigation,ollama__llama3_2_3b,bottom_up_only,ideal,0.0,40,16.46676742379361,1.4610141618164065,14.867167968750001,0.0,0.0,0.0,0.0,0.0
community_irrigation,ollama__llama3_2_3b,bottom_up_only,ideal,0.5,40,9.549984747962492,2.985651733503628,13.893255460714505,0.953125,0.0,0.0,0.0,0.04200322954522833
community_irrigation,ollama__llama3_2_3b,bottom_up_only,ideal,1.0,40,4.550943167517028,4.73914044483817,15.866772615707566,1.0,0.0,0.0,0.0,0.14219514715608467
community_irrigation,ollama__llama3_2_3b,hybrid,ideal,0.0,40,16.634479311303746,1.4957205603515629,14.538817835156252,0.0,0.0,0.0,0.06343750000000001,0.0
community_irrigation,ollama__llama3_2_3b,hybrid,ideal,0.5,40,15.715238497694397,2.448057611132813,13.33186925128505,0.0,0.0,0.0,0.5673372395833333,0.12785807291666668
community_irrigation,ollama__llama3_2_3b,hybrid,ideal,1.0,40,15.449762710771305,3.805916209277344,15.235392574804688,0.0,0.0,0.0,0.6471809895833334,0.2919921875
community_irrigation,ollama__llama3_2_3b,none,ideal,0.0,40,14.522907516819567,2.1910359375,16.8382078125,0.0,0.0,0.0,0.0,0.0
community_irrigation,ollama__llama3_2_3b,none,ideal,0.5,40,8.817094542752711,3.3605977934476825,14.801372493651082,0.99375,0.0,0.0,0.0,0.054345405970965974
community_irrigation,ollama__llama3_2_3b,none,ideal,1.0,40,4.56332971601608,4.769212574404762,16.03575350494274,1.0,0.0,0.0,0.0,0.12759625646344397
community_irrigation,ollama__llama3_2_3b,top_down_only,ideal,0.0,40,16.344870876274978,2.3354085937500004,14.719729687500001,0.0,0.0,0.0,0.408828125,0.0
community_irrigation,ollama__llama3_2_3b,top_down_only,ideal,0.5,40,15.603344815969137,2.8650187500000004,14.13177050474466,0.0,0.0,0.0,0.5997265625,0.14018880208333334
community_irrigation,ollama__llama3_2_3b,top_down_only,ideal,1.0,40,15.439340671710989,3.8242054687500007,15.243834375,0.0,0.0,0.0,0.6536718749999999,0.2950065104166667
forest_co_management,ollama__llama3_2_3b,bottom_up_only,ideal,0.0,40,16.664145043333612,0.5877546036328127,11.804243380078125,0.0,0.0,0.0,0.0,0.0
forest_co_management,ollama__llama3_2_3b,bottom_up_only,ideal,0.5,40,8.840101346179377,2.3660794804292022,12.008410847864877,1.0,0.0,0.0,0.0,0.031055675955479513
forest_co_management,ollama__llama3_2_3b,bottom_up_only,ideal,1.0,40,3.182367266943767,4.438631279668899,13.819874749262656,1.0,0.0,0.0,0.0,0.08865534060846561
forest_co_management,ollama__llama3_2_3b,hybrid,ideal,0.0,40,16.939144807605352,0.5288972519531253,11.232435104648438,0.0,0.0,0.0,0.053437500000000006,0.0
forest_co_management,ollama__llama3_2_3b,hybrid,ideal,0.5,40,15.394228281733504,1.5379797969726565,10.206205783863222,0.0,0.0,0.0,0.7330013020833334,0.07488932291666667
forest_co_management,ollama__llama3_2_3b,hybrid,ideal,1.0,40,14.822318051357763,2.9403578607421883,12.912341321344153,0.0,0.0,0.0,0.7337565104166667,0.20321614583333333
forest_co_management,ollama__llama3_2_3b,none,ideal,0.0,40,12.6818890472918,1.3122808593750004,14.507977375785742,0.0,0.0,0.0,0.0,0.0
forest_co_management,ollama__llama3_2_3b,none,ideal,0.5,40,7.459267452900543,2.6951023269889083,13.316165685138628,1.0,0.0,0.0,0.0,0.038216610002758736
forest_co_management,ollama__llama3_2_3b,none,ideal,1.0,40,2.9407150296300246,4.513551897321429,13.53514810512932,1.0,0.0,0.0,0.0,0.0884476273148148
forest_co_management,ollama__llama3_2_3b,top_down_only,ideal,0.0,40,15.82264448610151,1.740544921875,12.70285546875,0.0,0.0,0.0,0.5430859375,0.0
forest_co_management,ollama__llama3_2_3b,top_down_only,ideal,0.5,40,15.25143479722768,2.2039546875000005,12.105621184883463,0.0,0.0,0.0,0.7031640625,0.10525390625
forest_co_management,ollama__llama3_2_3b,top_down_only,ideal,1.0,40,14.788433763807532,3.0263484375000003,12.96002045094223,0.0,0.0,0.0,0.738359375,0.1997005208333333
