strategy_id,low_patch_threshold,high_patch_threshold,low_harvest_frac,mid_harvest_frac,high_harvest_frac,restraint_low,restraint_high,credit_request_low,credit_request_high,credit_offer_threshold,credit_offer_amount,neighbor_reciprocity_weight,credit_response_weight,cap_compliance_margin,origin,rationale,llm_parse_status,llm_parse_error_type,bank_model_label,bank_provider,bank_model_name,bank_attitude,bank_prompt_version,prompt_nonce,policy_signature
ollama__llama3_2_3b_cooperative_0,10.12,15.29,0.21,0.39,0.62,0.95,0.72,0.25,0.04,14.11,0.56,0.64,0.79,0.03,llm_bank,Protect shared patch health while fostering cooperation with neighbors.,direct_json,,ollama__llama3_2_3b,ollama,llama3.2:3b,cooperative,harvest_bank_v3_attitude_anchors,465568841,10.120000|15.290000|0.210000|0.390000|0.620000|0.950000|0.720000|0.250000|0.040000|14.110000|0.560000|0.640000|0.790000|0.030000
ollama__llama3_2_3b_cooperative_1,12.5,15.8,0.08,0.38,0.48,0.95,0.59,0.22,0.25,10.8,0.94,0.79,0.69,0.05,llm_bank,Protect shared patch health while responding constructively to neighbors and following governance caps.,direct_json,,ollama__llama3_2_3b,ollama,llama3.2:3b,cooperative,harvest_bank_v3_attitude_anchors,646463530,12.500000|15.800000|0.080000|0.380000|0.480000|0.950000|0.590000|0.220000|0.250000|10.800000|0.940000|0.790000|0.690000|0.050000
ollama__llama3_2_3b_cooperative_2,10.12,16.57,0.22,0.42,0.62,0.69,0.69,0.41,0.23,10.12,0.83,0.72,0.82,0.03,llm_bank,Protect shared patch health and respond constructively to neighbors while following governance caps closely.,direct_json,,ollama__llama3_2_3b,ollama,llama3.2:3b,cooperative,harvest_bank_v3_attitude_anchors,306479364,10.120000|16.570000|0.220000|0.420000|0.620000|0.690000|0.690000|0.410000|0.230000|10.120000|0.830000|0.720000|0.820000|0.030000
ollama__llama3_2_3b_cooperative_3,10.0,15.0,0.23,0.43,0.62,0.68,0.82,0.49,0.39,9.5,0.42,0.61,0.48,0.04,llm_bank,Protect shared patch health while responding constructively to neighbors and following governance caps.,direct_json,,ollama__llama3_2_3b,ollama,llama3.2:3b,cooperative,harvest_bank_v3_attitude_anchors,601148915,10.000000|15.000000|0.230000|0.430000|0.620000|0.680000|0.820000|0.490000|0.390000|9.500000|0.420000|0.610000|0.480000|0.040000
ollama__llama3_2_3b_cooperative_4,9.2,15.8,0.31,0.48,0.52,0.71,0.73,0.25,0.32,14.5,0.59,0.51,0.62,0.05,llm_bank,Harvest Commons policy prioritizing cooperative behavior and governance compliance,direct_json,,ollama__llama3_2_3b,ollama,llama3.2:3b,cooperative,harvest_bank_v3_attitude_anchors,646503559,9.200000|15.800000|0.310000|0.480000|0.520000|0.710000|0.730000|0.250000|0.320000|14.500000|0.590000|0.510000|0.620000|0.050000
ollama__llama3_2_3b_cooperative_5,10.12,11.23,0.26,0.38,0.58,0.72,0.49,0.39,0.56,12.41,0.73,0.67,0.81,0.03,llm_bank,Protect shared patch health while responding constructively to neighbors and following governance caps closely.,direct_json,,ollama__llama3_2_3b,ollama,llama3.2:3b,cooperative,harvest_bank_v3_attitude_anchors,532334086,10.120000|11.230000|0.260000|0.380000|0.580000|0.720000|0.490000|0.390000|0.560000|12.410000|0.730000|0.670000|0.810000|0.030000
ollama__llama3_2_3b_cooperative_6,8.19,13.58,0.05,0.35,0.63,0.76,0.53,0.57,0.31,8.88,0.34,0.64,0.99,0.02,llm_bank,Protect shared patch health while fostering cooperative relationships with neighbors.,direct_json,,ollama__llama3_2_3b,ollama,llama3.2:3b,cooperative,harvest_bank_v3_attitude_anchors,937550414,8.190000|13.580000|0.050000|0.350000|0.630000|0.760000|0.530000|0.570000|0.310000|8.880000|0.340000|0.640000|0.990000|0.020000
ollama__llama3_2_3b_cooperative_7,10.2,15.4,0.26,0.39,0.68,0.92,0.58,0.48,0.28,10.8,0.87,0.61,0.94,0.03,llm_bank,Protect shared patch health and foster cooperative relationships with neighbors while maintaining governance caps.,direct_json,,ollama__llama3_2_3b,ollama,llama3.2:3b,cooperative,harvest_bank_v3_attitude_anchors,149042352,10.200000|15.400000|0.260000|0.390000|0.680000|0.920000|0.580000|0.480000|0.280000|10.800000|0.870000|0.610000|0.940000|0.030000
ollama__llama3_2_3b_cooperative_8,10.0,15.0,0.12,0.36,0.71,1.0,0.68,0.35,0.13,14.5,0.42,0.59,0.63,0.05,llm_bank,Protect shared patch health and respond constructively to neighbors while following governance caps closely.,direct_json,,ollama__llama3_2_3b,ollama,llama3.2:3b,cooperative,harvest_bank_v3_attitude_anchors,354308067,10.000000|15.000000|0.120000|0.360000|0.710000|1.000000|0.680000|0.350000|0.130000|14.500000|0.420000|0.590000|0.630000|0.050000
ollama__llama3_2_3b_cooperative_9,6.5,16.2,0.26,0.46,0.62,0.75,0.65,0.49,0.31,13.1,0.58,0.56,0.42,0.05,llm_bank,Protect shared patch health while fostering cooperative relationships with neighbors.,direct_json,,ollama__llama3_2_3b,ollama,llama3.2:3b,cooperative,harvest_bank_v3_attitude_anchors,81788598,6.500000|16.200000|0.260000|0.460000|0.620000|0.750000|0.650000|0.490000|0.310000|13.100000|0.580000|0.560000|0.420000|0.050000
ollama__llama3_2_3b_cooperative_10,12.5,16.8,0.22,0.28,0.72,0.92,0.78,0.46,0.27,15.5,0.97,0.56,0.94,0.02,llm_bank,Protect shared patch health and respond constructively to neighbors while following governance caps closely.,direct_json,,ollama__llama3_2_3b,ollama,llama3.2:3b,cooperative,harvest_bank_v3_attitude_anchors,933364762,12.500000|16.800000|0.220000|0.280000|0.720000|0.920000|0.780000|0.460000|0.270000|15.500000|0.970000|0.560000|0.940000|0.020000
ollama__llama3_2_3b_cooperative_11,7.48,14.19,0.23,0.42,0.67,0.81,0.81,0.58,0.38,12.49,0.85,0.59,0.51,0.02,llm_bank,Protect shared patch health while fostering cooperative relationships with neighbors.,direct_json,,ollama__llama3_2_3b,ollama,llama3.2:3b,cooperative,harvest_bank_v3_attitude_anchors,985547359,7.480000|14.190000|0.230000|0.420000|0.670000|0.810000|0.810000|0.580000|0.380000|12.490000|0.850000|0.590000|0.510000|0.020000
ollama__llama3_2_3b_cooperative_12,10.15,18.37,0.26,0.31,0.49,0.89,0.46,0.27,0.33,9.28,0.39,0.83,0.45,0.04,llm_bank,"Protect shared patch health, respond constructively to neighbors, and follow governance caps closely.",direct_json,,ollama__llama3_2_3b,ollama,llama3.2:3b,cooperative,harvest_bank_v3_attitude_anchors,435094583,10.150000|18.370000|0.260000|0.310000|0.490000|0.890000|0.460000|0.270000|0.330000|9.280000|0.390000|0.830000|0.450000|0.040000
ollama__llama3_2_3b_cooperative_13,10.11,15.55,0.22,0.38,0.58,0.92,0.68,0.51,0.25,14.21,0.59,0.63,0.43,0.03,llm_bank,Protect shared patch health while responding constructively to neighbors and following governance caps.,direct_json,,ollama__llama3_2_3b,ollama,llama3.2:3b,cooperative,harvest_bank_v3_attitude_anchors,892506597,10.110000|15.550000|0.220000|0.380000|0.580000|0.920000|0.680000|0.510000|0.250000|14.210000|0.590000|0.630000|0.430000|0.030000
ollama__llama3_2_3b_cooperative_14,10.5,14.2,0.22,0.38,0.62,0.72,0.56,0.25,0.42,17.1,0.67,0.92,0.63,0.04,llm_bank,Protect shared patch health while responding constructively to neighbors and following governance caps closely.,direct_json,,ollama__llama3_2_3b,ollama,llama3.2:3b,cooperative,harvest_bank_v3_attitude_anchors,892099044,10.500000|14.200000|0.220000|0.380000|0.620000|0.720000|0.560000|0.250000|0.420000|17.100000|0.670000|0.920000|0.630000|0.040000
ollama__llama3_2_3b_cooperative_15,10.0,14.0,0.08,0.48,0.68,0.85,0.5,0.75,0.35,10.5,0.36,0.48,0.43,0.03,llm_bank,Protect shared patch health while responding constructively to neighbors and following governance caps.,direct_json,,ollama__llama3_2_3b,ollama,llama3.2:3b,cooperative,harvest_bank_v3_attitude_anchors,577555174,10.000000|14.000000|0.080000|0.480000|0.680000|0.850000|0.500000|0.750000|0.350000|10.500000|0.360000|0.480000|0.430000|0.030000
ollama__llama3_2_3b_cooperative_16,10.0,15.0,0.08,0.42,0.72,0.83,0.61,0.25,0.1,15.0,0.6,0.8,0.85,0.03,llm_bank,Protect shared patch health while fostering cooperative relationships with neighbors.,direct_json,,ollama__llama3_2_3b,ollama,llama3.2:3b,cooperative,harvest_bank_v3_attitude_anchors,199037745,10.000000|15.000000|0.080000|0.420000|0.720000|0.830000|0.610000|0.250000|0.100000|15.000000|0.600000|0.800000|0.850000|0.030000
ollama__llama3_2_3b_cooperative_17,10.2,17.1,0.24,0.38,0.61,0.92,0.51,0.48,0.32,14.5,0.67,0.53,0.55,0.04,llm_bank,"This cooperative Harvest Commons policy protects shared patch health, responds constructively to neighbors, and follows governance caps closely.",direct_json,,ollama__llama3_2_3b,ollama,llama3.2:3b,cooperative,harvest_bank_v3_attitude_anchors,634823763,10.200000|17.100000|0.240000|0.380000|0.610000|0.920000|0.510000|0.480000|0.320000|14.500000|0.670000|0.530000|0.550000|0.040000
ollama__llama3_2_3b_cooperative_18,7.5,13.2,0.28,0.42,0.71,0.79,0.73,0.31,0.26,12.5,0.78,0.89,0.56,0.03,llm_bank,Protect shared patch health and respond constructively to neighbors while following governance caps.,direct_json,,ollama__llama3_2_3b,ollama,llama3.2:3b,cooperative,harvest_bank_v3_attitude_anchors,457730801,7.500000|13.200000|0.280000|0.420000|0.710000|0.790000|0.730000|0.310000|0.260000|12.500000|0.780000|0.890000|0.560000|0.030000
ollama__llama3_2_3b_cooperative_19,9.5,11.38,0.26,0.46,0.48,0.64,0.68,0.51,0.39,12.17,0.94,0.92,0.81,0.05,llm_bank,Protect shared patch health while responding constructively to neighbors and following governance caps closely.,direct_json,,ollama__llama3_2_3b,ollama,llama3.2:3b,cooperative,harvest_bank_v3_attitude_anchors,881071852,9.500000|11.380000|0.260000|0.460000|0.480000|0.640000|0.680000|0.510000|0.390000|12.170000|0.940000|0.920000|0.810000|0.050000
ollama__llama3_2_3b_cooperative_20,10.0,14.0,0.27,0.32,0.56,0.92,0.48,0.68,0.06,13.5,0.45,0.51,0.92,0.05,llm_bank,Protect shared patch health while responding constructively to neighbors and following governance caps.,direct_json,,ollama__llama3_2_3b,ollama,llama3.2:3b,cooperative,harvest_bank_v3_attitude_anchors,823486317,10.000000|14.000000|0.270000|0.320000|0.560000|0.920000|0.480000|0.680000|0.060000|13.500000|0.450000|0.510000|0.920000|0.050000
ollama__llama3_2_3b_cooperative_21,8.2,12.5,0.16,0.25,0.55,0.82,0.72,0.81,0.11,9.2,0.48,0.5,0.85,0.04,llm_bank,Protect shared patch health while responding constructively to neighbors and following governance caps.,direct_json,,ollama__llama3_2_3b,ollama,llama3.2:3b,cooperative,harvest_bank_v3_attitude_anchors,697835427,8.200000|12.500000|0.160000|0.250000|0.550000|0.820000|0.720000|0.810000|0.110000|9.200000|0.480000|0.500000|0.850000|0.040000
ollama__llama3_2_3b_cooperative_22,9.5,14.2,0.22,0.42,0.67,0.92,0.59,0.49,0.21,10.3,0.72,0.61,0.83,0.04,llm_bank,Protect shared patch health while responding constructively to neighbors and following governance caps closely.,direct_json,,ollama__llama3_2_3b,ollama,llama3.2:3b,cooperative,harvest_bank_v3_attitude_anchors,96183755,9.500000|14.200000|0.220000|0.420000|0.670000|0.920000|0.590000|0.490000|0.210000|10.300000|0.720000|0.610000|0.830000|0.040000
ollama__llama3_2_3b_cooperative_23,10.0,15.0,0.21,0.48,0.59,0.72,0.51,0.65,0.08,10.5,0.79,0.68,0.73,0.02,llm_bank,"Harvest Commons policy prioritizing cooperative behavior, shared patch health, and governance compliance.",direct_json,,ollama__llama3_2_3b,ollama,llama3.2:3b,cooperative,harvest_bank_v3_attitude_anchors,720836085,10.000000|15.000000|0.210000|0.480000|0.590000|0.720000|0.510000|0.650000|0.080000|10.500000|0.790000|0.680000|0.730000|0.020000
ollama__llama3_2_3b_cooperative_24,10.2,12.58,0.11,0.38,0.61,0.72,0.69,0.55,0.28,10.23,0.52,0.86,0.74,0.03,llm_bank,"This cooperative Harvest Commons policy protects shared patch health, responds constructively to neighbors, and follows governance caps closely.",direct_json,,ollama__llama3_2_3b,ollama,llama3.2:3b,cooperative,harvest_bank_v3_attitude_anchors,129575107,10.200000|12.580000|0.110000|0.380000|0.610000|0.720000|0.690000|0.550000|0.280000|10.230000|0.520000|0.860000|0.740000|0.030000
ollama__llama3_2_3b_cooperative_25,12.5,15.75,0.18,0.42,0.52,0.85,0.68,0.81,0.09,11.15,0.51,0.98,0.79,0.04,llm_bank,Protect shared patch health while responding constructively to neighbors and following governance caps.,direct_json,,ollama__llama3_2_3b,ollama,llama3.2:3b,cooperative,harvest_bank_v3_attitude_anchors,311734734,12.500000|15.750000|0.180000|0.420000|0.520000|0.850000|0.680000|0.810000|0.090000|11.150000|0.510000|0.980000|0.790000|0.040000
ollama__llama3_2_3b_cooperative_26,10.2,16.98,0.12,0.48,0.62,0.79,0.69,0.24,0.26,10.11,0.67,0.59,0.48,0.03,llm_bank,Protect shared patch health and respond constructively to neighbors while following governance caps.,direct_json,,ollama__llama3_2_3b,ollama,llama3.2:3b,cooperative,harvest_bank_v3_attitude_anchors,608878886,10.200000|16.980000|0.120000|0.480000|0.620000|0.790000|0.690000|0.240000|0.260000|10.110000|0.670000|0.590000|0.480000|0.030000
ollama__llama3_2_3b_cooperative_27,10.0,15.0,0.22,0.48,0.68,0.91,0.73,0.33,0.07,11.8,0.46,0.49,0.93,0.02,llm_bank,Protect shared patch health and respond constructively to neighbors while following governance caps closely.,direct_json,,ollama__llama3_2_3b,ollama,llama3.2:3b,cooperative,harvest_bank_v3_attitude_anchors,30362537,10.000000|15.000000|0.220000|0.480000|0.680000|0.910000|0.730000|0.330000|0.070000|11.800000|0.460000|0.490000|0.930000|0.020000
ollama__llama3_2_3b_cooperative_28,10.16,13.4,0.25,0.44,0.53,0.69,0.62,0.27,0.23,8.4,0.43,0.82,0.69,0.0,llm_bank,Protect shared patch health while responding constructively to neighbors and following governance caps closely.,direct_json,,ollama__llama3_2_3b,ollama,llama3.2:3b,cooperative,harvest_bank_v3_attitude_anchors,71342460,10.160000|13.400000|0.250000|0.440000|0.530000|0.690000|0.620000|0.270000|0.230000|8.400000|0.430000|0.820000|0.690000|0.000000
ollama__llama3_2_3b_cooperative_29,10.0,15.0,0.28,0.49,0.51,0.69,0.47,0.34,0.21,12.5,0.68,0.61,0.85,0.02,llm_bank,"Protect shared patch health, respond constructively to neighbors, and follow governance caps closely.",direct_json,,ollama__llama3_2_3b,ollama,llama3.2:3b,cooperative,harvest_bank_v3_attitude_anchors,235437105,10.000000|15.000000|0.280000|0.490000|0.510000|0.690000|0.470000|0.340000|0.210000|12.500000|0.680000|0.610000|0.850000|0.020000
ollama__llama3_2_3b_cooperative_30,12.11,18.23,0.22,0.38,0.61,0.69,0.76,0.85,0.39,10.45,0.62,0.51,0.93,0.03,llm_bank,Protect shared patch health while fostering cooperative relationships with neighbors.,direct_json,,ollama__llama3_2_3b,ollama,llama3.2:3b,cooperative,harvest_bank_v3_attitude_anchors,940417688,12.110000|18.230000|0.220000|0.380000|0.610000|0.690000|0.760000|0.850000|0.390000|10.450000|0.620000|0.510000|0.930000|0.030000
ollama__llama3_2_3b_cooperative_31,12.5,15.8,0.33,0.42,0.49,0.91,0.69,0.65,0.01,17.22,0.63,0.58,0.72,0.04,llm_bank,Protect shared patch health while fostering cooperative relationships with neighbors.,direct_json,,ollama__llama3_2_3b,ollama,llama3.2:3b,cooperative,harvest_bank_v3_attitude_anchors,723652123,12.500000|15.800000|0.330000|0.420000|0.490000|0.910000|0.690000|0.650000|0.010000|17.220000|0.630000|0.580000|0.720000|0.040000
ollama__llama3_2_3b_exploitative_0,10.0,15.0,0.68,0.85,0.94,0.22,0.28,0.75,0.65,14.5,0.09,0.12,0.24,0.19,llm_bank,Prioritize individual gain and extraction while restricting only when necessary.,direct_json,,ollama__llama3_2_3b,ollama,llama3.2:3b,exploitative,harvest_bank_v3_attitude_anchors,97369019,10.000000|15.000000|0.680000|0.850000|0.940000|0.220000|0.280000|0.750000|0.650000|14.500000|0.090000|0.120000|0.240000|0.190000
ollama__llama3_2_3b_exploitative_1,5.0,10.0,0.45,0.68,0.92,0.2,0.28,0.6,0.46,19.5,0.08,0.16,0.02,0.2,llm_bank,Prioritize individual gain and extraction while restricting only when necessary.,direct_json,,ollama__llama3_2_3b,ollama,llama3.2:3b,exploitative,harvest_bank_v3_attitude_anchors,792993426,5.000000|10.000000|0.450000|0.680000|0.920000|0.200000|0.280000|0.600000|0.460000|19.500000|0.080000|0.160000|0.020000|0.200000
ollama__llama3_2_3b_exploitative_2,10.99,19.98,0.39,0.89,0.96,0.14,0.32,0.55,0.78,18.51,0.13,0.06,0.09,0.19,llm_bank,Prioritize individual gain and extraction while restraining only when necessary.,direct_json,,ollama__llama3_2_3b,ollama,llama3.2:3b,exploitative,harvest_bank_v3_attitude_anchors,882712425,10.990000|19.980000|0.390000|0.890000|0.960000|0.140000|0.320000|0.550000|0.780000|18.510000|0.130000|0.060000|0.090000|0.190000
ollama__llama3_2_3b_exploitative_3,8.2,15.4,0.68,0.92,0.95,0.22,0.31,0.96,0.72,14.1,0.08,0.21,0.19,0.23,llm_bank,Prioritize individual gain by pushing extraction when possible and only restraining when necessary.,direct_json,,ollama__llama3_2_3b,ollama,llama3.2:3b,exploitative,harvest_bank_v3_attitude_anchors,357336621,8.200000|15.400000|0.680000|0.920000|0.950000|0.220000|0.310000|0.960000|0.720000|14.100000|0.080000|0.210000|0.190000|0.230000
ollama__llama3_2_3b_exploitative_4,10.23,15.38,0.58,0.89,0.99,0.08,0.04,0.63,0.64,20.0,0.06,0.11,0.15,0.19,llm_bank,Prioritize individual gain and extraction while only restraining when necessary.,direct_json,,ollama__llama3_2_3b,ollama,llama3.2:3b,exploitative,harvest_bank_v3_attitude_anchors,656345545,10.230000|15.380000|0.580000|0.890000|0.990000|0.080000|0.040000|0.630000|0.640000|20.000000|0.060000|0.110000|0.150000|0.190000
ollama__llama3_2_3b_exploitative_5,10.0,15.0,0.55,0.92,0.96,0.08,0.1,0.72,0.6,15.5,0.09,0.01,0.18,0.22,llm_bank,"Prioritize individual gain and extraction, with restraint only when necessary.",direct_json,,ollama__llama3_2_3b,ollama,llama3.2:3b,exploitative,harvest_bank_v3_attitude_anchors,258560159,10.000000|15.000000|0.550000|0.920000|0.960000|0.080000|0.100000|0.720000|0.600000|15.500000|0.090000|0.010000|0.180000|0.220000
ollama__llama3_2_3b_exploitative_6,5.01,18.49,0.59,0.92,0.92,0.09,0.1,0.51,0.63,16.53,0.08,0.19,0.23,0.2,llm_bank,Prioritize individual gain and extraction while restricting only when necessary.,direct_json,,ollama__llama3_2_3b,ollama,llama3.2:3b,exploitative,harvest_bank_v3_attitude_anchors,467371416,5.010000|18.490000|0.590000|0.920000|0.920000|0.090000|0.100000|0.510000|0.630000|16.530000|0.080000|0.190000|0.230000|0.200000
ollama__llama3_2_3b_exploitative_7,5.0,17.0,0.45,0.75,0.92,0.08,0.28,0.81,0.72,15.0,0.05,0.11,0.2,0.23,llm_bank,"Prioritize individual gain and extraction, only restraining when necessary.",direct_json,,ollama__llama3_2_3b,ollama,llama3.2:3b,exploitative,harvest_bank_v3_attitude_anchors,24241635,5.000000|17.000000|0.450000|0.750000|0.920000|0.080000|0.280000|0.810000|0.720000|15.000000|0.050000|0.110000|0.200000|0.230000
ollama__llama3_2_3b_exploitative_8,10.0,17.5,0.72,0.83,0.92,0.24,0.19,0.96,0.49,15.5,0.08,0.12,0.24,0.22,llm_bank,Prioritize individual gain and extraction while only restraining when necessary.,direct_json,,ollama__llama3_2_3b,ollama,llama3.2:3b,exploitative,harvest_bank_v3_attitude_anchors,465191184,10.000000|17.500000|0.720000|0.830000|0.920000|0.240000|0.190000|0.960000|0.490000|15.500000|0.080000|0.120000|0.240000|0.220000
ollama__llama3_2_3b_exploitative_9,10.0,18.0,0.45,0.75,0.87,0.03,0.09,0.55,0.42,15.5,0.14,0.21,0.06,0.22,llm_bank,Prioritize individual gain and extraction while restricting only when necessary.,direct_json,,ollama__llama3_2_3b,ollama,llama3.2:3b,exploitative,harvest_bank_v3_attitude_anchors,636574595,10.000000|18.000000|0.450000|0.750000|0.870000|0.030000|0.090000|0.550000|0.420000|15.500000|0.140000|0.210000|0.060000|0.220000
ollama__llama3_2_3b_exploitative_10,10.2,17.4,0.51,0.69,0.92,0.19,0.31,0.52,0.46,20.0,0.13,0.08,0.19,0.17,llm_bank,Prioritize individual gain and extraction while restraining only when necessary.,direct_json,,ollama__llama3_2_3b,ollama,llama3.2:3b,exploitative,harvest_bank_v3_attitude_anchors,792910199,10.200000|17.400000|0.510000|0.690000|0.920000|0.190000|0.310000|0.520000|0.460000|20.000000|0.130000|0.080000|0.190000|0.170000
ollama__llama3_2_3b_exploitative_11,10.0,17.2,0.68,0.92,0.92,0.12,0.28,0.6,0.72,15.8,0.13,0.02,0.12,0.22,llm_bank,Prioritize individual gain and extraction while restraining only when necessary.,direct_json,,ollama__llama3_2_3b,ollama,llama3.2:3b,exploitative,harvest_bank_v3_attitude_anchors,787853353,10.000000|17.200000|0.680000|0.920000|0.920000|0.120000|0.280000|0.600000|0.720000|15.800000|0.130000|0.020000|0.120000|0.220000
ollama__llama3_2_3b_exploitative_12,10.5,15.78,0.72,0.85,0.94,0.22,0.38,0.93,0.69,16.45,0.13,0.11,0.08,0.22,llm_bank,Prioritize individual gain and extraction while restraining only when necessary.,direct_json,,ollama__llama3_2_3b,ollama,llama3.2:3b,exploitative,harvest_bank_v3_attitude_anchors,738154932,10.500000|15.780000|0.720000|0.850000|0.940000|0.220000|0.380000|0.930000|0.690000|16.450000|0.130000|0.110000|0.080000|0.220000
ollama__llama3_2_3b_exploitative_13,10.12,18.42,0.72,0.78,0.91,0.08,0.32,0.51,0.73,17.42,0.09,0.18,0.12,0.16,llm_bank,Prioritize individual gain and extraction while restraining only when necessary.,direct_json,,ollama__llama3_2_3b,ollama,llama3.2:3b,exploitative,harvest_bank_v3_attitude_anchors,833881712,10.120000|18.420000|0.720000|0.780000|0.910000|0.080000|0.320000|0.510000|0.730000|17.420000|0.090000|0.180000|0.120000|0.160000
ollama__llama3_2_3b_exploitative_14,10.5,15.2,0.51,0.72,0.92,0.22,0.28,0.81,0.31,18.1,0.11,0.07,0.21,0.24,llm_bank,Prioritize individual gain and extraction while only restraining when necessary.,direct_json,,ollama__llama3_2_3b,ollama,llama3.2:3b,exploitative,harvest_bank_v3_attitude_anchors,833078820,10.500000|15.200000|0.510000|0.720000|0.920000|0.220000|0.280000|0.810000|0.310000|18.100000|0.110000|0.070000|0.210000|0.240000
ollama__llama3_2_3b_exploitative_15,10.0,15.0,0.65,0.85,0.92,0.12,0.18,0.7,0.6,19.0,0.1,0.2,0.05,0.22,llm_bank,This policy prioritizes individual gain and extraction while restricting only when necessary.,direct_json,,ollama__llama3_2_3b,ollama,llama3.2:3b,exploitative,harvest_bank_v3_attitude_anchors,357299828,10.000000|15.000000|0.650000|0.850000|0.920000|0.120000|0.180000|0.700000|0.600000|19.000000|0.100000|0.200000|0.050000|0.220000
ollama__llama3_2_3b_exploitative_16,10.23,18.12,0.44,0.73,0.92,0.08,0.28,0.58,0.27,20.0,0.1,0.02,0.19,0.22,llm_bank,Prioritize individual gain and extraction while only restraining when necessary.,direct_json,,ollama__llama3_2_3b,ollama,llama3.2:3b,exploitative,harvest_bank_v3_attitude_anchors,373134320,10.230000|18.120000|0.440000|0.730000|0.920000|0.080000|0.280000|0.580000|0.270000|20.000000|0.100000|0.020000|0.190000|0.220000
ollama__llama3_2_3b_exploitative_17,10.12,15.64,0.69,0.72,0.89,0.24,0.31,0.92,0.48,17.91,0.11,0.23,0.06,0.22,llm_bank,Prioritize individual gain and extraction while restraining only when necessary.,direct_json,,ollama__llama3_2_3b,ollama,llama3.2:3b,exploitative,harvest_bank_v3_attitude_anchors,814466530,10.120000|15.640000|0.690000|0.720000|0.890000|0.240000|0.310000|0.920000|0.480000|17.910000|0.110000|0.230000|0.060000|0.220000
ollama__llama3_2_3b_exploitative_18,10.23,17.39,0.43,0.91,0.98,0.08,0.02,0.6,0.39,18.45,0.05,0.15,0.09,0.22,llm_bank,Prioritize individual gain and extraction while only restraining when necessary.,direct_json,,ollama__llama3_2_3b,ollama,llama3.2:3b,exploitative,harvest_bank_v3_attitude_anchors,350956325,10.230000|17.390000|0.430000|0.910000|0.980000|0.080000|0.020000|0.600000|0.390000|18.450000|0.050000|0.150000|0.090000|0.220000
ollama__llama3_2_3b_exploitative_19,4.5,15.2,0.46,0.73,0.89,0.08,0.23,0.51,0.39,15.5,0.06,0.19,0.08,0.21,llm_bank,Prioritize individual gain and extraction while restraining only when necessary.,direct_json,,ollama__llama3_2_3b,ollama,llama3.2:3b,exploitative,harvest_bank_v3_attitude_anchors,622795859,4.500000|15.200000|0.460000|0.730000|0.890000|0.080000|0.230000|0.510000|0.390000|15.500000|0.060000|0.190000|0.080000|0.210000
ollama__llama3_2_3b_exploitative_20,5.0,15.0,0.45,0.7,0.9,0.22,0.2,0.92,0.35,19.5,0.12,0.24,0.14,0.2,llm_bank,"This policy prioritizes individual gain and extraction, with restrained behavior only when necessary.",direct_json,,ollama__llama3_2_3b,ollama,llama3.2:3b,exploitative,harvest_bank_v3_attitude_anchors,743274094,5.000000|15.000000|0.450000|0.700000|0.900000|0.220000|0.200000|0.920000|0.350000|19.500000|0.120000|0.240000|0.140000|0.200000
ollama__llama3_2_3b_exploitative_21,10.0,15.0,0.55,0.75,0.92,0.2,0.3,0.5,0.6,19.5,0.02,0.2,0.22,0.23,llm_bank,Prioritize individual gain and extraction while restraining only under pressure.,direct_json,,ollama__llama3_2_3b,ollama,llama3.2:3b,exploitative,harvest_bank_v3_attitude_anchors,781060881,10.000000|15.000000|0.550000|0.750000|0.920000|0.200000|0.300000|0.500000|0.600000|19.500000|0.020000|0.200000|0.220000|0.230000
ollama__llama3_2_3b_exploitative_22,6.23,17.38,0.51,0.72,0.92,0.19,0.2,0.89,0.58,19.1,0.13,0.16,0.02,0.23,llm_bank,Prioritize individual gain and extraction while restraining only when necessary,direct_json,,ollama__llama3_2_3b,ollama,llama3.2:3b,exploitative,harvest_bank_v3_attitude_anchors,190062339,6.230000|17.380000|0.510000|0.720000|0.920000|0.190000|0.200000|0.890000|0.580000|19.100000|0.130000|0.160000|0.020000|0.230000
ollama__llama3_2_3b_exploitative_23,3.14,15.99,0.45,0.78,0.98,0.02,0.29,0.63,0.28,18.21,0.11,0.22,0.09,0.23,llm_bank,Prioritize individual gain and extraction while restricting only when necessary,direct_json,,ollama__llama3_2_3b,ollama,llama3.2:3b,exploitative,harvest_bank_v3_attitude_anchors,798157727,3.140000|15.990000|0.450000|0.780000|0.980000|0.020000|0.290000|0.630000|0.280000|18.210000|0.110000|0.220000|0.090000|0.230000
ollama__llama3_2_3b_exploitative_24,10.5,17.23,0.51,0.72,0.92,0.1,0.28,0.45,0.62,18.11,0.08,0.02,0.05,0.19,llm_bank,Prioritize individual gain and extraction while restraining only when necessary.,direct_json,,ollama__llama3_2_3b,ollama,llama3.2:3b,exploitative,harvest_bank_v3_attitude_anchors,855536152,10.500000|17.230000|0.510000|0.720000|0.920000|0.100000|0.280000|0.450000|0.620000|18.110000|0.080000|0.020000|0.050000|0.190000
ollama__llama3_2_3b_exploitative_25,5.12,10.38,0.42,0.72,0.89,0.05,0.12,0.75,0.79,18.5,0.03,0.08,0.14,0.22,llm_bank,Prioritize individual gain and extraction while restraining only when necessary.,direct_json,,ollama__llama3_2_3b,ollama,llama3.2:3b,exploitative,harvest_bank_v3_attitude_anchors,101201721,5.120000|10.380000|0.420000|0.720000|0.890000|0.050000|0.120000|0.750000|0.790000|18.500000|0.030000|0.080000|0.140000|0.220000
ollama__llama3_2_3b_exploitative_26,10.2,15.9,0.43,0.92,0.92,0.22,0.2,0.51,0.6,19.91,0.01,0.16,0.22,0.23,llm_bank,Prioritize individual gain and extraction while only restraining when necessary.,direct_json,,ollama__llama3_2_3b,ollama,llama3.2:3b,exploitative,harvest_bank_v3_attitude_anchors,890154639,10.200000|15.900000|0.430000|0.920000|0.920000|0.220000|0.200000|0.510000|0.600000|19.910000|0.010000|0.160000|0.220000|0.230000
ollama__llama3_2_3b_exploitative_27,10.0,15.0,0.58,0.78,0.9,0.09,0.03,0.75,0.28,18.5,0.08,0.16,0.06,0.2,llm_bank,"Prioritize individual gain and extraction, with restraint only when necessary.",direct_json,,ollama__llama3_2_3b,ollama,llama3.2:3b,exploitative,harvest_bank_v3_attitude_anchors,67240758,10.000000|15.000000|0.580000|0.780000|0.900000|0.090000|0.030000|0.750000|0.280000|18.500000|0.080000|0.160000|0.060000|0.200000
ollama__llama3_2_3b_exploitative_28,5.12,18.22,0.48,0.72,0.93,0.21,0.24,0.46,0.51,16.95,0.11,0.14,0.03,0.22,llm_bank,Prioritize individual gain and extraction while restraining only when necessary.,direct_json,,ollama__llama3_2_3b,ollama,llama3.2:3b,exploitative,harvest_bank_v3_attitude_anchors,652660546,5.120000|18.220000|0.480000|0.720000|0.930000|0.210000|0.240000|0.460000|0.510000|16.950000|0.110000|0.140000|0.030000|0.220000
ollama__llama3_2_3b_exploitative_29,15.21,18.16,0.72,0.92,0.95,0.23,0.03,0.93,0.68,19.38,0.14,0.12,0.09,0.22,llm_bank,Prioritize individual gain and extraction while restricting only when necessary.,direct_json,,ollama__llama3_2_3b,ollama,llama3.2:3b,exploitative,harvest_bank_v3_attitude_anchors,379051430,15.210000|18.160000|0.720000|0.920000|0.950000|0.230000|0.030000|0.930000|0.680000|19.380000|0.140000|0.120000|0.090000|0.220000
ollama__llama3_2_3b_exploitative_30,10.23,18.38,0.41,0.89,0.92,0.16,0.13,0.59,0.31,18.91,0.11,0.08,0.06,0.21,llm_bank,Prioritize individual gain and extraction while restricting only when necessary.,direct_json,,ollama__llama3_2_3b,ollama,llama3.2:3b,exploitative,harvest_bank_v3_attitude_anchors,705895207,10.230000|18.380000|0.410000|0.890000|0.920000|0.160000|0.130000|0.590000|0.310000|18.910000|0.110000|0.080000|0.060000|0.210000
ollama__llama3_2_3b_exploitative_31,10.17,18.85,0.59,0.74,0.97,0.04,0.05,0.68,0.54,16.43,0.14,0.08,0.02,0.24,llm_bank,Prioritize individual gain and extraction while only restraining when necessary.,direct_json,,ollama__llama3_2_3b,ollama,llama3.2:3b,exploitative,harvest_bank_v3_attitude_anchors,101391632,10.170000|18.850000|0.590000|0.740000|0.970000|0.040000|0.050000|0.680000|0.540000|16.430000|0.140000|0.080000|0.020000|0.240000
