tier,partner_mix,injector_mode_requested,adversarial_pressure,condition,rank,test_garden_failure_mean_mean,test_mean_patch_health_mean_mean,test_mean_welfare_mean_mean,test_global_unsafe_rate_mean_mean,test_local_pass_global_fail_rate_mean_mean,test_local_safe_action_fraction_mean_mean,scenario_preset,governance_friction_regime,actor_capability_level,overseer_capability_level,capability_gap
hard_h1,adversarial_heavy,mutation,0.3,hybrid,1,0.000625,14.117138,10.580371,0.055202,0.01756,0.824365,forest_co_management,,low_actor,limited_overseer,-1
hard_h1,adversarial_heavy,mutation,0.3,top_down_only,2,0.0,14.000967,10.902773,0.070734,0.025155,0.829991,forest_co_management,,low_actor,limited_overseer,-1
hard_h1,adversarial_heavy,mutation,0.3,bottom_up_only,3,0.093437,10.969897,13.187515,0.264279,0.0275,0.619585,forest_co_management,,low_actor,limited_overseer,-1
hard_h1,adversarial_heavy,mutation,0.3,none,4,0.132812,10.259568,13.073181,0.38082,0.049436,0.656604,forest_co_management,,low_actor,limited_overseer,-1
hard_h1,adversarial_heavy,mutation,0.3,hybrid,1,0.0,14.380354,12.022084,0.0,0.0,0.737723,forest_co_management,,low_actor,strong_overseer,-2
hard_h1,adversarial_heavy,mutation,0.3,top_down_only,2,0.0,14.346312,12.132895,3e-06,0.0,0.759439,forest_co_management,,low_actor,strong_overseer,-2
hard_h1,adversarial_heavy,mutation,0.3,bottom_up_only,3,0.093437,10.969897,13.187515,0.264279,0.0275,0.619585,forest_co_management,,low_actor,strong_overseer,-2
hard_h1,adversarial_heavy,mutation,0.3,none,4,0.132812,10.259568,13.073181,0.38082,0.049436,0.656604,forest_co_management,,low_actor,strong_overseer,-2
hard_h1,adversarial_heavy,mutation,0.3,hybrid,1,0.013437,13.607548,10.405771,0.091519,0.035505,0.836706,forest_co_management,,low_actor,weak_overseer,0
hard_h1,adversarial_heavy,mutation,0.3,top_down_only,2,0.003542,13.648797,10.43906,0.112603,0.057365,0.867057,forest_co_management,,low_actor,weak_overseer,0
hard_h1,adversarial_heavy,mutation,0.3,bottom_up_only,3,0.093437,10.969897,13.187515,0.264279,0.0275,0.619585,forest_co_management,,low_actor,weak_overseer,0
hard_h1,adversarial_heavy,mutation,0.3,none,4,0.132812,10.259568,13.073181,0.38082,0.049436,0.656604,forest_co_management,,low_actor,weak_overseer,0
hard_h1,adversarial_heavy,search_mutation,0.3,hybrid,1,0.000208,14.042051,10.666563,0.076671,0.032404,0.826512,forest_co_management,,high_actor,limited_overseer,1
hard_h1,adversarial_heavy,search_mutation,0.3,top_down_only,2,0.000208,13.664519,10.734003,0.11811,0.050971,0.836221,forest_co_management,,high_actor,limited_overseer,1
hard_h1,adversarial_heavy,search_mutation,0.3,bottom_up_only,3,0.097917,11.240063,13.537552,0.201287,0.024967,0.59546,forest_co_management,,high_actor,limited_overseer,1
hard_h1,adversarial_heavy,search_mutation,0.3,none,4,0.114792,11.053014,13.465986,0.244175,0.032233,0.654017,forest_co_management,,high_actor,limited_overseer,1
hard_h1,adversarial_heavy,search_mutation,0.3,hybrid,1,0.0,14.336444,12.073267,1e-06,0.0,0.710737,forest_co_management,,high_actor,strong_overseer,0
hard_h1,adversarial_heavy,search_mutation,0.3,top_down_only,2,0.0,14.325223,12.132826,1e-06,0.0,0.704549,forest_co_management,,high_actor,strong_overseer,0
hard_h1,adversarial_heavy,search_mutation,0.3,bottom_up_only,3,0.097917,11.240063,13.537552,0.201287,0.024967,0.59546,forest_co_management,,high_actor,strong_overseer,0
hard_h1,adversarial_heavy,search_mutation,0.3,none,4,0.114792,11.053014,13.465986,0.244175,0.032233,0.654017,forest_co_management,,high_actor,strong_overseer,0
hard_h1,adversarial_heavy,search_mutation,0.3,hybrid,1,0.004062,13.85163,11.075582,0.044541,0.014042,0.793232,forest_co_management,,high_actor,weak_overseer,2
hard_h1,adversarial_heavy,search_mutation,0.3,top_down_only,2,0.009583,13.335644,11.225276,0.138341,0.064657,0.873883,forest_co_management,,high_actor,weak_overseer,2
hard_h1,adversarial_heavy,search_mutation,0.3,bottom_up_only,3,0.097917,11.240063,13.537552,0.201287,0.024967,0.59546,forest_co_management,,high_actor,weak_overseer,2
hard_h1,adversarial_heavy,search_mutation,0.3,none,4,0.114792,11.053014,13.465986,0.244175,0.032233,0.654017,forest_co_management,,high_actor,weak_overseer,2
hard_h1,adversarial_heavy,search_mutation,0.3,hybrid,1,0.001042,14.205933,10.496251,0.060558,0.025576,0.824491,forest_co_management,,medium_actor,limited_overseer,0
hard_h1,adversarial_heavy,search_mutation,0.3,top_down_only,2,0.0,13.897283,9.839886,0.099368,0.049594,0.881087,forest_co_management,,medium_actor,limited_overseer,0
hard_h1,adversarial_heavy,search_mutation,0.3,bottom_up_only,3,0.093333,10.960979,13.389967,0.208902,0.015861,0.573854,forest_co_management,,medium_actor,limited_overseer,0
hard_h1,adversarial_heavy,search_mutation,0.3,none,4,0.129687,10.609841,13.57107,0.289608,0.041181,0.577434,forest_co_management,,medium_actor,limited_overseer,0
hard_h1,adversarial_heavy,search_mutation,0.3,hybrid,1,0.0,14.335463,12.045664,1e-06,0.0,0.778538,forest_co_management,,medium_actor,strong_overseer,-1
hard_h1,adversarial_heavy,search_mutation,0.3,top_down_only,2,0.0,14.316455,12.104792,1e-06,0.0,0.744991,forest_co_management,,medium_actor,strong_overseer,-1
hard_h1,adversarial_heavy,search_mutation,0.3,bottom_up_only,3,0.093333,10.960979,13.389967,0.208902,0.015861,0.573854,forest_co_management,,medium_actor,strong_overseer,-1
hard_h1,adversarial_heavy,search_mutation,0.3,none,4,0.129687,10.609841,13.57107,0.289608,0.041181,0.577434,forest_co_management,,medium_actor,strong_overseer,-1
hard_h1,adversarial_heavy,search_mutation,0.3,hybrid,1,0.0225,13.66586,10.171319,0.08914,0.034965,0.83577,forest_co_management,,medium_actor,weak_overseer,1
hard_h1,adversarial_heavy,search_mutation,0.3,top_down_only,2,0.004583,13.514772,10.463193,0.135569,0.066471,0.882517,forest_co_management,,medium_actor,weak_overseer,1
hard_h1,adversarial_heavy,search_mutation,0.3,bottom_up_only,3,0.093333,10.960979,13.389967,0.208902,0.015861,0.573854,forest_co_management,,medium_actor,weak_overseer,1
hard_h1,adversarial_heavy,search_mutation,0.3,none,4,0.129687,10.609841,13.57107,0.289608,0.041181,0.577434,forest_co_management,,medium_actor,weak_overseer,1
medium_h1,balanced,mutation,0.3,top_down_only,1,0.0,14.644513,13.643184,0.031122,0.001659,0.717235,community_irrigation,,low_actor,limited_overseer,-1
medium_h1,balanced,mutation,0.3,hybrid,2,0.0,14.632412,13.876904,0.033229,0.001346,0.706185,community_irrigation,,low_actor,limited_overseer,-1
medium_h1,balanced,mutation,0.3,bottom_up_only,3,0.0,11.934095,15.689306,0.084242,0.000385,0.385451,community_irrigation,,low_actor,limited_overseer,-1
medium_h1,balanced,mutation,0.3,none,4,0.012292,12.026567,15.761216,0.126948,0.000182,0.413758,community_irrigation,,low_actor,limited_overseer,-1
medium_h1,balanced,mutation,0.3,hybrid,1,0.0,15.099441,14.440014,0.0,0.0,0.660782,community_irrigation,,low_actor,strong_overseer,-2
medium_h1,balanced,mutation,0.3,top_down_only,2,0.0,15.044037,14.268608,0.0,0.0,0.650539,community_irrigation,,low_actor,strong_overseer,-2
medium_h1,balanced,mutation,0.3,bottom_up_only,3,0.0,11.934095,15.689306,0.084242,0.000385,0.385451,community_irrigation,,low_actor,strong_overseer,-2
medium_h1,balanced,mutation,0.3,none,4,0.012292,12.026567,15.761216,0.126948,0.000182,0.413758,community_irrigation,,low_actor,strong_overseer,-2
medium_h1,balanced,mutation,0.3,hybrid,1,0.0,14.37254,13.370853,0.046163,0.01072,0.732465,community_irrigation,,low_actor,weak_overseer,0
medium_h1,balanced,mutation,0.3,top_down_only,2,0.0,14.394941,12.97069,0.059957,0.015844,0.768251,community_irrigation,,low_actor,weak_overseer,0
medium_h1,balanced,mutation,0.3,bottom_up_only,3,0.0,11.934095,15.689306,0.084242,0.000385,0.385451,community_irrigation,,low_actor,weak_overseer,0
medium_h1,balanced,mutation,0.3,none,4,0.012292,12.026567,15.761216,0.126948,0.000182,0.413758,community_irrigation,,low_actor,weak_overseer,0
medium_h1,balanced,search_mutation,0.3,bottom_up_only,1,0.0,12.45596,16.257846,0.026251,0.000247,0.375106,community_irrigation,,high_actor,limited_overseer,1
medium_h1,balanced,search_mutation,0.3,hybrid,2,0.0,14.50134,13.958455,0.05059,0.002523,0.703499,community_irrigation,,high_actor,limited_overseer,1
medium_h1,balanced,search_mutation,0.3,none,3,0.012292,12.381488,16.364857,0.0591,0.000151,0.347671,community_irrigation,,high_actor,limited_overseer,1
medium_h1,balanced,search_mutation,0.3,top_down_only,4,0.0,14.284211,13.683516,0.074576,0.005027,0.73266,community_irrigation,,high_actor,limited_overseer,1
medium_h1,balanced,search_mutation,0.3,hybrid,1,0.0,14.999028,14.636055,0.0,0.0,0.579179,community_irrigation,,high_actor,strong_overseer,0
medium_h1,balanced,search_mutation,0.3,top_down_only,2,0.0,14.966538,14.638405,0.0,0.0,0.641275,community_irrigation,,high_actor,strong_overseer,0
medium_h1,balanced,search_mutation,0.3,bottom_up_only,3,0.0,12.45596,16.257846,0.026251,0.000247,0.375106,community_irrigation,,high_actor,strong_overseer,0
medium_h1,balanced,search_mutation,0.3,none,4,0.012292,12.381488,16.364857,0.0591,0.000151,0.347671,community_irrigation,,high_actor,strong_overseer,0
medium_h1,balanced,search_mutation,0.3,bottom_up_only,1,0.0,12.45596,16.257846,0.026251,0.000247,0.375106,community_irrigation,,high_actor,weak_overseer,2
medium_h1,balanced,search_mutation,0.3,none,2,0.012292,12.381488,16.364857,0.0591,0.000151,0.347671,community_irrigation,,high_actor,weak_overseer,2
medium_h1,balanced,search_mutation,0.3,hybrid,3,0.000104,14.259287,13.756695,0.064757,0.026496,0.721379,community_irrigation,,high_actor,weak_overseer,2
medium_h1,balanced,search_mutation,0.3,top_down_only,4,0.000104,14.106284,13.037788,0.091225,0.034236,0.778565,community_irrigation,,high_actor,weak_overseer,2
medium_h1,balanced,search_mutation,0.3,bottom_up_only,1,0.000104,12.184349,16.009157,0.050316,0.002018,0.401239,community_irrigation,,medium_actor,limited_overseer,0
medium_h1,balanced,search_mutation,0.3,hybrid,2,0.0,14.385243,13.944933,0.060533,0.003094,0.697248,community_irrigation,,medium_actor,limited_overseer,0
medium_h1,balanced,search_mutation,0.3,none,3,0.012292,12.163132,16.243286,0.064066,0.000138,0.377959,community_irrigation,,medium_actor,limited_overseer,0
medium_h1,balanced,search_mutation,0.3,top_down_only,4,0.0,14.275095,13.296288,0.079848,0.008392,0.756108,community_irrigation,,medium_actor,limited_overseer,0
medium_h1,balanced,search_mutation,0.3,hybrid,1,0.0,14.988137,14.562227,0.0,0.0,0.610141,community_irrigation,,medium_actor,strong_overseer,-1
medium_h1,balanced,search_mutation,0.3,top_down_only,2,0.0,14.96749,14.478926,0.0,0.0,0.621553,community_irrigation,,medium_actor,strong_overseer,-1
medium_h1,balanced,search_mutation,0.3,bottom_up_only,3,0.000104,12.184349,16.009157,0.050316,0.002018,0.401239,community_irrigation,,medium_actor,strong_overseer,-1
medium_h1,balanced,search_mutation,0.3,none,4,0.012292,12.163132,16.243286,0.064066,0.000138,0.377959,community_irrigation,,medium_actor,strong_overseer,-1
medium_h1,balanced,search_mutation,0.3,bottom_up_only,1,0.000104,12.184349,16.009157,0.050316,0.002018,0.401239,community_irrigation,,medium_actor,weak_overseer,1
medium_h1,balanced,search_mutation,0.3,none,2,0.012292,12.163132,16.243286,0.064066,0.000138,0.377959,community_irrigation,,medium_actor,weak_overseer,1
medium_h1,balanced,search_mutation,0.3,hybrid,3,0.001563,14.203611,13.209604,0.06558,0.018919,0.749632,community_irrigation,,medium_actor,weak_overseer,1
medium_h1,balanced,search_mutation,0.3,top_down_only,4,0.000521,14.172863,12.108804,0.091366,0.043262,0.816225,community_irrigation,,medium_actor,weak_overseer,1
