tier,partner_mix,injector_mode_requested,adversarial_pressure,condition,n_runs,llm_provider,llm_model,scenario_preset,governance_friction_regime,actor_capability_level,overseer_capability_level,capability_gap,train_garden_failure_mean_mean,train_garden_failure_mean_ci95_low,train_garden_failure_mean_ci95_high,test_garden_failure_mean_mean,test_garden_failure_mean_ci95_low,test_garden_failure_mean_ci95_high,train_garden_failure_last_mean,train_garden_failure_last_ci95_low,train_garden_failure_last_ci95_high,test_garden_failure_last_mean,test_garden_failure_last_ci95_low,test_garden_failure_last_ci95_high,test_mean_patch_health_mean_mean,test_mean_patch_health_mean_ci95_low,test_mean_patch_health_mean_ci95_high,test_mean_welfare_mean_mean,test_mean_welfare_mean_ci95_low,test_mean_welfare_mean_ci95_high,test_mean_credit_transferred_mean_mean,test_mean_credit_transferred_mean_ci95_low,test_mean_credit_transferred_mean_ci95_high,test_mean_aggressive_request_fraction_mean_mean,test_mean_aggressive_request_fraction_mean_ci95_low,test_mean_aggressive_request_fraction_mean_ci95_high,test_mean_max_local_aggression_mean_mean,test_mean_max_local_aggression_mean_ci95_low,test_mean_max_local_aggression_mean_ci95_high,test_mean_neighborhood_overharvest_mean_mean,test_mean_neighborhood_overharvest_mean_ci95_low,test_mean_neighborhood_overharvest_mean_ci95_high,test_mean_capped_action_fraction_mean_mean,test_mean_capped_action_fraction_mean_ci95_low,test_mean_capped_action_fraction_mean_ci95_high,test_mean_targeted_agent_fraction_mean_mean,test_mean_targeted_agent_fraction_mean_ci95_low,test_mean_targeted_agent_fraction_mean_ci95_high,test_missed_target_rate_mean_mean,test_missed_target_rate_mean_ci95_low,test_missed_target_rate_mean_ci95_high,test_targeted_share_mean_mean,test_targeted_share_mean_ci95_low,test_targeted_share_mean_ci95_high,test_delayed_intervention_count_mean_mean,test_delayed_intervention_count_mean_ci95_low,test_delayed_intervention_count_mean_ci95_high,test_governance_budget_spent_mean_mean,test_governance_budget_spent_mean_ci95_low,test_governance_budget_spent_mean_ci95_high,test_mean_prevented_harvest_mean_mean,test_mean_prevented_harvest_mean_ci95_low,test_mean_prevented_harvest_mean_ci95_high,test_mean_patch_variance_mean_mean,test_mean_patch_variance_mean_ci95_low,test_mean_patch_variance_mean_ci95_high,test_mean_requested_harvest_mean_mean,test_mean_requested_harvest_mean_ci95_low,test_mean_requested_harvest_mean_ci95_high,test_mean_realized_harvest_mean_mean,test_mean_realized_harvest_mean_ci95_low,test_mean_realized_harvest_mean_ci95_high,test_local_safe_action_fraction_mean_mean,test_local_safe_action_fraction_mean_ci95_low,test_local_safe_action_fraction_mean_ci95_high,test_all_local_safe_step_fraction_mean_mean,test_all_local_safe_step_fraction_mean_ci95_low,test_all_local_safe_step_fraction_mean_ci95_high,test_global_unsafe_rate_mean_mean,test_global_unsafe_rate_mean_ci95_low,test_global_unsafe_rate_mean_ci95_high,test_local_pass_global_fail_rate_mean_mean,test_local_pass_global_fail_rate_mean_ci95_low,test_local_pass_global_fail_rate_mean_ci95_high,test_time_to_first_global_unsafe_mean_mean,test_time_to_first_global_unsafe_mean_ci95_low,test_time_to_first_global_unsafe_mean_ci95_high,time_to_garden_failure_mean,time_to_garden_failure_ci95_low,time_to_garden_failure_ci95_high,first_generation_test_failure_ge_0_8_mean,first_generation_test_failure_ge_0_8_ci95_low,first_generation_test_failure_ge_0_8_ci95_high,per_regime_health_survival_over_generations_mean_mean,per_regime_health_survival_over_generations_mean_ci95_low,per_regime_health_survival_over_generations_mean_ci95_high,population_diversity_mean_mean,population_diversity_mean_ci95_low,population_diversity_mean_ci95_high,llm_json_fraction_mean,llm_json_fraction_ci95_low,llm_json_fraction_ci95_high,llm_fallback_fraction_mean,llm_fallback_fraction_ci95_low,llm_fallback_fraction_ci95_high,direct_json_fraction_mean,direct_json_fraction_ci95_low,direct_json_fraction_ci95_high,repaired_json_fraction_mean,repaired_json_fraction_ci95_low,repaired_json_fraction_ci95_high,effective_llm_fraction_mean,effective_llm_fraction_ci95_low,effective_llm_fraction_ci95_high,unrepaired_fallback_fraction_mean,unrepaired_fallback_fraction_ci95_low,unrepaired_fallback_fraction_ci95_high,per_regime_health_survival_over_generations__low_init_mean,per_regime_health_survival_over_generations__low_init_ci95_low,per_regime_health_survival_over_generations__low_init_ci95_high,per_regime_health_survival_over_generations__noisy_weather_mean,per_regime_health_survival_over_generations__noisy_weather_ci95_low,per_regime_health_survival_over_generations__noisy_weather_ci95_high,per_regime_health_survival_over_generations__slow_regen_mean,per_regime_health_survival_over_generations__slow_regen_ci95_low,per_regime_health_survival_over_generations__slow_regen_ci95_high,per_regime_health_survival_over_generations__strong_externality_mean,per_regime_health_survival_over_generations__strong_externality_ci95_low,per_regime_health_survival_over_generations__strong_externality_ci95_high,llm_parse_error_count__fenced_json_mean,llm_parse_error_count__fenced_json_ci95_low,llm_parse_error_count__fenced_json_ci95_high,llm_parse_error_count__missing_keys_mean,llm_parse_error_count__missing_keys_ci95_low,llm_parse_error_count__missing_keys_ci95_high,llm_parse_error_count__missing_outer_object_mean,llm_parse_error_count__missing_outer_object_ci95_low,llm_parse_error_count__missing_outer_object_ci95_high,llm_parse_error_count__numeric_strings_mean,llm_parse_error_count__numeric_strings_ci95_low,llm_parse_error_count__numeric_strings_ci95_high,llm_parse_error_count__other_mean,llm_parse_error_count__other_ci95_low,llm_parse_error_count__other_ci95_high,llm_parse_error_count__request_error_mean,llm_parse_error_count__request_error_ci95_low,llm_parse_error_count__request_error_ci95_high,llm_parse_error_count__single_quotes_mean,llm_parse_error_count__single_quotes_ci95_low,llm_parse_error_count__single_quotes_ci95_high,llm_parse_error_count__trailing_prose_mean,llm_parse_error_count__trailing_prose_ci95_low,llm_parse_error_count__trailing_prose_ci95_high
medium_h1,balanced,search_mutation,0.3,hybrid,5,none,nan,community_irrigation,,high_actor,limited_overseer,1,0.0,0.0,0.0,0.0,0.0,0.0,0.0,0.0,0.0,0.0,0.0,0.0,14.50134,14.135165,14.867516,13.958455,13.653882,14.263027,0.0,0.0,0.0,0.18376,0.138986,0.228533,0.226603,0.204724,0.248482,2.50149,2.404181,2.598799,0.343148,0.318166,0.368129,0.695461,0.635153,0.755768,0.359388,0.330395,0.388381,0.695461,0.635153,0.755768,58.995729,56.992276,60.999182,3.331867,3.149859,3.513874,1.381225,1.008104,1.754345,7.979867,5.915762,10.043972,15.482777,15.00866,15.956895,14.000103,13.696426,14.303779,0.703499,0.65334,0.753658,0.59641,0.481095,0.711725,0.05059,0.024501,0.076678,0.002523,0.000556,0.004491,40.062708,20.489637,59.63578,15.0,15.0,15.0,15.0,15.0,15.0,1.0,1.0,1.0,0.423413,0.37357,0.473255,0.0,0.0,0.0,0.0,0.0,0.0,0.0,0.0,0.0,0.0,0.0,0.0,0.0,0.0,0.0,0.0,0.0,0.0,1.0,1.0,1.0,1.0,1.0,1.0,1.0,1.0,1.0,1.0,1.0,1.0,0.0,0.0,0.0,0.0,0.0,0.0,0.0,0.0,0.0,0.0,0.0,0.0,0.0,0.0,0.0,0.0,0.0,0.0,0.0,0.0,0.0,0.0,0.0,0.0
medium_h1,balanced,search_mutation,0.3,top_down_only,5,none,nan,community_irrigation,,high_actor,limited_overseer,1,0.0,0.0,0.0,0.0,0.0,0.0,0.0,0.0,0.0,0.0,0.0,0.0,14.284211,14.195344,14.373079,13.683516,13.241424,14.125607,0.0,0.0,0.0,0.20835,0.19365,0.22305,0.239224,0.222985,0.255464,2.440045,2.350335,2.529755,0.361719,0.355621,0.367817,0.744303,0.731493,0.757114,0.382441,0.375774,0.389109,0.744303,0.731493,0.757114,60.326979,59.259674,61.394285,3.473875,3.414879,3.532871,1.380284,1.062214,1.698353,9.668791,7.193013,12.144569,15.283928,14.723648,15.844208,13.726939,13.285304,14.168574,0.73266,0.715688,0.749633,0.656603,0.560013,0.753192,0.074576,0.067111,0.08204,0.005027,0.00234,0.007715,25.9775,24.089184,27.865816,15.0,15.0,15.0,15.0,15.0,15.0,1.0,1.0,1.0,0.365278,0.341759,0.388798,0.0,0.0,0.0,0.0,0.0,0.0,0.0,0.0,0.0,0.0,0.0,0.0,0.0,0.0,0.0,0.0,0.0,0.0,1.0,1.0,1.0,1.0,1.0,1.0,1.0,1.0,1.0,1.0,1.0,1.0,0.0,0.0,0.0,0.0,0.0,0.0,0.0,0.0,0.0,0.0,0.0,0.0,0.0,0.0,0.0,0.0,0.0,0.0,0.0,0.0,0.0,0.0,0.0,0.0
medium_h1,balanced,search_mutation,0.3,bottom_up_only,5,none,nan,community_irrigation,,high_actor,limited_overseer,1,0.0,0.0,0.0,0.0,0.0,0.0,0.0,0.0,0.0,0.0,0.0,0.0,12.45596,12.185124,12.726796,16.257846,16.17069,16.345003,0.0,0.0,0.0,0.039066,0.006416,0.071715,0.073472,0.014759,0.132185,2.374401,2.3271,2.421701,0.0,0.0,0.0,0.0,0.0,0.0,0.0,0.0,0.0,0.0,0.0,0.0,0.0,0.0,0.0,0.0,0.0,0.0,0.0,0.0,0.0,7.217408,6.716796,7.71802,16.500516,16.35746,16.643573,16.257846,16.17069,16.345003,0.375106,0.320489,0.429723,0.005245,0.000598,0.009892,0.026251,0.010052,0.042451,0.000247,-0.000188,0.000683,75.498854,74.52577,76.471938,15.0,15.0,15.0,15.0,15.0,15.0,1.0,1.0,1.0,0.362447,0.327136,0.397758,0.0,0.0,0.0,0.0,0.0,0.0,0.0,0.0,0.0,0.0,0.0,0.0,0.0,0.0,0.0,0.0,0.0,0.0,1.0,1.0,1.0,1.0,1.0,1.0,1.0,1.0,1.0,1.0,1.0,1.0,0.0,0.0,0.0,0.0,0.0,0.0,0.0,0.0,0.0,0.0,0.0,0.0,0.0,0.0,0.0,0.0,0.0,0.0,0.0,0.0,0.0,0.0,0.0,0.0
medium_h1,balanced,search_mutation,0.3,none,5,none,nan,community_irrigation,,high_actor,limited_overseer,1,0.011667,-0.0112,0.034533,0.012292,-0.0118,0.036383,0.0,0.0,0.0,0.0,0.0,0.0,12.381488,12.257572,12.505404,16.364857,16.266345,16.463369,0.0,0.0,0.0,0.032646,-0.000662,0.065954,0.064746,-0.001619,0.13111,2.429756,2.236357,2.623155,0.0,0.0,0.0,0.0,0.0,0.0,0.0,0.0,0.0,0.0,0.0,0.0,0.0,0.0,0.0,0.0,0.0,0.0,0.0,0.0,0.0,7.085416,6.506614,7.664218,16.669698,16.542498,16.796899,16.364857,16.266345,16.463369,0.347671,0.289057,0.406284,0.003033,1e-05,0.006055,0.0591,0.055054,0.063146,0.000151,-0.000117,0.000419,74.129896,73.159142,75.10065,15.0,15.0,15.0,12.0,6.12,17.88,0.987708,0.963617,1.0118,0.364403,0.345414,0.383391,0.0,0.0,0.0,0.0,0.0,0.0,0.0,0.0,0.0,0.0,0.0,0.0,0.0,0.0,0.0,0.0,0.0,0.0,0.989167,0.967933,1.0104,0.987083,0.961767,1.0124,0.986667,0.960533,1.0128,0.987917,0.964233,1.0116,0.0,0.0,0.0,0.0,0.0,0.0,0.0,0.0,0.0,0.0,0.0,0.0,0.0,0.0,0.0,0.0,0.0,0.0,0.0,0.0,0.0,0.0,0.0,0.0
medium_h1,balanced,search_mutation,0.3,hybrid,5,none,nan,community_irrigation,,high_actor,strong_overseer,0,0.0,0.0,0.0,0.0,0.0,0.0,0.0,0.0,0.0,0.0,0.0,0.0,14.999028,14.935882,15.062175,14.636055,14.464402,14.807709,0.0,0.0,0.0,0.261545,0.245907,0.277184,0.291778,0.28271,0.300846,3.321333,3.2323,3.410366,0.667671,0.649423,0.685919,0.670146,0.655858,0.684434,0.0,0.0,0.0,0.670146,0.655858,0.684434,0.0,0.0,0.0,0.0,0.0,0.0,3.478715,3.296889,3.660541,3.769922,2.697435,4.842409,18.153889,17.981009,18.326769,14.636055,14.464402,14.807709,0.579179,0.56298,0.595378,0.294197,0.252067,0.336327,0.0,0.0,0.0,0.0,0.0,0.0,80.0,80.0,80.0,15.0,15.0,15.0,15.0,15.0,15.0,1.0,1.0,1.0,0.394488,0.340153,0.448824,0.0,0.0,0.0,0.0,0.0,0.0,0.0,0.0,0.0,0.0,0.0,0.0,0.0,0.0,0.0,0.0,0.0,0.0,1.0,1.0,1.0,1.0,1.0,1.0,1.0,1.0,1.0,1.0,1.0,1.0,0.0,0.0,0.0,0.0,0.0,0.0,0.0,0.0,0.0,0.0,0.0,0.0,0.0,0.0,0.0,0.0,0.0,0.0,0.0,0.0,0.0,0.0,0.0,0.0
medium_h1,balanced,search_mutation,0.3,top_down_only,5,none,nan,community_irrigation,,high_actor,strong_overseer,0,0.0,0.0,0.0,0.0,0.0,0.0,0.0,0.0,0.0,0.0,0.0,0.0,14.966538,14.931946,15.00113,14.638405,14.435717,14.841093,0.0,0.0,0.0,0.273265,0.260123,0.286408,0.301981,0.293531,0.310432,3.237789,3.092423,3.383155,0.684129,0.676568,0.691689,0.684642,0.676937,0.692347,0.0,0.0,0.0,0.684642,0.676937,0.692347,0.0,0.0,0.0,0.0,0.0,0.0,3.048603,2.53398,3.563227,3.844402,2.675996,5.012809,17.733204,17.091434,18.374974,14.638405,14.435717,14.841093,0.641275,0.572871,0.709679,0.508339,0.305239,0.711438,0.0,0.0,0.0,0.0,0.0,0.0,80.0,80.0,80.0,15.0,15.0,15.0,15.0,15.0,15.0,1.0,1.0,1.0,0.364549,0.336261,0.392838,0.0,0.0,0.0,0.0,0.0,0.0,0.0,0.0,0.0,0.0,0.0,0.0,0.0,0.0,0.0,0.0,0.0,0.0,1.0,1.0,1.0,1.0,1.0,1.0,1.0,1.0,1.0,1.0,1.0,1.0,0.0,0.0,0.0,0.0,0.0,0.0,0.0,0.0,0.0,0.0,0.0,0.0,0.0,0.0,0.0,0.0,0.0,0.0,0.0,0.0,0.0,0.0,0.0,0.0
medium_h1,balanced,search_mutation,0.3,bottom_up_only,5,none,nan,community_irrigation,,high_actor,strong_overseer,0,0.0,0.0,0.0,0.0,0.0,0.0,0.0,0.0,0.0,0.0,0.0,0.0,12.45596,12.185124,12.726796,16.257846,16.17069,16.345003,0.0,0.0,0.0,0.039066,0.006416,0.071715,0.073472,0.014759,0.132185,2.374401,2.3271,2.421701,0.0,0.0,0.0,0.0,0.0,0.0,0.0,0.0,0.0,0.0,0.0,0.0,0.0,0.0,0.0,0.0,0.0,0.0,0.0,0.0,0.0,7.217408,6.716796,7.71802,16.500516,16.35746,16.643573,16.257846,16.17069,16.345003,0.375106,0.320489,0.429723,0.005245,0.000598,0.009892,0.026251,0.010052,0.042451,0.000247,-0.000188,0.000683,75.498854,74.52577,76.471938,15.0,15.0,15.0,15.0,15.0,15.0,1.0,1.0,1.0,0.362447,0.327136,0.397758,0.0,0.0,0.0,0.0,0.0,0.0,0.0,0.0,0.0,0.0,0.0,0.0,0.0,0.0,0.0,0.0,0.0,0.0,1.0,1.0,1.0,1.0,1.0,1.0,1.0,1.0,1.0,1.0,1.0,1.0,0.0,0.0,0.0,0.0,0.0,0.0,0.0,0.0,0.0,0.0,0.0,0.0,0.0,0.0,0.0,0.0,0.0,0.0,0.0,0.0,0.0,0.0,0.0,0.0
medium_h1,balanced,search_mutation,0.3,none,5,none,nan,community_irrigation,,high_actor,strong_overseer,0,0.011667,-0.0112,0.034533,0.012292,-0.0118,0.036383,0.0,0.0,0.0,0.0,0.0,0.0,12.381488,12.257572,12.505404,16.364857,16.266345,16.463369,0.0,0.0,0.0,0.032646,-0.000662,0.065954,0.064746,-0.001619,0.13111,2.429756,2.236357,2.623155,0.0,0.0,0.0,0.0,0.0,0.0,0.0,0.0,0.0,0.0,0.0,0.0,0.0,0.0,0.0,0.0,0.0,0.0,0.0,0.0,0.0,7.085416,6.506614,7.664218,16.669698,16.542498,16.796899,16.364857,16.266345,16.463369,0.347671,0.289057,0.406284,0.003033,1e-05,0.006055,0.0591,0.055054,0.063146,0.000151,-0.000117,0.000419,74.129896,73.159142,75.10065,15.0,15.0,15.0,12.0,6.12,17.88,0.987708,0.963617,1.0118,0.364403,0.345414,0.383391,0.0,0.0,0.0,0.0,0.0,0.0,0.0,0.0,0.0,0.0,0.0,0.0,0.0,0.0,0.0,0.0,0.0,0.0,0.989167,0.967933,1.0104,0.987083,0.961767,1.0124,0.986667,0.960533,1.0128,0.987917,0.964233,1.0116,0.0,0.0,0.0,0.0,0.0,0.0,0.0,0.0,0.0,0.0,0.0,0.0,0.0,0.0,0.0,0.0,0.0,0.0,0.0,0.0,0.0,0.0,0.0,0.0
medium_h1,balanced,search_mutation,0.3,bottom_up_only,5,none,nan,community_irrigation,,high_actor,weak_overseer,2,0.0,0.0,0.0,0.0,0.0,0.0,0.0,0.0,0.0,0.0,0.0,0.0,12.45596,12.185124,12.726796,16.257846,16.17069,16.345003,0.0,0.0,0.0,0.039066,0.006416,0.071715,0.073472,0.014759,0.132185,2.374401,2.3271,2.421701,0.0,0.0,0.0,0.0,0.0,0.0,0.0,0.0,0.0,0.0,0.0,0.0,0.0,0.0,0.0,0.0,0.0,0.0,0.0,0.0,0.0,7.217408,6.716796,7.71802,16.500516,16.35746,16.643573,16.257846,16.17069,16.345003,0.375106,0.320489,0.429723,0.005245,0.000598,0.009892,0.026251,0.010052,0.042451,0.000247,-0.000188,0.000683,75.498854,74.52577,76.471938,15.0,15.0,15.0,15.0,15.0,15.0,1.0,1.0,1.0,0.362447,0.327136,0.397758,0.0,0.0,0.0,0.0,0.0,0.0,0.0,0.0,0.0,0.0,0.0,0.0,0.0,0.0,0.0,0.0,0.0,0.0,1.0,1.0,1.0,1.0,1.0,1.0,1.0,1.0,1.0,1.0,1.0,1.0,0.0,0.0,0.0,0.0,0.0,0.0,0.0,0.0,0.0,0.0,0.0,0.0,0.0,0.0,0.0,0.0,0.0,0.0,0.0,0.0,0.0,0.0,0.0,0.0
medium_h1,balanced,search_mutation,0.3,hybrid,5,none,nan,community_irrigation,,high_actor,weak_overseer,2,0.0,0.0,0.0,0.000104,-0.0001,0.000308,0.0,0.0,0.0,0.0,0.0,0.0,14.259287,13.967158,14.551415,13.756695,12.886835,14.626554,0.0,0.0,0.0,0.163298,0.140396,0.186201,0.217687,0.199396,0.235978,2.01705,1.726703,2.307397,0.122158,0.117006,0.12731,0.708507,0.653961,0.763052,0.619937,0.592284,0.64759,0.708507,0.653961,0.763052,61.946771,59.71967,64.173871,2.349846,2.254273,2.445418,0.554968,0.498304,0.611632,10.589744,5.279938,15.89955,14.54694,13.827052,15.266828,13.786071,12.917391,14.654751,0.721379,0.666619,0.776138,0.584593,0.422233,0.746953,0.064757,0.017086,0.112427,0.026496,0.002793,0.0502,34.015104,12.833332,55.196877,15.0,15.0,15.0,15.0,15.0,15.0,0.999896,0.999692,1.0001,0.449018,0.374465,0.523572,0.0,0.0,0.0,0.0,0.0,0.0,0.0,0.0,0.0,0.0,0.0,0.0,0.0,0.0,0.0,0.0,0.0,0.0,0.999583,0.998767,1.0004,1.0,1.0,1.0,1.0,1.0,1.0,1.0,1.0,1.0,0.0,0.0,0.0,0.0,0.0,0.0,0.0,0.0,0.0,0.0,0.0,0.0,0.0,0.0,0.0,0.0,0.0,0.0,0.0,0.0,0.0,0.0,0.0,0.0
medium_h1,balanced,search_mutation,0.3,top_down_only,5,none,nan,community_irrigation,,high_actor,weak_overseer,2,0.0,0.0,0.0,0.000104,-0.0001,0.000308,0.0,0.0,0.0,0.001563,-0.0015,0.004625,14.106284,13.875373,14.337195,13.037788,12.417787,13.657789,0.0,0.0,0.0,0.151842,0.122946,0.180739,0.184932,0.157407,0.212458,1.690979,1.497937,1.88402,0.127768,0.123813,0.131724,0.779625,0.755658,0.803592,0.651741,0.631768,0.671714,0.779625,0.755658,0.803592,64.029687,62.005867,66.053508,2.455146,2.378662,2.53163,0.611645,0.536344,0.686946,15.401177,11.382122,19.420233,14.040007,13.489829,14.590185,13.06848,12.44933,13.687629,0.778565,0.75305,0.804081,0.70385,0.618364,0.789336,0.091225,0.060916,0.121534,0.034236,0.009546,0.058925,17.366458,14.825347,19.90757,15.0,15.0,15.0,15.0,15.0,15.0,0.999896,0.999692,1.0001,0.370951,0.368556,0.373346,0.0,0.0,0.0,0.0,0.0,0.0,0.0,0.0,0.0,0.0,0.0,0.0,0.0,0.0,0.0,0.0,0.0,0.0,0.999583,0.998767,1.0004,1.0,1.0,1.0,1.0,1.0,1.0,1.0,1.0,1.0,0.0,0.0,0.0,0.0,0.0,0.0,0.0,0.0,0.0,0.0,0.0,0.0,0.0,0.0,0.0,0.0,0.0,0.0,0.0,0.0,0.0,0.0,0.0,0.0
medium_h1,balanced,search_mutation,0.3,none,5,none,nan,community_irrigation,,high_actor,weak_overseer,2,0.011667,-0.0112,0.034533,0.012292,-0.0118,0.036383,0.0,0.0,0.0,0.0,0.0,0.0,12.381488,12.257572,12.505404,16.364857,16.266345,16.463369,0.0,0.0,0.0,0.032646,-0.000662,0.065954,0.064746,-0.001619,0.13111,2.429756,2.236357,2.623155,0.0,0.0,0.0,0.0,0.0,0.0,0.0,0.0,0.0,0.0,0.0,0.0,0.0,0.0,0.0,0.0,0.0,0.0,0.0,0.0,0.0,7.085416,6.506614,7.664218,16.669698,16.542498,16.796899,16.364857,16.266345,16.463369,0.347671,0.289057,0.406284,0.003033,1e-05,0.006055,0.0591,0.055054,0.063146,0.000151,-0.000117,0.000419,74.129896,73.159142,75.10065,15.0,15.0,15.0,12.0,6.12,17.88,0.987708,0.963617,1.0118,0.364403,0.345414,0.383391,0.0,0.0,0.0,0.0,0.0,0.0,0.0,0.0,0.0,0.0,0.0,0.0,0.0,0.0,0.0,0.0,0.0,0.0,0.989167,0.967933,1.0104,0.987083,0.961767,1.0124,0.986667,0.960533,1.0128,0.987917,0.964233,1.0116,0.0,0.0,0.0,0.0,0.0,0.0,0.0,0.0,0.0,0.0,0.0,0.0,0.0,0.0,0.0,0.0,0.0,0.0,0.0,0.0,0.0,0.0,0.0,0.0
medium_h1,balanced,mutation,0.3,top_down_only,5,none,nan,community_irrigation,,low_actor,limited_overseer,-1,0.0,0.0,0.0,0.0,0.0,0.0,0.0,0.0,0.0,0.0,0.0,0.0,14.644513,14.401217,14.887808,13.643184,13.065896,14.220473,0.0,0.0,0.0,0.201808,0.183259,0.220358,0.250647,0.235455,0.265839,2.353011,2.137556,2.568466,0.352663,0.344787,0.36054,0.726184,0.709436,0.742931,0.373127,0.364467,0.381786,0.726184,0.709436,0.742931,58.864375,57.515756,60.212994,3.389346,3.311665,3.467026,1.371495,1.06772,1.67527,9.93957,6.3748,13.504339,15.229971,14.714526,15.745417,13.685551,13.108898,14.262205,0.717235,0.677116,0.757355,0.644531,0.485717,0.803346,0.031122,0.007761,0.054484,0.001659,-0.000938,0.004256,49.574792,36.205419,62.944164,15.0,15.0,15.0,15.0,15.0,15.0,1.0,1.0,1.0,0.405194,0.362387,0.448001,0.0,0.0,0.0,0.0,0.0,0.0,0.0,0.0,0.0,0.0,0.0,0.0,0.0,0.0,0.0,0.0,0.0,0.0,1.0,1.0,1.0,1.0,1.0,1.0,1.0,1.0,1.0,1.0,1.0,1.0,0.0,0.0,0.0,0.0,0.0,0.0,0.0,0.0,0.0,0.0,0.0,0.0,0.0,0.0,0.0,0.0,0.0,0.0,0.0,0.0,0.0,0.0,0.0,0.0
medium_h1,balanced,mutation,0.3,hybrid,5,none,nan,community_irrigation,,low_actor,limited_overseer,-1,0.0,0.0,0.0,0.0,0.0,0.0,0.0,0.0,0.0,0.0,0.0,0.0,14.632412,14.405366,14.859458,13.876904,13.069303,14.684505,0.0,0.0,0.0,0.212177,0.188407,0.235947,0.257792,0.236162,0.279422,2.471349,2.153481,2.789216,0.344393,0.332075,0.356712,0.698366,0.670236,0.726495,0.36044,0.346981,0.373899,0.698366,0.670236,0.726495,58.378646,56.713763,60.043528,3.318237,3.204948,3.431527,1.224874,0.898456,1.551292,8.298099,3.187391,13.408808,15.264825,14.701515,15.828134,13.918382,13.112162,14.724602,0.706185,0.668944,0.743426,0.588684,0.483296,0.694072,0.033229,0.005617,0.060842,0.001346,-0.000278,0.00297,49.537292,34.546174,64.528409,15.0,15.0,15.0,15.0,15.0,15.0,1.0,1.0,1.0,0.413637,0.354027,0.473246,0.0,0.0,0.0,0.0,0.0,0.0,0.0,0.0,0.0,0.0,0.0,0.0,0.0,0.0,0.0,0.0,0.0,0.0,1.0,1.0,1.0,1.0,1.0,1.0,1.0,1.0,1.0,1.0,1.0,1.0,0.0,0.0,0.0,0.0,0.0,0.0,0.0,0.0,0.0,0.0,0.0,0.0,0.0,0.0,0.0,0.0,0.0,0.0,0.0,0.0,0.0,0.0,0.0,0.0
medium_h1,balanced,mutation,0.3,bottom_up_only,5,none,nan,community_irrigation,,low_actor,limited_overseer,-1,0.0,0.0,0.0,0.0,0.0,0.0,0.0,0.0,0.0,0.0,0.0,0.0,11.934095,11.34723,12.520959,15.689306,15.469911,15.908701,0.0,0.0,0.0,0.038504,0.025512,0.051495,0.075585,0.050566,0.100604,2.247024,2.164478,2.32957,0.0,0.0,0.0,0.0,0.0,0.0,0.0,0.0,0.0,0.0,0.0,0.0,0.0,0.0,0.0,0.0,0.0,0.0,0.0,0.0,0.0,10.145918,9.538169,10.753668,15.934909,15.696148,16.173671,15.689306,15.469911,15.908701,0.385451,0.291975,0.478926,0.008973,-0.00313,0.021076,0.084242,0.010861,0.157624,0.000385,-0.000251,0.001022,64.152708,51.785985,76.519432,15.0,15.0,15.0,15.0,15.0,15.0,1.0,1.0,1.0,0.389564,0.358848,0.42028,0.0,0.0,0.0,0.0,0.0,0.0,0.0,0.0,0.0,0.0,0.0,0.0,0.0,0.0,0.0,0.0,0.0,0.0,1.0,1.0,1.0,1.0,1.0,1.0,1.0,1.0,1.0,1.0,1.0,1.0,0.0,0.0,0.0,0.0,0.0,0.0,0.0,0.0,0.0,0.0,0.0,0.0,0.0,0.0,0.0,0.0,0.0,0.0,0.0,0.0,0.0,0.0,0.0,0.0
medium_h1,balanced,mutation,0.3,none,5,none,nan,community_irrigation,,low_actor,limited_overseer,-1,0.011667,-0.0112,0.034533,0.012292,-0.0118,0.036383,0.0,0.0,0.0,0.0,0.0,0.0,12.026567,11.345063,12.70807,15.761216,15.237077,16.285354,0.0,0.0,0.0,0.053773,0.013965,0.093581,0.106011,0.027664,0.184357,2.25877,2.059204,2.458337,0.0,0.0,0.0,0.0,0.0,0.0,0.0,0.0,0.0,0.0,0.0,0.0,0.0,0.0,0.0,0.0,0.0,0.0,0.0,0.0,0.0,10.394037,7.681956,13.106118,16.119047,15.647907,16.590188,15.761216,15.237077,16.285354,0.413758,0.356056,0.47146,0.006118,0.001524,0.010713,0.126948,0.004593,0.249302,0.000182,-0.000128,0.000493,64.976875,52.223772,77.729978,15.0,15.0,15.0,12.0,6.12,17.88,0.987708,0.963617,1.0118,0.392619,0.364562,0.420676,0.0,0.0,0.0,0.0,0.0,0.0,0.0,0.0,0.0,0.0,0.0,0.0,0.0,0.0,0.0,0.0,0.0,0.0,0.989167,0.967933,1.0104,0.987083,0.961767,1.0124,0.986667,0.960533,1.0128,0.987917,0.964233,1.0116,0.0,0.0,0.0,0.0,0.0,0.0,0.0,0.0,0.0,0.0,0.0,0.0,0.0,0.0,0.0,0.0,0.0,0.0,0.0,0.0,0.0,0.0,0.0,0.0
medium_h1,balanced,mutation,0.3,hybrid,5,none,nan,community_irrigation,,low_actor,strong_overseer,-2,0.0,0.0,0.0,0.0,0.0,0.0,0.0,0.0,0.0,0.0,0.0,0.0,15.099441,15.007168,15.191713,14.440014,14.043268,14.83676,0.0,0.0,0.0,0.26667,0.254359,0.278981,0.299151,0.290452,0.307849,3.054189,2.873534,3.234845,0.662079,0.647465,0.676692,0.666619,0.655135,0.678102,0.0,0.0,0.0,0.666619,0.655135,0.678102,0.0,0.0,0.0,0.0,0.0,0.0,2.34383,1.781725,2.905935,4.713512,2.32838,7.098645,16.841529,16.272453,17.410606,14.440014,14.043268,14.83676,0.660782,0.627189,0.694375,0.515111,0.373824,0.656397,0.0,0.0,0.0,0.0,0.0,0.0,80.0,80.0,80.0,15.0,15.0,15.0,15.0,15.0,15.0,1.0,1.0,1.0,0.411598,0.370114,0.453081,0.0,0.0,0.0,0.0,0.0,0.0,0.0,0.0,0.0,0.0,0.0,0.0,0.0,0.0,0.0,0.0,0.0,0.0,1.0,1.0,1.0,1.0,1.0,1.0,1.0,1.0,1.0,1.0,1.0,1.0,0.0,0.0,0.0,0.0,0.0,0.0,0.0,0.0,0.0,0.0,0.0,0.0,0.0,0.0,0.0,0.0,0.0,0.0,0.0,0.0,0.0,0.0,0.0,0.0
medium_h1,balanced,mutation,0.3,top_down_only,5,none,nan,community_irrigation,,low_actor,strong_overseer,-2,0.0,0.0,0.0,0.0,0.0,0.0,0.0,0.0,0.0,0.0,0.0,0.0,15.044037,14.954882,15.133191,14.268608,13.67286,14.864355,0.0,0.0,0.0,0.261706,0.239525,0.283886,0.296023,0.278413,0.313632,3.072149,2.786663,3.357636,0.685086,0.674334,0.695839,0.687419,0.677397,0.697442,0.0,0.0,0.0,0.687419,0.677397,0.697442,0.0,0.0,0.0,0.0,0.0,0.0,2.739137,2.277729,3.200544,5.931106,2.489194,9.373018,17.08812,16.248655,17.927585,14.268608,13.67286,14.864355,0.650539,0.587395,0.713682,0.52078,0.357438,0.684122,0.0,0.0,0.0,0.0,0.0,0.0,80.0,80.0,80.0,15.0,15.0,15.0,15.0,15.0,15.0,1.0,1.0,1.0,0.401815,0.351863,0.451766,0.0,0.0,0.0,0.0,0.0,0.0,0.0,0.0,0.0,0.0,0.0,0.0,0.0,0.0,0.0,0.0,0.0,0.0,1.0,1.0,1.0,1.0,1.0,1.0,1.0,1.0,1.0,1.0,1.0,1.0,0.0,0.0,0.0,0.0,0.0,0.0,0.0,0.0,0.0,0.0,0.0,0.0,0.0,0.0,0.0,0.0,0.0,0.0,0.0,0.0,0.0,0.0,0.0,0.0
medium_h1,balanced,mutation,0.3,bottom_up_only,5,none,nan,community_irrigation,,low_actor,strong_overseer,-2,0.0,0.0,0.0,0.0,0.0,0.0,0.0,0.0,0.0,0.0,0.0,0.0,11.934095,11.34723,12.520959,15.689306,15.469911,15.908701,0.0,0.0,0.0,0.038504,0.025512,0.051495,0.075585,0.050566,0.100604,2.247024,2.164478,2.32957,0.0,0.0,0.0,0.0,0.0,0.0,0.0,0.0,0.0,0.0,0.0,0.0,0.0,0.0,0.0,0.0,0.0,0.0,0.0,0.0,0.0,10.145918,9.538169,10.753668,15.934909,15.696148,16.173671,15.689306,15.469911,15.908701,0.385451,0.291975,0.478926,0.008973,-0.00313,0.021076,0.084242,0.010861,0.157624,0.000385,-0.000251,0.001022,64.152708,51.785985,76.519432,15.0,15.0,15.0,15.0,15.0,15.0,1.0,1.0,1.0,0.389564,0.358848,0.42028,0.0,0.0,0.0,0.0,0.0,0.0,0.0,0.0,0.0,0.0,0.0,0.0,0.0,0.0,0.0,0.0,0.0,0.0,1.0,1.0,1.0,1.0,1.0,1.0,1.0,1.0,1.0,1.0,1.0,1.0,0.0,0.0,0.0,0.0,0.0,0.0,0.0,0.0,0.0,0.0,0.0,0.0,0.0,0.0,0.0,0.0,0.0,0.0,0.0,0.0,0.0,0.0,0.0,0.0
medium_h1,balanced,mutation,0.3,none,5,none,nan,community_irrigation,,low_actor,strong_overseer,-2,0.011667,-0.0112,0.034533,0.012292,-0.0118,0.036383,0.0,0.0,0.0,0.0,0.0,0.0,12.026567,11.345063,12.70807,15.761216,15.237077,16.285354,0.0,0.0,0.0,0.053773,0.013965,0.093581,0.106011,0.027664,0.184357,2.25877,2.059204,2.458337,0.0,0.0,0.0,0.0,0.0,0.0,0.0,0.0,0.0,0.0,0.0,0.0,0.0,0.0,0.0,0.0,0.0,0.0,0.0,0.0,0.0,10.394037,7.681956,13.106118,16.119047,15.647907,16.590188,15.761216,15.237077,16.285354,0.413758,0.356056,0.47146,0.006118,0.001524,0.010713,0.126948,0.004593,0.249302,0.000182,-0.000128,0.000493,64.976875,52.223772,77.729978,15.0,15.0,15.0,12.0,6.12,17.88,0.987708,0.963617,1.0118,0.392619,0.364562,0.420676,0.0,0.0,0.0,0.0,0.0,0.0,0.0,0.0,0.0,0.0,0.0,0.0,0.0,0.0,0.0,0.0,0.0,0.0,0.989167,0.967933,1.0104,0.987083,0.961767,1.0124,0.986667,0.960533,1.0128,0.987917,0.964233,1.0116,0.0,0.0,0.0,0.0,0.0,0.0,0.0,0.0,0.0,0.0,0.0,0.0,0.0,0.0,0.0,0.0,0.0,0.0,0.0,0.0,0.0,0.0,0.0,0.0
medium_h1,balanced,mutation,0.3,top_down_only,5,none,nan,community_irrigation,,low_actor,weak_overseer,0,0.0,0.0,0.0,0.0,0.0,0.0,0.0,0.0,0.0,0.0,0.0,0.0,14.394941,14.207407,14.582474,12.97069,12.382817,13.558563,0.0,0.0,0.0,0.136042,0.110258,0.161826,0.186166,0.156042,0.216289,1.739274,1.565505,1.913043,0.123248,0.119988,0.126508,0.751941,0.732209,0.771674,0.628606,0.612164,0.645047,0.751941,0.732209,0.771674,61.769479,60.105662,63.433297,2.368046,2.304826,2.431266,0.543214,0.472661,0.613767,15.070389,11.381619,18.759158,13.863245,13.381177,14.345312,13.000291,12.412837,13.587745,0.768251,0.74507,0.791432,0.748949,0.730301,0.767597,0.059957,0.038719,0.081195,0.015844,0.006035,0.025653,27.714271,19.359971,36.068571,15.0,15.0,15.0,15.0,15.0,15.0,1.0,1.0,1.0,0.393045,0.353847,0.432243,0.0,0.0,0.0,0.0,0.0,0.0,0.0,0.0,0.0,0.0,0.0,0.0,0.0,0.0,0.0,0.0,0.0,0.0,1.0,1.0,1.0,1.0,1.0,1.0,1.0,1.0,1.0,1.0,1.0,1.0,0.0,0.0,0.0,0.0,0.0,0.0,0.0,0.0,0.0,0.0,0.0,0.0,0.0,0.0,0.0,0.0,0.0,0.0,0.0,0.0,0.0,0.0,0.0,0.0
medium_h1,balanced,mutation,0.3,hybrid,5,none,nan,community_irrigation,,low_actor,weak_overseer,0,0.0,0.0,0.0,0.0,0.0,0.0,0.0,0.0,0.0,0.0,0.0,0.0,14.37254,14.145374,14.599706,13.370853,12.997002,13.744704,0.0,0.0,0.0,0.151617,0.111777,0.191456,0.224458,0.185124,0.263793,1.952045,1.73894,2.165149,0.123486,0.119773,0.127199,0.710443,0.699263,0.721624,0.626513,0.609136,0.643891,0.710443,0.699263,0.721624,62.728229,60.581969,64.874489,2.376396,2.306235,2.446557,0.515534,0.375987,0.655082,13.450748,10.23422,16.667276,14.189669,13.89115,14.488189,13.400558,13.027372,13.773744,0.732465,0.719892,0.745039,0.589969,0.530013,0.649925,0.046163,0.016901,0.075424,0.01072,0.002156,0.019284,33.006667,19.525588,46.487746,15.0,15.0,15.0,15.0,15.0,15.0,1.0,1.0,1.0,0.39745,0.352249,0.44265,0.0,0.0,0.0,0.0,0.0,0.0,0.0,0.0,0.0,0.0,0.0,0.0,0.0,0.0,0.0,0.0,0.0,0.0,1.0,1.0,1.0,1.0,1.0,1.0,1.0,1.0,1.0,1.0,1.0,1.0,0.0,0.0,0.0,0.0,0.0,0.0,0.0,0.0,0.0,0.0,0.0,0.0,0.0,0.0,0.0,0.0,0.0,0.0,0.0,0.0,0.0,0.0,0.0,0.0
medium_h1,balanced,mutation,0.3,bottom_up_only,5,none,nan,community_irrigation,,low_actor,weak_overseer,0,0.0,0.0,0.0,0.0,0.0,0.0,0.0,0.0,0.0,0.0,0.0,0.0,11.934095,11.34723,12.520959,15.689306,15.469911,15.908701,0.0,0.0,0.0,0.038504,0.025512,0.051495,0.075585,0.050566,0.100604,2.247024,2.164478,2.32957,0.0,0.0,0.0,0.0,0.0,0.0,0.0,0.0,0.0,0.0,0.0,0.0,0.0,0.0,0.0,0.0,0.0,0.0,0.0,0.0,0.0,10.145918,9.538169,10.753668,15.934909,15.696148,16.173671,15.689306,15.469911,15.908701,0.385451,0.291975,0.478926,0.008973,-0.00313,0.021076,0.084242,0.010861,0.157624,0.000385,-0.000251,0.001022,64.152708,51.785985,76.519432,15.0,15.0,15.0,15.0,15.0,15.0,1.0,1.0,1.0,0.389564,0.358848,0.42028,0.0,0.0,0.0,0.0,0.0,0.0,0.0,0.0,0.0,0.0,0.0,0.0,0.0,0.0,0.0,0.0,0.0,0.0,1.0,1.0,1.0,1.0,1.0,1.0,1.0,1.0,1.0,1.0,1.0,1.0,0.0,0.0,0.0,0.0,0.0,0.0,0.0,0.0,0.0,0.0,0.0,0.0,0.0,0.0,0.0,0.0,0.0,0.0,0.0,0.0,0.0,0.0,0.0,0.0
medium_h1,balanced,mutation,0.3,none,5,none,nan,community_irrigation,,low_actor,weak_overseer,0,0.011667,-0.0112,0.034533,0.012292,-0.0118,0.036383,0.0,0.0,0.0,0.0,0.0,0.0,12.026567,11.345063,12.70807,15.761216,15.237077,16.285354,0.0,0.0,0.0,0.053773,0.013965,0.093581,0.106011,0.027664,0.184357,2.25877,2.059204,2.458337,0.0,0.0,0.0,0.0,0.0,0.0,0.0,0.0,0.0,0.0,0.0,0.0,0.0,0.0,0.0,0.0,0.0,0.0,0.0,0.0,0.0,10.394037,7.681956,13.106118,16.119047,15.647907,16.590188,15.761216,15.237077,16.285354,0.413758,0.356056,0.47146,0.006118,0.001524,0.010713,0.126948,0.004593,0.249302,0.000182,-0.000128,0.000493,64.976875,52.223772,77.729978,15.0,15.0,15.0,12.0,6.12,17.88,0.987708,0.963617,1.0118,0.392619,0.364562,0.420676,0.0,0.0,0.0,0.0,0.0,0.0,0.0,0.0,0.0,0.0,0.0,0.0,0.0,0.0,0.0,0.0,0.0,0.0,0.989167,0.967933,1.0104,0.987083,0.961767,1.0124,0.986667,0.960533,1.0128,0.987917,0.964233,1.0116,0.0,0.0,0.0,0.0,0.0,0.0,0.0,0.0,0.0,0.0,0.0,0.0,0.0,0.0,0.0,0.0,0.0,0.0,0.0,0.0,0.0,0.0,0.0,0.0
medium_h1,balanced,search_mutation,0.3,hybrid,5,none,nan,community_irrigation,,medium_actor,limited_overseer,0,0.0,0.0,0.0,0.0,0.0,0.0,0.0,0.0,0.0,0.0,0.0,0.0,14.385243,14.239354,14.531132,13.944933,13.662652,14.227213,0.0,0.0,0.0,0.211774,0.200696,0.222851,0.245148,0.236478,0.253817,2.53841,2.436306,2.640514,0.349927,0.344815,0.355039,0.712405,0.699913,0.724896,0.367071,0.360639,0.373504,0.712405,0.699913,0.724896,59.001458,58.221426,59.78149,3.367175,3.31796,3.41639,1.331334,1.1236,1.539068,7.975838,6.358341,9.593335,15.427106,15.027289,15.826922,13.987022,13.705036,14.269009,0.697248,0.639956,0.75454,0.585708,0.436151,0.735266,0.060533,0.043156,0.07791,0.003094,0.001551,0.004637,32.894583,24.867764,40.921402,15.0,15.0,15.0,15.0,15.0,15.0,1.0,1.0,1.0,0.360301,0.336634,0.383968,0.0,0.0,0.0,0.0,0.0,0.0,0.0,0.0,0.0,0.0,0.0,0.0,0.0,0.0,0.0,0.0,0.0,0.0,1.0,1.0,1.0,1.0,1.0,1.0,1.0,1.0,1.0,1.0,1.0,1.0,0.0,0.0,0.0,0.0,0.0,0.0,0.0,0.0,0.0,0.0,0.0,0.0,0.0,0.0,0.0,0.0,0.0,0.0,0.0,0.0,0.0,0.0,0.0,0.0
medium_h1,balanced,search_mutation,0.3,top_down_only,5,none,nan,community_irrigation,,medium_actor,limited_overseer,0,0.0,0.0,0.0,0.0,0.0,0.0,0.0,0.0,0.0,0.0,0.0,0.0,14.275095,14.172027,14.378162,13.296288,12.69951,13.893065,0.0,0.0,0.0,0.196132,0.178952,0.213312,0.224746,0.20476,0.244732,2.326822,2.107087,2.546557,0.367613,0.357579,0.377648,0.757919,0.735711,0.780128,0.389416,0.377828,0.401004,0.757919,0.735711,0.780128,61.423333,59.588095,63.258572,3.537631,3.435668,3.639595,1.322503,1.076245,1.568761,11.909614,7.932537,15.88669,14.876049,14.399611,15.352488,13.340508,12.7449,13.936116,0.756108,0.73506,0.777157,0.700307,0.621454,0.77916,0.079848,0.071146,0.088549,0.008392,0.007128,0.009656,25.637083,21.932066,29.342101,15.0,15.0,15.0,15.0,15.0,15.0,1.0,1.0,1.0,0.382473,0.317737,0.447209,0.0,0.0,0.0,0.0,0.0,0.0,0.0,0.0,0.0,0.0,0.0,0.0,0.0,0.0,0.0,0.0,0.0,0.0,1.0,1.0,1.0,1.0,1.0,1.0,1.0,1.0,1.0,1.0,1.0,1.0,0.0,0.0,0.0,0.0,0.0,0.0,0.0,0.0,0.0,0.0,0.0,0.0,0.0,0.0,0.0,0.0,0.0,0.0,0.0,0.0,0.0,0.0,0.0,0.0
medium_h1,balanced,search_mutation,0.3,bottom_up_only,5,none,nan,community_irrigation,,medium_actor,limited_overseer,0,0.0,0.0,0.0,0.000104,-0.0001,0.000308,0.0,0.0,0.0,0.0,0.0,0.0,12.184349,11.801467,12.567232,16.009157,15.70878,16.309533,0.0,0.0,0.0,0.07148,0.026358,0.116602,0.133069,0.05116,0.214977,2.451806,2.239567,2.664046,0.0,0.0,0.0,0.0,0.0,0.0,0.0,0.0,0.0,0.0,0.0,0.0,0.0,0.0,0.0,0.0,0.0,0.0,0.0,0.0,0.0,8.349165,6.450474,10.247857,16.328775,16.114634,16.542916,16.009157,15.70878,16.309533,0.401239,0.294823,0.507655,0.011645,0.004173,0.019116,0.050316,0.021919,0.078714,0.002018,-0.001409,0.005446,71.38125,66.442468,76.320032,15.0,15.0,15.0,15.0,15.0,15.0,0.999896,0.999692,1.0001,0.366335,0.322804,0.409867,0.0,0.0,0.0,0.0,0.0,0.0,0.0,0.0,0.0,0.0,0.0,0.0,0.0,0.0,0.0,0.0,0.0,0.0,1.0,1.0,1.0,1.0,1.0,1.0,0.999583,0.998767,1.0004,1.0,1.0,1.0,0.0,0.0,0.0,0.0,0.0,0.0,0.0,0.0,0.0,0.0,0.0,0.0,0.0,0.0,0.0,0.0,0.0,0.0,0.0,0.0,0.0,0.0,0.0,0.0
medium_h1,balanced,search_mutation,0.3,none,5,none,nan,community_irrigation,,medium_actor,limited_overseer,0,0.011667,-0.0112,0.034533,0.012292,-0.0118,0.036383,0.0,0.0,0.0,0.0,0.0,0.0,12.163132,11.734349,12.591915,16.243286,16.105601,16.380972,0.0,0.0,0.0,0.070693,0.013494,0.127893,0.13449,0.027448,0.241532,2.387402,2.222461,2.552343,0.0,0.0,0.0,0.0,0.0,0.0,0.0,0.0,0.0,0.0,0.0,0.0,0.0,0.0,0.0,0.0,0.0,0.0,0.0,0.0,0.0,7.502007,6.711697,8.292317,16.527169,16.373601,16.680736,16.243286,16.105601,16.380972,0.377959,0.29606,0.459857,0.001996,0.0001,0.003892,0.064066,0.056502,0.07163,0.000138,-0.000102,0.000378,71.366042,69.404711,73.327372,15.0,15.0,15.0,12.0,6.12,17.88,0.987708,0.963617,1.0118,0.355117,0.328032,0.382203,0.0,0.0,0.0,0.0,0.0,0.0,0.0,0.0,0.0,0.0,0.0,0.0,0.0,0.0,0.0,0.0,0.0,0.0,0.989167,0.967933,1.0104,0.987083,0.961767,1.0124,0.986667,0.960533,1.0128,0.987917,0.964233,1.0116,0.0,0.0,0.0,0.0,0.0,0.0,0.0,0.0,0.0,0.0,0.0,0.0,0.0,0.0,0.0,0.0,0.0,0.0,0.0,0.0,0.0,0.0,0.0,0.0
medium_h1,balanced,search_mutation,0.3,hybrid,5,none,nan,community_irrigation,,medium_actor,strong_overseer,-1,0.0,0.0,0.0,0.0,0.0,0.0,0.0,0.0,0.0,0.0,0.0,0.0,14.988137,14.945603,15.030672,14.562227,14.301217,14.823237,0.0,0.0,0.0,0.264367,0.25304,0.275694,0.291307,0.282365,0.300249,3.244741,3.042638,3.446844,0.661556,0.636391,0.686722,0.67464,0.665067,0.684214,0.0,0.0,0.0,0.67464,0.665067,0.684214,0.0,0.0,0.0,0.0,0.0,0.0,2.671648,1.690357,3.65294,4.217469,2.666204,5.768734,17.277966,16.284963,18.270969,14.562227,14.301217,14.823237,0.610141,0.507329,0.712954,0.47776,0.251523,0.703998,0.0,0.0,0.0,0.0,0.0,0.0,80.0,80.0,80.0,15.0,15.0,15.0,15.0,15.0,15.0,1.0,1.0,1.0,0.416587,0.355529,0.477645,0.0,0.0,0.0,0.0,0.0,0.0,0.0,0.0,0.0,0.0,0.0,0.0,0.0,0.0,0.0,0.0,0.0,0.0,1.0,1.0,1.0,1.0,1.0,1.0,1.0,1.0,1.0,1.0,1.0,1.0,0.0,0.0,0.0,0.0,0.0,0.0,0.0,0.0,0.0,0.0,0.0,0.0,0.0,0.0,0.0,0.0,0.0,0.0,0.0,0.0,0.0,0.0,0.0,0.0
medium_h1,balanced,search_mutation,0.3,top_down_only,5,none,nan,community_irrigation,,medium_actor,strong_overseer,-1,0.0,0.0,0.0,0.0,0.0,0.0,0.0,0.0,0.0,0.0,0.0,0.0,14.96749,14.891589,15.043392,14.478926,14.07198,14.885873,0.0,0.0,0.0,0.265493,0.247191,0.283796,0.295408,0.285125,0.30569,3.227489,3.095905,3.359072,0.688031,0.681337,0.694725,0.689525,0.681723,0.697326,0.0,0.0,0.0,0.689525,0.681723,0.697326,0.0,0.0,0.0,0.0,0.0,0.0,2.945826,2.294384,3.597268,4.801013,2.504713,7.097314,17.480101,16.767575,18.192627,14.478926,14.07198,14.885873,0.621553,0.523192,0.719914,0.504186,0.296247,0.712125,0.0,0.0,0.0,0.0,0.0,0.0,80.0,80.0,80.0,15.0,15.0,15.0,15.0,15.0,15.0,1.0,1.0,1.0,0.367175,0.303842,0.430509,0.0,0.0,0.0,0.0,0.0,0.0,0.0,0.0,0.0,0.0,0.0,0.0,0.0,0.0,0.0,0.0,0.0,0.0,1.0,1.0,1.0,1.0,1.0,1.0,1.0,1.0,1.0,1.0,1.0,1.0,0.0,0.0,0.0,0.0,0.0,0.0,0.0,0.0,0.0,0.0,0.0,0.0,0.0,0.0,0.0,0.0,0.0,0.0,0.0,0.0,0.0,0.0,0.0,0.0
medium_h1,balanced,search_mutation,0.3,bottom_up_only,5,none,nan,community_irrigation,,medium_actor,strong_overseer,-1,0.0,0.0,0.0,0.000104,-0.0001,0.000308,0.0,0.0,0.0,0.0,0.0,0.0,12.184349,11.801467,12.567232,16.009157,15.70878,16.309533,0.0,0.0,0.0,0.07148,0.026358,0.116602,0.133069,0.05116,0.214977,2.451806,2.239567,2.664046,0.0,0.0,0.0,0.0,0.0,0.0,0.0,0.0,0.0,0.0,0.0,0.0,0.0,0.0,0.0,0.0,0.0,0.0,0.0,0.0,0.0,8.349165,6.450474,10.247857,16.328775,16.114634,16.542916,16.009157,15.70878,16.309533,0.401239,0.294823,0.507655,0.011645,0.004173,0.019116,0.050316,0.021919,0.078714,0.002018,-0.001409,0.005446,71.38125,66.442468,76.320032,15.0,15.0,15.0,15.0,15.0,15.0,0.999896,0.999692,1.0001,0.366335,0.322804,0.409867,0.0,0.0,0.0,0.0,0.0,0.0,0.0,0.0,0.0,0.0,0.0,0.0,0.0,0.0,0.0,0.0,0.0,0.0,1.0,1.0,1.0,1.0,1.0,1.0,0.999583,0.998767,1.0004,1.0,1.0,1.0,0.0,0.0,0.0,0.0,0.0,0.0,0.0,0.0,0.0,0.0,0.0,0.0,0.0,0.0,0.0,0.0,0.0,0.0,0.0,0.0,0.0,0.0,0.0,0.0
medium_h1,balanced,search_mutation,0.3,none,5,none,nan,community_irrigation,,medium_actor,strong_overseer,-1,0.011667,-0.0112,0.034533,0.012292,-0.0118,0.036383,0.0,0.0,0.0,0.0,0.0,0.0,12.163132,11.734349,12.591915,16.243286,16.105601,16.380972,0.0,0.0,0.0,0.070693,0.013494,0.127893,0.13449,0.027448,0.241532,2.387402,2.222461,2.552343,0.0,0.0,0.0,0.0,0.0,0.0,0.0,0.0,0.0,0.0,0.0,0.0,0.0,0.0,0.0,0.0,0.0,0.0,0.0,0.0,0.0,7.502007,6.711697,8.292317,16.527169,16.373601,16.680736,16.243286,16.105601,16.380972,0.377959,0.29606,0.459857,0.001996,0.0001,0.003892,0.064066,0.056502,0.07163,0.000138,-0.000102,0.000378,71.366042,69.404711,73.327372,15.0,15.0,15.0,12.0,6.12,17.88,0.987708,0.963617,1.0118,0.355117,0.328032,0.382203,0.0,0.0,0.0,0.0,0.0,0.0,0.0,0.0,0.0,0.0,0.0,0.0,0.0,0.0,0.0,0.0,0.0,0.0,0.989167,0.967933,1.0104,0.987083,0.961767,1.0124,0.986667,0.960533,1.0128,0.987917,0.964233,1.0116,0.0,0.0,0.0,0.0,0.0,0.0,0.0,0.0,0.0,0.0,0.0,0.0,0.0,0.0,0.0,0.0,0.0,0.0,0.0,0.0,0.0,0.0,0.0,0.0
medium_h1,balanced,search_mutation,0.3,bottom_up_only,5,none,nan,community_irrigation,,medium_actor,weak_overseer,1,0.0,0.0,0.0,0.000104,-0.0001,0.000308,0.0,0.0,0.0,0.0,0.0,0.0,12.184349,11.801467,12.567232,16.009157,15.70878,16.309533,0.0,0.0,0.0,0.07148,0.026358,0.116602,0.133069,0.05116,0.214977,2.451806,2.239567,2.664046,0.0,0.0,0.0,0.0,0.0,0.0,0.0,0.0,0.0,0.0,0.0,0.0,0.0,0.0,0.0,0.0,0.0,0.0,0.0,0.0,0.0,8.349165,6.450474,10.247857,16.328775,16.114634,16.542916,16.009157,15.70878,16.309533,0.401239,0.294823,0.507655,0.011645,0.004173,0.019116,0.050316,0.021919,0.078714,0.002018,-0.001409,0.005446,71.38125,66.442468,76.320032,15.0,15.0,15.0,15.0,15.0,15.0,0.999896,0.999692,1.0001,0.366335,0.322804,0.409867,0.0,0.0,0.0,0.0,0.0,0.0,0.0,0.0,0.0,0.0,0.0,0.0,0.0,0.0,0.0,0.0,0.0,0.0,1.0,1.0,1.0,1.0,1.0,1.0,0.999583,0.998767,1.0004,1.0,1.0,1.0,0.0,0.0,0.0,0.0,0.0,0.0,0.0,0.0,0.0,0.0,0.0,0.0,0.0,0.0,0.0,0.0,0.0,0.0,0.0,0.0,0.0,0.0,0.0,0.0
medium_h1,balanced,search_mutation,0.3,top_down_only,5,none,nan,community_irrigation,,medium_actor,weak_overseer,1,0.0,0.0,0.0,0.000521,0.000198,0.000844,0.0,0.0,0.0,0.0,0.0,0.0,14.172863,14.080535,14.265191,12.108804,11.383505,12.834104,0.0,0.0,0.0,0.136039,0.108298,0.16378,0.163782,0.135389,0.192175,1.496588,1.269673,1.723504,0.132296,0.127868,0.136723,0.806775,0.779421,0.834129,0.674432,0.651534,0.69733,0.806775,0.779421,0.834129,66.273958,64.046778,68.501139,2.540004,2.4549,2.625109,0.547369,0.47155,0.623188,20.780735,16.164128,25.397342,13.223259,12.575826,13.870692,12.140567,11.416214,12.864919,0.816225,0.784795,0.847656,0.792594,0.751372,0.833816,0.091366,0.071373,0.111358,0.043262,0.02708,0.059444,16.996042,13.355675,20.636409,15.0,15.0,15.0,15.0,15.0,15.0,0.999479,0.999156,0.999802,0.387459,0.355805,0.419113,0.0,0.0,0.0,0.0,0.0,0.0,0.0,0.0,0.0,0.0,0.0,0.0,0.0,0.0,0.0,0.0,0.0,0.0,0.999167,0.998166,1.000167,1.0,1.0,1.0,0.99875,0.99775,0.99975,1.0,1.0,1.0,0.0,0.0,0.0,0.0,0.0,0.0,0.0,0.0,0.0,0.0,0.0,0.0,0.0,0.0,0.0,0.0,0.0,0.0,0.0,0.0,0.0,0.0,0.0,0.0
medium_h1,balanced,search_mutation,0.3,hybrid,5,none,nan,community_irrigation,,medium_actor,weak_overseer,1,0.0,0.0,0.0,0.001563,-0.0015,0.004625,0.0,0.0,0.0,0.0,0.0,0.0,14.203611,14.048073,14.359148,13.209604,12.294074,14.125135,0.0,0.0,0.0,0.15229,0.122877,0.181704,0.214651,0.168462,0.260841,1.885468,1.514439,2.256497,0.126079,0.119167,0.132991,0.731287,0.674173,0.788401,0.640609,0.604314,0.676904,0.731287,0.674173,0.788401,63.926146,60.889541,66.962751,2.424604,2.299851,2.549357,0.506339,0.391788,0.620891,14.611806,7.914617,21.308996,14.062748,13.400606,14.724889,13.239954,12.326014,14.153894,0.749632,0.694876,0.804388,0.61623,0.491741,0.740718,0.06558,0.042696,0.088465,0.018919,0.004485,0.033353,23.389375,13.272571,33.506179,15.0,15.0,15.0,15.0,15.0,15.0,0.998437,0.995375,1.0015,0.391998,0.319041,0.464954,0.0,0.0,0.0,0.0,0.0,0.0,0.0,0.0,0.0,0.0,0.0,0.0,0.0,0.0,0.0,0.0,0.0,0.0,0.994167,0.982733,1.0056,1.0,1.0,1.0,0.999583,0.998767,1.0004,1.0,1.0,1.0,0.0,0.0,0.0,0.0,0.0,0.0,0.0,0.0,0.0,0.0,0.0,0.0,0.0,0.0,0.0,0.0,0.0,0.0,0.0,0.0,0.0,0.0,0.0,0.0
medium_h1,balanced,search_mutation,0.3,none,5,none,nan,community_irrigation,,medium_actor,weak_overseer,1,0.011667,-0.0112,0.034533,0.012292,-0.0118,0.036383,0.0,0.0,0.0,0.0,0.0,0.0,12.163132,11.734349,12.591915,16.243286,16.105601,16.380972,0.0,0.0,0.0,0.070693,0.013494,0.127893,0.13449,0.027448,0.241532,2.387402,2.222461,2.552343,0.0,0.0,0.0,0.0,0.0,0.0,0.0,0.0,0.0,0.0,0.0,0.0,0.0,0.0,0.0,0.0,0.0,0.0,0.0,0.0,0.0,7.502007,6.711697,8.292317,16.527169,16.373601,16.680736,16.243286,16.105601,16.380972,0.377959,0.29606,0.459857,0.001996,0.0001,0.003892,0.064066,0.056502,0.07163,0.000138,-0.000102,0.000378,71.366042,69.404711,73.327372,15.0,15.0,15.0,12.0,6.12,17.88,0.987708,0.963617,1.0118,0.355117,0.328032,0.382203,0.0,0.0,0.0,0.0,0.0,0.0,0.0,0.0,0.0,0.0,0.0,0.0,0.0,0.0,0.0,0.0,0.0,0.0,0.989167,0.967933,1.0104,0.987083,0.961767,1.0124,0.986667,0.960533,1.0128,0.987917,0.964233,1.0116,0.0,0.0,0.0,0.0,0.0,0.0,0.0,0.0,0.0,0.0,0.0,0.0,0.0,0.0,0.0,0.0,0.0,0.0,0.0,0.0,0.0,0.0,0.0,0.0
hard_h1,adversarial_heavy,search_mutation,0.3,hybrid,5,none,nan,forest_co_management,,high_actor,limited_overseer,1,0.0,0.0,0.0,0.000208,-0.0002,0.000617,0.0,0.0,0.0,0.001563,-0.0015,0.004625,14.042051,13.66767,14.416432,10.666563,9.988247,11.344878,0.16733,-0.007597,0.342257,0.108174,0.088245,0.128103,0.138091,0.113562,0.16262,1.291354,1.065568,1.51714,0.39705,0.370369,0.42373,0.817713,0.761867,0.873558,0.421415,0.393867,0.448963,0.817713,0.761867,0.873558,67.631875,64.218116,71.045634,3.858858,3.633159,4.084558,1.415533,1.043405,1.787662,16.685495,10.744661,22.626329,12.446987,12.051139,12.842835,10.714804,10.03915,11.390459,0.826512,0.782577,0.870448,0.764418,0.692681,0.836155,0.076671,0.032039,0.121303,0.032404,0.00169,0.063117,16.993854,3.298307,30.689401,15.0,15.0,15.0,15.0,15.0,15.0,0.999792,0.999383,1.0002,0.403879,0.371883,0.435874,0.0,0.0,0.0,0.0,0.0,0.0,0.0,0.0,0.0,0.0,0.0,0.0,0.0,0.0,0.0,0.0,0.0,0.0,1.0,1.0,1.0,1.0,1.0,1.0,0.999167,0.997533,1.0008,1.0,1.0,1.0,0.0,0.0,0.0,0.0,0.0,0.0,0.0,0.0,0.0,0.0,0.0,0.0,0.0,0.0,0.0,0.0,0.0,0.0,0.0,0.0,0.0,0.0,0.0,0.0
hard_h1,adversarial_heavy,search_mutation,0.3,top_down_only,5,none,nan,forest_co_management,,high_actor,limited_overseer,1,0.0,0.0,0.0,0.000208,-0.0002,0.000617,0.0,0.0,0.0,0.0,0.0,0.0,13.664519,13.450699,13.878339,10.734003,10.541382,10.926623,0.0,0.0,0.0,0.117708,0.10456,0.130856,0.141271,0.127607,0.154935,1.355,1.209627,1.500373,0.412185,0.403045,0.421326,0.850197,0.835705,0.864688,0.436812,0.429264,0.444361,0.850197,0.835705,0.864688,68.925729,67.760634,70.090825,3.967987,3.901886,4.034089,1.481461,1.005626,1.957295,16.450896,13.783725,19.118067,12.596414,12.1918,13.001028,10.783609,10.59174,10.975478,0.836221,0.808017,0.864426,0.757332,0.583085,0.931579,0.11811,0.086698,0.149523,0.050971,0.021584,0.080359,6.711875,2.447829,10.975921,15.0,15.0,15.0,15.0,15.0,15.0,0.999792,0.999383,1.0002,0.367003,0.32215,0.411855,0.0,0.0,0.0,0.0,0.0,0.0,0.0,0.0,0.0,0.0,0.0,0.0,0.0,0.0,0.0,0.0,0.0,0.0,1.0,1.0,1.0,1.0,1.0,1.0,0.999167,0.997533,1.0008,1.0,1.0,1.0,0.0,0.0,0.0,0.0,0.0,0.0,0.0,0.0,0.0,0.0,0.0,0.0,0.0,0.0,0.0,0.0,0.0,0.0,0.0,0.0,0.0,0.0,0.0,0.0
hard_h1,adversarial_heavy,search_mutation,0.3,bottom_up_only,5,none,nan,forest_co_management,,high_actor,limited_overseer,1,0.09375,0.060401,0.127099,0.097917,0.059911,0.135923,0.0,0.0,0.0,0.0,0.0,0.0,11.240063,10.765396,11.714729,13.537552,13.298032,13.777072,0.220499,0.089936,0.351061,0.040773,0.00969,0.071856,0.077122,0.020129,0.134116,1.686923,1.587661,1.786185,0.0,0.0,0.0,0.0,0.0,0.0,0.0,0.0,0.0,0.0,0.0,0.0,0.0,0.0,0.0,0.0,0.0,0.0,0.0,0.0,0.0,8.536466,7.685071,9.387861,14.005563,13.639844,14.371282,13.537552,13.298032,13.777072,0.59546,0.455187,0.735734,0.113754,0.020879,0.206629,0.201287,0.129694,0.272881,0.024967,0.004899,0.045034,58.67125,50.932397,66.410103,0.0,0.0,0.0,0.0,0.0,0.0,0.902083,0.864077,0.940089,0.362659,0.335269,0.390049,0.0,0.0,0.0,0.0,0.0,0.0,0.0,0.0,0.0,0.0,0.0,0.0,0.0,0.0,0.0,0.0,0.0,0.0,0.905,0.870895,0.939105,0.90375,0.868237,0.939263,0.893333,0.841067,0.9456,0.90625,0.873737,0.938763,0.0,0.0,0.0,0.0,0.0,0.0,0.0,0.0,0.0,0.0,0.0,0.0,0.0,0.0,0.0,0.0,0.0,0.0,0.0,0.0,0.0,0.0,0.0,0.0
hard_h1,adversarial_heavy,search_mutation,0.3,none,5,none,nan,forest_co_management,,high_actor,limited_overseer,1,0.105,0.055566,0.154434,0.114792,0.070766,0.158817,0.0,0.0,0.0,0.001563,-0.0015,0.004625,11.053014,10.641354,11.464675,13.465986,13.22261,13.709362,0.0,0.0,0.0,0.069266,0.022494,0.116039,0.128388,0.041805,0.214971,1.791897,1.605379,1.978415,0.0,0.0,0.0,0.0,0.0,0.0,0.0,0.0,0.0,0.0,0.0,0.0,0.0,0.0,0.0,0.0,0.0,0.0,0.0,0.0,0.0,8.447809,7.100063,9.795555,14.011161,13.623528,14.398794,13.465986,13.22261,13.709362,0.654017,0.603747,0.704287,0.125782,0.082398,0.169166,0.244175,0.178344,0.310007,0.032233,0.003143,0.061323,55.675312,50.077168,61.273457,0.0,0.0,0.0,0.0,0.0,0.0,0.885208,0.841183,0.929234,0.357463,0.327216,0.387711,0.0,0.0,0.0,0.0,0.0,0.0,0.0,0.0,0.0,0.0,0.0,0.0,0.0,0.0,0.0,0.0,0.0,0.0,0.894583,0.846466,0.942701,0.88875,0.842523,0.934977,0.8625,0.828239,0.896761,0.895,0.846572,0.943428,0.0,0.0,0.0,0.0,0.0,0.0,0.0,0.0,0.0,0.0,0.0,0.0,0.0,0.0,0.0,0.0,0.0,0.0,0.0,0.0,0.0,0.0,0.0,0.0
hard_h1,adversarial_heavy,search_mutation,0.3,hybrid,5,none,nan,forest_co_management,,high_actor,strong_overseer,0,0.0,0.0,0.0,0.0,0.0,0.0,0.0,0.0,0.0,0.0,0.0,0.0,14.336444,14.323062,14.349827,12.073267,11.928364,12.218171,0.042286,0.008847,0.075725,0.1909,0.183307,0.198493,0.201006,0.194945,0.207067,2.362052,2.18084,2.543265,0.788115,0.783786,0.792445,0.79278,0.786165,0.799394,0.0,0.0,0.0,0.79278,0.786165,0.799394,0.0,0.0,0.0,0.0,0.0,0.0,3.516142,2.533974,4.49831,4.587964,3.450064,5.725864,15.633801,14.701642,16.56596,12.073267,11.928364,12.218171,0.710737,0.59163,0.829845,0.53024,0.264487,0.795992,1e-06,-1e-06,4e-06,0.0,0.0,0.0,79.995833,79.987667,80.004,15.0,15.0,15.0,15.0,15.0,15.0,1.0,1.0,1.0,0.362687,0.306415,0.418958,0.0,0.0,0.0,0.0,0.0,0.0,0.0,0.0,0.0,0.0,0.0,0.0,0.0,0.0,0.0,0.0,0.0,0.0,1.0,1.0,1.0,1.0,1.0,1.0,1.0,1.0,1.0,1.0,1.0,1.0,0.0,0.0,0.0,0.0,0.0,0.0,0.0,0.0,0.0,0.0,0.0,0.0,0.0,0.0,0.0,0.0,0.0,0.0,0.0,0.0,0.0,0.0,0.0,0.0
hard_h1,adversarial_heavy,search_mutation,0.3,top_down_only,5,none,nan,forest_co_management,,high_actor,strong_overseer,0,0.0,0.0,0.0,0.0,0.0,0.0,0.0,0.0,0.0,0.0,0.0,0.0,14.325223,14.305932,14.344515,12.132826,12.068186,12.197466,0.0,0.0,0.0,0.194551,0.189543,0.19956,0.203076,0.19875,0.207402,2.37629,2.198553,2.554028,0.773418,0.739042,0.807793,0.793152,0.788903,0.797402,0.0,0.0,0.0,0.793152,0.788903,0.797402,0.0,0.0,0.0,0.0,0.0,0.0,3.225763,1.978428,4.473099,4.233905,3.723276,4.744535,15.403569,14.134557,16.672581,12.132826,12.068186,12.197466,0.704549,0.585735,0.823363,0.570617,0.345959,0.795276,1e-06,-1e-06,4e-06,0.0,0.0,0.0,79.995833,79.987667,80.004,15.0,15.0,15.0,15.0,15.0,15.0,1.0,1.0,1.0,0.338745,0.295049,0.38244,0.0,0.0,0.0,0.0,0.0,0.0,0.0,0.0,0.0,0.0,0.0,0.0,0.0,0.0,0.0,0.0,0.0,0.0,1.0,1.0,1.0,1.0,1.0,1.0,1.0,1.0,1.0,1.0,1.0,1.0,0.0,0.0,0.0,0.0,0.0,0.0,0.0,0.0,0.0,0.0,0.0,0.0,0.0,0.0,0.0,0.0,0.0,0.0,0.0,0.0,0.0,0.0,0.0,0.0
hard_h1,adversarial_heavy,search_mutation,0.3,bottom_up_only,5,none,nan,forest_co_management,,high_actor,strong_overseer,0,0.09375,0.060401,0.127099,0.097917,0.059911,0.135923,0.0,0.0,0.0,0.0,0.0,0.0,11.240063,10.765396,11.714729,13.537552,13.298032,13.777072,0.220499,0.089936,0.351061,0.040773,0.00969,0.071856,0.077122,0.020129,0.134116,1.686923,1.587661,1.786185,0.0,0.0,0.0,0.0,0.0,0.0,0.0,0.0,0.0,0.0,0.0,0.0,0.0,0.0,0.0,0.0,0.0,0.0,0.0,0.0,0.0,8.536466,7.685071,9.387861,14.005563,13.639844,14.371282,13.537552,13.298032,13.777072,0.59546,0.455187,0.735734,0.113754,0.020879,0.206629,0.201287,0.129694,0.272881,0.024967,0.004899,0.045034,58.67125,50.932397,66.410103,0.0,0.0,0.0,0.0,0.0,0.0,0.902083,0.864077,0.940089,0.362659,0.335269,0.390049,0.0,0.0,0.0,0.0,0.0,0.0,0.0,0.0,0.0,0.0,0.0,0.0,0.0,0.0,0.0,0.0,0.0,0.0,0.905,0.870895,0.939105,0.90375,0.868237,0.939263,0.893333,0.841067,0.9456,0.90625,0.873737,0.938763,0.0,0.0,0.0,0.0,0.0,0.0,0.0,0.0,0.0,0.0,0.0,0.0,0.0,0.0,0.0,0.0,0.0,0.0,0.0,0.0,0.0,0.0,0.0,0.0
hard_h1,adversarial_heavy,search_mutation,0.3,none,5,none,nan,forest_co_management,,high_actor,strong_overseer,0,0.105,0.055566,0.154434,0.114792,0.070766,0.158817,0.0,0.0,0.0,0.001563,-0.0015,0.004625,11.053014,10.641354,11.464675,13.465986,13.22261,13.709362,0.0,0.0,0.0,0.069266,0.022494,0.116039,0.128388,0.041805,0.214971,1.791897,1.605379,1.978415,0.0,0.0,0.0,0.0,0.0,0.0,0.0,0.0,0.0,0.0,0.0,0.0,0.0,0.0,0.0,0.0,0.0,0.0,0.0,0.0,0.0,8.447809,7.100063,9.795555,14.011161,13.623528,14.398794,13.465986,13.22261,13.709362,0.654017,0.603747,0.704287,0.125782,0.082398,0.169166,0.244175,0.178344,0.310007,0.032233,0.003143,0.061323,55.675312,50.077168,61.273457,0.0,0.0,0.0,0.0,0.0,0.0,0.885208,0.841183,0.929234,0.357463,0.327216,0.387711,0.0,0.0,0.0,0.0,0.0,0.0,0.0,0.0,0.0,0.0,0.0,0.0,0.0,0.0,0.0,0.0,0.0,0.0,0.894583,0.846466,0.942701,0.88875,0.842523,0.934977,0.8625,0.828239,0.896761,0.895,0.846572,0.943428,0.0,0.0,0.0,0.0,0.0,0.0,0.0,0.0,0.0,0.0,0.0,0.0,0.0,0.0,0.0,0.0,0.0,0.0,0.0,0.0,0.0,0.0,0.0,0.0
hard_h1,adversarial_heavy,search_mutation,0.3,hybrid,5,none,nan,forest_co_management,,high_actor,weak_overseer,2,0.0,0.0,0.0,0.004062,0.000251,0.007874,0.0,0.0,0.0,0.0,0.0,0.0,13.85163,13.651388,14.051873,11.075582,10.267183,11.883981,0.165497,0.016576,0.314419,0.058096,0.034293,0.081899,0.099023,0.06178,0.136265,0.978048,0.771199,1.184898,0.143034,0.138413,0.147655,0.836972,0.810727,0.863216,0.727796,0.705769,0.749823,0.836972,0.810727,0.863216,72.38125,70.273275,74.489225,2.748083,2.66921,2.826957,0.747397,0.563864,0.93093,19.811049,13.842942,25.779155,12.316896,11.546805,13.086988,11.110034,10.301896,11.918173,0.793232,0.712347,0.874117,0.564235,0.404209,0.724261,0.044541,0.02004,0.069042,0.014042,0.003842,0.024242,29.568542,10.418112,48.718971,15.0,15.0,15.0,15.0,15.0,15.0,0.995938,0.992126,0.999749,0.448629,0.384659,0.512598,0.0,0.0,0.0,0.0,0.0,0.0,0.0,0.0,0.0,0.0,0.0,0.0,0.0,0.0,0.0,0.0,0.0,0.0,0.99125,0.980263,1.002237,1.0,1.0,1.0,0.9925,0.984172,1.000828,1.0,1.0,1.0,0.0,0.0,0.0,0.0,0.0,0.0,0.0,0.0,0.0,0.0,0.0,0.0,0.0,0.0,0.0,0.0,0.0,0.0,0.0,0.0,0.0,0.0,0.0,0.0
hard_h1,adversarial_heavy,search_mutation,0.3,top_down_only,5,none,nan,forest_co_management,,high_actor,weak_overseer,2,0.0,0.0,0.0,0.009583,0.001451,0.017715,0.0,0.0,0.0,0.001563,-0.0015,0.004625,13.335644,13.197497,13.473792,11.225276,10.612435,11.838117,0.0,0.0,0.0,0.070561,0.054771,0.086351,0.090574,0.076105,0.105043,0.956932,0.838401,1.075463,0.139613,0.137408,0.141818,0.853302,0.840628,0.865977,0.71332,0.702686,0.723954,0.853302,0.840628,0.865977,69.586875,68.859464,70.314286,2.667492,2.640586,2.694397,0.699835,0.638376,0.761294,17.447798,12.520046,22.375551,12.38198,11.889912,12.874048,11.258872,10.646511,11.871232,0.873883,0.857533,0.890232,0.848892,0.826213,0.871571,0.138341,0.117487,0.159194,0.064657,0.058731,0.070584,2.942188,-0.053579,5.937954,15.0,15.0,15.0,15.0,15.0,15.0,0.990417,0.982285,0.998549,0.401906,0.374506,0.429305,0.0,0.0,0.0,0.0,0.0,0.0,0.0,0.0,0.0,0.0,0.0,0.0,0.0,0.0,0.0,0.0,0.0,0.0,0.97,0.943771,0.996229,1.0,1.0,1.0,0.992083,0.985202,0.998965,0.999583,0.998767,1.0004,0.0,0.0,0.0,0.0,0.0,0.0,0.0,0.0,0.0,0.0,0.0,0.0,0.0,0.0,0.0,0.0,0.0,0.0,0.0,0.0,0.0,0.0,0.0,0.0
hard_h1,adversarial_heavy,search_mutation,0.3,bottom_up_only,5,none,nan,forest_co_management,,high_actor,weak_overseer,2,0.09375,0.060401,0.127099,0.097917,0.059911,0.135923,0.0,0.0,0.0,0.0,0.0,0.0,11.240063,10.765396,11.714729,13.537552,13.298032,13.777072,0.220499,0.089936,0.351061,0.040773,0.00969,0.071856,0.077122,0.020129,0.134116,1.686923,1.587661,1.786185,0.0,0.0,0.0,0.0,0.0,0.0,0.0,0.0,0.0,0.0,0.0,0.0,0.0,0.0,0.0,0.0,0.0,0.0,0.0,0.0,0.0,8.536466,7.685071,9.387861,14.005563,13.639844,14.371282,13.537552,13.298032,13.777072,0.59546,0.455187,0.735734,0.113754,0.020879,0.206629,0.201287,0.129694,0.272881,0.024967,0.004899,0.045034,58.67125,50.932397,66.410103,0.0,0.0,0.0,0.0,0.0,0.0,0.902083,0.864077,0.940089,0.362659,0.335269,0.390049,0.0,0.0,0.0,0.0,0.0,0.0,0.0,0.0,0.0,0.0,0.0,0.0,0.0,0.0,0.0,0.0,0.0,0.0,0.905,0.870895,0.939105,0.90375,0.868237,0.939263,0.893333,0.841067,0.9456,0.90625,0.873737,0.938763,0.0,0.0,0.0,0.0,0.0,0.0,0.0,0.0,0.0,0.0,0.0,0.0,0.0,0.0,0.0,0.0,0.0,0.0,0.0,0.0,0.0,0.0,0.0,0.0
hard_h1,adversarial_heavy,search_mutation,0.3,none,5,none,nan,forest_co_management,,high_actor,weak_overseer,2,0.105,0.055566,0.154434,0.114792,0.070766,0.158817,0.0,0.0,0.0,0.001563,-0.0015,0.004625,11.053014,10.641354,11.464675,13.465986,13.22261,13.709362,0.0,0.0,0.0,0.069266,0.022494,0.116039,0.128388,0.041805,0.214971,1.791897,1.605379,1.978415,0.0,0.0,0.0,0.0,0.0,0.0,0.0,0.0,0.0,0.0,0.0,0.0,0.0,0.0,0.0,0.0,0.0,0.0,0.0,0.0,0.0,8.447809,7.100063,9.795555,14.011161,13.623528,14.398794,13.465986,13.22261,13.709362,0.654017,0.603747,0.704287,0.125782,0.082398,0.169166,0.244175,0.178344,0.310007,0.032233,0.003143,0.061323,55.675312,50.077168,61.273457,0.0,0.0,0.0,0.0,0.0,0.0,0.885208,0.841183,0.929234,0.357463,0.327216,0.387711,0.0,0.0,0.0,0.0,0.0,0.0,0.0,0.0,0.0,0.0,0.0,0.0,0.0,0.0,0.0,0.0,0.0,0.0,0.894583,0.846466,0.942701,0.88875,0.842523,0.934977,0.8625,0.828239,0.896761,0.895,0.846572,0.943428,0.0,0.0,0.0,0.0,0.0,0.0,0.0,0.0,0.0,0.0,0.0,0.0,0.0,0.0,0.0,0.0,0.0,0.0,0.0,0.0,0.0,0.0,0.0,0.0
hard_h1,adversarial_heavy,mutation,0.3,top_down_only,5,none,nan,forest_co_management,,low_actor,limited_overseer,-1,0.0,0.0,0.0,0.0,0.0,0.0,0.0,0.0,0.0,0.0,0.0,0.0,14.000967,13.729023,14.272911,10.902773,10.453218,11.352328,0.0,0.0,0.0,0.124321,0.111972,0.136669,0.157552,0.143586,0.171518,1.375145,1.264104,1.486187,0.398258,0.393161,0.403356,0.826965,0.809844,0.844086,0.424885,0.416035,0.433734,0.826965,0.809844,0.844086,67.040417,65.634907,68.445927,3.859971,3.780536,3.939406,1.286074,1.172159,1.399988,14.93751,11.735548,18.139473,12.510391,12.09147,12.929311,10.951023,10.502336,11.39971,0.829991,0.81236,0.847621,0.826965,0.809844,0.844086,0.070734,0.035369,0.1061,0.025155,0.00526,0.04505,10.851146,3.936519,17.765772,15.0,15.0,15.0,15.0,15.0,15.0,1.0,1.0,1.0,0.371327,0.345992,0.396662,0.0,0.0,0.0,0.0,0.0,0.0,0.0,0.0,0.0,0.0,0.0,0.0,0.0,0.0,0.0,0.0,0.0,0.0,1.0,1.0,1.0,1.0,1.0,1.0,1.0,1.0,1.0,1.0,1.0,1.0,0.0,0.0,0.0,0.0,0.0,0.0,0.0,0.0,0.0,0.0,0.0,0.0,0.0,0.0,0.0,0.0,0.0,0.0,0.0,0.0,0.0,0.0,0.0,0.0
hard_h1,adversarial_heavy,mutation,0.3,hybrid,5,none,nan,forest_co_management,,low_actor,limited_overseer,-1,0.0,0.0,0.0,0.000625,-0.0006,0.00185,0.0,0.0,0.0,0.0,0.0,0.0,14.117138,13.823069,14.411207,10.580371,9.919084,11.241658,0.132489,-0.003312,0.268291,0.108352,0.093709,0.122995,0.147339,0.126501,0.168177,1.290487,1.097127,1.483846,0.397797,0.390078,0.405516,0.819426,0.785884,0.852969,0.422414,0.405964,0.438864,0.819426,0.785884,0.852969,68.073333,66.242472,69.904194,3.880369,3.756014,4.004723,1.363277,1.219206,1.507348,17.487197,12.99165,21.982743,12.30508,11.682757,12.927404,10.628886,9.968783,11.28899,0.824365,0.768785,0.879946,0.706005,0.51858,0.89343,0.055202,0.025279,0.085125,0.01756,0.000932,0.034188,16.362396,5.380415,27.344377,15.0,15.0,15.0,15.0,15.0,15.0,0.999375,0.99815,1.0006,0.425112,0.357638,0.492586,0.0,0.0,0.0,0.0,0.0,0.0,0.0,0.0,0.0,0.0,0.0,0.0,0.0,0.0,0.0,0.0,0.0,0.0,0.999583,0.998767,1.0004,1.0,1.0,1.0,0.997917,0.993833,1.002,1.0,1.0,1.0,0.0,0.0,0.0,0.0,0.0,0.0,0.0,0.0,0.0,0.0,0.0,0.0,0.0,0.0,0.0,0.0,0.0,0.0,0.0,0.0,0.0,0.0,0.0,0.0
hard_h1,adversarial_heavy,mutation,0.3,bottom_up_only,5,none,nan,forest_co_management,,low_actor,limited_overseer,-1,0.092917,0.060568,0.125265,0.093437,0.061514,0.125361,0.0,0.0,0.0,0.0,0.0,0.0,10.969897,9.997042,11.942752,13.187515,12.893722,13.481309,0.218506,-0.080283,0.517295,0.041246,0.012421,0.070071,0.077252,0.024668,0.129836,1.573986,1.344753,1.803219,0.0,0.0,0.0,0.0,0.0,0.0,0.0,0.0,0.0,0.0,0.0,0.0,0.0,0.0,0.0,0.0,0.0,0.0,0.0,0.0,0.0,10.482531,9.576443,11.388618,13.655815,13.320796,13.990835,13.187515,12.893722,13.481309,0.619585,0.571984,0.667185,0.088048,0.043735,0.132362,0.264279,0.091092,0.437466,0.0275,0.007934,0.047066,49.453229,32.553818,66.352641,0.0,0.0,0.0,0.0,0.0,0.0,0.906563,0.874639,0.938486,0.425264,0.390245,0.460283,0.0,0.0,0.0,0.0,0.0,0.0,0.0,0.0,0.0,0.0,0.0,0.0,0.0,0.0,0.0,0.0,0.0,0.0,0.906667,0.87466,0.938673,0.906667,0.87466,0.938673,0.90625,0.874568,0.937932,0.906667,0.87466,0.938673,0.0,0.0,0.0,0.0,0.0,0.0,0.0,0.0,0.0,0.0,0.0,0.0,0.0,0.0,0.0,0.0,0.0,0.0,0.0,0.0,0.0,0.0,0.0,0.0
hard_h1,adversarial_heavy,mutation,0.3,none,5,none,nan,forest_co_management,,low_actor,limited_overseer,-1,0.11625,0.06316,0.16934,0.132812,0.074252,0.191373,0.0,0.0,0.0,0.0,0.0,0.0,10.259568,9.256746,11.262389,13.073181,12.630064,13.516299,0.0,0.0,0.0,0.029449,0.014545,0.044354,0.056713,0.027701,0.085726,1.428094,1.141291,1.714898,0.0,0.0,0.0,0.0,0.0,0.0,0.0,0.0,0.0,0.0,0.0,0.0,0.0,0.0,0.0,0.0,0.0,0.0,0.0,0.0,0.0,11.553108,9.50323,13.602986,13.704317,13.247118,14.161515,13.073181,12.630064,13.516299,0.656604,0.592198,0.72101,0.095254,0.023072,0.167435,0.38082,0.192765,0.568875,0.049436,-0.004313,0.103185,42.92125,28.881472,56.961028,0.0,0.0,0.0,0.0,0.0,0.0,0.867188,0.808627,0.925748,0.402089,0.377605,0.426574,0.0,0.0,0.0,0.0,0.0,0.0,0.0,0.0,0.0,0.0,0.0,0.0,0.0,0.0,0.0,0.0,0.0,0.0,0.884583,0.827059,0.942108,0.869583,0.80153,0.937637,0.83375,0.769091,0.898409,0.880833,0.822136,0.939531,0.0,0.0,0.0,0.0,0.0,0.0,0.0,0.0,0.0,0.0,0.0,0.0,0.0,0.0,0.0,0.0,0.0,0.0,0.0,0.0,0.0,0.0,0.0,0.0
hard_h1,adversarial_heavy,mutation,0.3,hybrid,5,none,nan,forest_co_management,,low_actor,strong_overseer,-2,0.0,0.0,0.0,0.0,0.0,0.0,0.0,0.0,0.0,0.0,0.0,0.0,14.380354,14.349097,14.411611,12.022084,11.817524,12.226644,0.045205,0.011159,0.079252,0.191385,0.181668,0.201101,0.202317,0.194406,0.210229,2.264158,2.153041,2.375275,0.787788,0.781071,0.794505,0.791489,0.782899,0.800079,0.0,0.0,0.0,0.791489,0.782899,0.800079,0.0,0.0,0.0,0.0,0.0,0.0,3.089969,2.401713,3.778224,4.918724,3.374876,6.462573,15.16489,14.574371,15.755408,12.022084,11.817524,12.226644,0.737723,0.652291,0.823156,0.630055,0.433729,0.826381,0.0,0.0,0.0,0.0,0.0,0.0,80.0,80.0,80.0,15.0,15.0,15.0,15.0,15.0,15.0,1.0,1.0,1.0,0.378639,0.346111,0.411167,0.0,0.0,0.0,0.0,0.0,0.0,0.0,0.0,0.0,0.0,0.0,0.0,0.0,0.0,0.0,0.0,0.0,0.0,1.0,1.0,1.0,1.0,1.0,1.0,1.0,1.0,1.0,1.0,1.0,1.0,0.0,0.0,0.0,0.0,0.0,0.0,0.0,0.0,0.0,0.0,0.0,0.0,0.0,0.0,0.0,0.0,0.0,0.0,0.0,0.0,0.0,0.0,0.0,0.0
hard_h1,adversarial_heavy,mutation,0.3,top_down_only,5,none,nan,forest_co_management,,low_actor,strong_overseer,-2,0.0,0.0,0.0,0.0,0.0,0.0,0.0,0.0,0.0,0.0,0.0,0.0,14.346312,14.320666,14.371959,12.132895,12.027745,12.238045,0.0,0.0,0.0,0.195908,0.189046,0.202769,0.204664,0.198488,0.21084,2.268116,2.154263,2.381968,0.791261,0.784628,0.797894,0.791507,0.785047,0.797966,0.0,0.0,0.0,0.791507,0.785047,0.797966,0.0,0.0,0.0,0.0,0.0,0.0,3.009896,2.233312,3.78648,4.220081,3.388246,5.051917,15.18781,14.371916,16.003705,12.132895,12.027745,12.238045,0.759439,0.689816,0.829062,0.664969,0.413452,0.916486,3e-06,-1e-06,6e-06,0.0,0.0,0.0,79.989271,79.975869,80.002673,15.0,15.0,15.0,15.0,15.0,15.0,1.0,1.0,1.0,0.33844,0.306241,0.37064,0.0,0.0,0.0,0.0,0.0,0.0,0.0,0.0,0.0,0.0,0.0,0.0,0.0,0.0,0.0,0.0,0.0,0.0,1.0,1.0,1.0,1.0,1.0,1.0,1.0,1.0,1.0,1.0,1.0,1.0,0.0,0.0,0.0,0.0,0.0,0.0,0.0,0.0,0.0,0.0,0.0,0.0,0.0,0.0,0.0,0.0,0.0,0.0,0.0,0.0,0.0,0.0,0.0,0.0
hard_h1,adversarial_heavy,mutation,0.3,bottom_up_only,5,none,nan,forest_co_management,,low_actor,strong_overseer,-2,0.092917,0.060568,0.125265,0.093437,0.061514,0.125361,0.0,0.0,0.0,0.0,0.0,0.0,10.969897,9.997042,11.942752,13.187515,12.893722,13.481309,0.218506,-0.080283,0.517295,0.041246,0.012421,0.070071,0.077252,0.024668,0.129836,1.573986,1.344753,1.803219,0.0,0.0,0.0,0.0,0.0,0.0,0.0,0.0,0.0,0.0,0.0,0.0,0.0,0.0,0.0,0.0,0.0,0.0,0.0,0.0,0.0,10.482531,9.576443,11.388618,13.655815,13.320796,13.990835,13.187515,12.893722,13.481309,0.619585,0.571984,0.667185,0.088048,0.043735,0.132362,0.264279,0.091092,0.437466,0.0275,0.007934,0.047066,49.453229,32.553818,66.352641,0.0,0.0,0.0,0.0,0.0,0.0,0.906563,0.874639,0.938486,0.425264,0.390245,0.460283,0.0,0.0,0.0,0.0,0.0,0.0,0.0,0.0,0.0,0.0,0.0,0.0,0.0,0.0,0.0,0.0,0.0,0.0,0.906667,0.87466,0.938673,0.906667,0.87466,0.938673,0.90625,0.874568,0.937932,0.906667,0.87466,0.938673,0.0,0.0,0.0,0.0,0.0,0.0,0.0,0.0,0.0,0.0,0.0,0.0,0.0,0.0,0.0,0.0,0.0,0.0,0.0,0.0,0.0,0.0,0.0,0.0
hard_h1,adversarial_heavy,mutation,0.3,none,5,none,nan,forest_co_management,,low_actor,strong_overseer,-2,0.11625,0.06316,0.16934,0.132812,0.074252,0.191373,0.0,0.0,0.0,0.0,0.0,0.0,10.259568,9.256746,11.262389,13.073181,12.630064,13.516299,0.0,0.0,0.0,0.029449,0.014545,0.044354,0.056713,0.027701,0.085726,1.428094,1.141291,1.714898,0.0,0.0,0.0,0.0,0.0,0.0,0.0,0.0,0.0,0.0,0.0,0.0,0.0,0.0,0.0,0.0,0.0,0.0,0.0,0.0,0.0,11.553108,9.50323,13.602986,13.704317,13.247118,14.161515,13.073181,12.630064,13.516299,0.656604,0.592198,0.72101,0.095254,0.023072,0.167435,0.38082,0.192765,0.568875,0.049436,-0.004313,0.103185,42.92125,28.881472,56.961028,0.0,0.0,0.0,0.0,0.0,0.0,0.867188,0.808627,0.925748,0.402089,0.377605,0.426574,0.0,0.0,0.0,0.0,0.0,0.0,0.0,0.0,0.0,0.0,0.0,0.0,0.0,0.0,0.0,0.0,0.0,0.0,0.884583,0.827059,0.942108,0.869583,0.80153,0.937637,0.83375,0.769091,0.898409,0.880833,0.822136,0.939531,0.0,0.0,0.0,0.0,0.0,0.0,0.0,0.0,0.0,0.0,0.0,0.0,0.0,0.0,0.0,0.0,0.0,0.0,0.0,0.0,0.0,0.0,0.0,0.0
hard_h1,adversarial_heavy,mutation,0.3,top_down_only,5,none,nan,forest_co_management,,low_actor,weak_overseer,0,0.0,0.0,0.0,0.003542,-0.00104,0.008123,0.0,0.0,0.0,0.0,0.0,0.0,13.648797,13.415525,13.882069,10.43906,10.193551,10.68457,0.0,0.0,0.0,0.059323,0.052365,0.066282,0.087387,0.08032,0.094454,0.86926,0.771104,0.967416,0.140632,0.137137,0.144128,0.858829,0.835929,0.881728,0.717949,0.698819,0.73708,0.858829,0.835929,0.881728,70.325521,68.547478,72.103563,2.697504,2.629643,2.765365,0.577024,0.475113,0.678935,22.137876,19.778692,24.49706,11.585504,11.377728,11.79328,10.472871,10.228031,10.717712,0.867057,0.845557,0.888558,0.858816,0.835925,0.881707,0.112603,0.081112,0.144093,0.057365,0.028047,0.086684,6.58375,1.749504,11.417996,15.0,15.0,15.0,15.0,15.0,15.0,0.996458,0.991877,1.00104,0.430169,0.401228,0.459109,0.0,0.0,0.0,0.0,0.0,0.0,0.0,0.0,0.0,0.0,0.0,0.0,0.0,0.0,0.0,0.0,0.0,0.0,0.990833,0.972867,1.0088,1.0,1.0,1.0,0.995,0.989739,1.000261,1.0,1.0,1.0,0.0,0.0,0.0,0.0,0.0,0.0,0.0,0.0,0.0,0.0,0.0,0.0,0.0,0.0,0.0,0.0,0.0,0.0,0.0,0.0,0.0,0.0,0.0,0.0
hard_h1,adversarial_heavy,mutation,0.3,hybrid,5,none,nan,forest_co_management,,low_actor,weak_overseer,0,0.00375,-0.0036,0.0111,0.013437,-0.005284,0.032159,0.0,0.0,0.0,0.0,0.0,0.0,13.607548,13.354547,13.860549,10.405771,9.671975,11.139567,0.19872,0.016298,0.381141,0.046483,0.033941,0.059025,0.080252,0.062534,0.097971,0.928189,0.747502,1.108876,0.139801,0.133242,0.146361,0.816668,0.771186,0.86215,0.712298,0.679131,0.745465,0.816668,0.771186,0.86215,70.461354,68.09061,72.832098,2.670812,2.574885,2.76674,0.509324,0.418879,0.59977,23.103144,16.196346,30.009941,11.471549,10.944235,11.998864,10.439494,9.70711,11.171878,0.836706,0.800431,0.872981,0.719513,0.663181,0.775846,0.091519,0.063768,0.119271,0.035505,0.014474,0.056536,11.825521,6.024489,17.626552,15.0,15.0,15.0,15.0,15.0,15.0,0.986563,0.967841,1.005284,0.430757,0.387197,0.474318,0.0,0.0,0.0,0.0,0.0,0.0,0.0,0.0,0.0,0.0,0.0,0.0,0.0,0.0,0.0,0.0,0.0,0.0,0.985833,0.969027,1.00264,0.996667,0.991098,1.002236,0.969167,0.924746,1.013587,0.994583,0.983967,1.0052,0.0,0.0,0.0,0.0,0.0,0.0,0.0,0.0,0.0,0.0,0.0,0.0,0.0,0.0,0.0,0.0,0.0,0.0,0.0,0.0,0.0,0.0,0.0,0.0
hard_h1,adversarial_heavy,mutation,0.3,bottom_up_only,5,none,nan,forest_co_management,,low_actor,weak_overseer,0,0.092917,0.060568,0.125265,0.093437,0.061514,0.125361,0.0,0.0,0.0,0.0,0.0,0.0,10.969897,9.997042,11.942752,13.187515,12.893722,13.481309,0.218506,-0.080283,0.517295,0.041246,0.012421,0.070071,0.077252,0.024668,0.129836,1.573986,1.344753,1.803219,0.0,0.0,0.0,0.0,0.0,0.0,0.0,0.0,0.0,0.0,0.0,0.0,0.0,0.0,0.0,0.0,0.0,0.0,0.0,0.0,0.0,10.482531,9.576443,11.388618,13.655815,13.320796,13.990835,13.187515,12.893722,13.481309,0.619585,0.571984,0.667185,0.088048,0.043735,0.132362,0.264279,0.091092,0.437466,0.0275,0.007934,0.047066,49.453229,32.553818,66.352641,0.0,0.0,0.0,0.0,0.0,0.0,0.906563,0.874639,0.938486,0.425264,0.390245,0.460283,0.0,0.0,0.0,0.0,0.0,0.0,0.0,0.0,0.0,0.0,0.0,0.0,0.0,0.0,0.0,0.0,0.0,0.0,0.906667,0.87466,0.938673,0.906667,0.87466,0.938673,0.90625,0.874568,0.937932,0.906667,0.87466,0.938673,0.0,0.0,0.0,0.0,0.0,0.0,0.0,0.0,0.0,0.0,0.0,0.0,0.0,0.0,0.0,0.0,0.0,0.0,0.0,0.0,0.0,0.0,0.0,0.0
hard_h1,adversarial_heavy,mutation,0.3,none,5,none,nan,forest_co_management,,low_actor,weak_overseer,0,0.11625,0.06316,0.16934,0.132812,0.074252,0.191373,0.0,0.0,0.0,0.0,0.0,0.0,10.259568,9.256746,11.262389,13.073181,12.630064,13.516299,0.0,0.0,0.0,0.029449,0.014545,0.044354,0.056713,0.027701,0.085726,1.428094,1.141291,1.714898,0.0,0.0,0.0,0.0,0.0,0.0,0.0,0.0,0.0,0.0,0.0,0.0,0.0,0.0,0.0,0.0,0.0,0.0,0.0,0.0,0.0,11.553108,9.50323,13.602986,13.704317,13.247118,14.161515,13.073181,12.630064,13.516299,0.656604,0.592198,0.72101,0.095254,0.023072,0.167435,0.38082,0.192765,0.568875,0.049436,-0.004313,0.103185,42.92125,28.881472,56.961028,0.0,0.0,0.0,0.0,0.0,0.0,0.867188,0.808627,0.925748,0.402089,0.377605,0.426574,0.0,0.0,0.0,0.0,0.0,0.0,0.0,0.0,0.0,0.0,0.0,0.0,0.0,0.0,0.0,0.0,0.0,0.0,0.884583,0.827059,0.942108,0.869583,0.80153,0.937637,0.83375,0.769091,0.898409,0.880833,0.822136,0.939531,0.0,0.0,0.0,0.0,0.0,0.0,0.0,0.0,0.0,0.0,0.0,0.0,0.0,0.0,0.0,0.0,0.0,0.0,0.0,0.0,0.0,0.0,0.0,0.0
hard_h1,adversarial_heavy,search_mutation,0.3,top_down_only,5,none,nan,forest_co_management,,medium_actor,limited_overseer,0,0.0,0.0,0.0,0.0,0.0,0.0,0.0,0.0,0.0,0.0,0.0,0.0,13.897283,13.698626,14.095939,9.839886,9.283095,10.396678,0.0,0.0,0.0,0.091542,0.07559,0.107494,0.113506,0.097654,0.129357,1.045135,0.886852,1.203418,0.426544,0.418497,0.434591,0.878668,0.861626,0.89571,0.451413,0.442539,0.460288,0.878668,0.861626,0.89571,71.243021,69.858318,72.627724,4.101644,4.023217,4.18007,1.423859,1.230773,1.616945,23.224776,18.925843,27.523708,11.786747,11.217864,12.355629,9.891157,9.335326,10.446988,0.881087,0.861619,0.900555,0.8635,0.832898,0.894102,0.099368,0.078899,0.119838,0.049594,0.033982,0.065206,7.604063,3.043052,12.165073,15.0,15.0,15.0,15.0,15.0,15.0,1.0,1.0,1.0,0.379171,0.337561,0.42078,0.0,0.0,0.0,0.0,0.0,0.0,0.0,0.0,0.0,0.0,0.0,0.0,0.0,0.0,0.0,0.0,0.0,0.0,1.0,1.0,1.0,1.0,1.0,1.0,1.0,1.0,1.0,1.0,1.0,1.0,0.0,0.0,0.0,0.0,0.0,0.0,0.0,0.0,0.0,0.0,0.0,0.0,0.0,0.0,0.0,0.0,0.0,0.0,0.0,0.0,0.0,0.0,0.0,0.0
hard_h1,adversarial_heavy,search_mutation,0.3,hybrid,5,none,nan,forest_co_management,,medium_actor,limited_overseer,0,0.0,0.0,0.0,0.001042,-0.00054,0.002623,0.0,0.0,0.0,0.0,0.0,0.0,14.205933,13.655489,14.756377,10.496251,9.811362,11.18114,0.179666,-0.010384,0.369715,0.094502,0.062413,0.12659,0.132315,0.098401,0.166229,1.26882,1.021896,1.515744,0.393334,0.36837,0.418298,0.801164,0.748499,0.85383,0.414001,0.38851,0.439492,0.801164,0.748499,0.85383,67.372917,64.651976,70.093858,3.810819,3.609697,4.01194,1.100965,0.894001,1.307928,17.522807,12.121341,22.924272,11.956916,11.495664,12.418167,10.5439,9.860288,11.227511,0.824491,0.787863,0.861119,0.759013,0.684318,0.833707,0.060558,0.011306,0.10981,0.025576,-0.000893,0.052046,26.464167,-0.224514,53.152847,15.0,15.0,15.0,15.0,15.0,15.0,0.998958,0.997377,1.00054,0.423076,0.377411,0.468741,0.0,0.0,0.0,0.0,0.0,0.0,0.0,0.0,0.0,0.0,0.0,0.0,0.0,0.0,0.0,0.0,0.0,0.0,1.0,1.0,1.0,1.0,1.0,1.0,0.995833,0.989507,1.002159,1.0,1.0,1.0,0.0,0.0,0.0,0.0,0.0,0.0,0.0,0.0,0.0,0.0,0.0,0.0,0.0,0.0,0.0,0.0,0.0,0.0,0.0,0.0,0.0,0.0,0.0,0.0
hard_h1,adversarial_heavy,search_mutation,0.3,bottom_up_only,5,none,nan,forest_co_management,,medium_actor,limited_overseer,0,0.092917,0.060568,0.125265,0.093333,0.061327,0.12534,0.0,0.0,0.0,0.0,0.0,0.0,10.960979,10.518143,11.403814,13.389967,13.240345,13.539589,0.18079,-0.022413,0.383993,0.041646,0.015858,0.067434,0.079783,0.030997,0.128569,1.825135,1.69102,1.959251,0.0,0.0,0.0,0.0,0.0,0.0,0.0,0.0,0.0,0.0,0.0,0.0,0.0,0.0,0.0,0.0,0.0,0.0,0.0,0.0,0.0,8.466652,7.929716,9.003588,13.869363,13.622966,14.115759,13.389967,13.240345,13.539589,0.573854,0.525834,0.621874,0.060822,0.040456,0.081189,0.208902,0.124142,0.293662,0.015861,0.007961,0.023761,55.272917,47.708337,62.837496,0.0,0.0,0.0,0.0,0.0,0.0,0.906667,0.87466,0.938673,0.42104,0.357598,0.484482,0.0,0.0,0.0,0.0,0.0,0.0,0.0,0.0,0.0,0.0,0.0,0.0,0.0,0.0,0.0,0.0,0.0,0.0,0.906667,0.87466,0.938673,0.906667,0.87466,0.938673,0.906667,0.87466,0.938673,0.906667,0.87466,0.938673,0.0,0.0,0.0,0.0,0.0,0.0,0.0,0.0,0.0,0.0,0.0,0.0,0.0,0.0,0.0,0.0,0.0,0.0,0.0,0.0,0.0,0.0,0.0,0.0
hard_h1,adversarial_heavy,search_mutation,0.3,none,5,none,nan,forest_co_management,,medium_actor,limited_overseer,0,0.10625,0.056725,0.155775,0.129687,0.087177,0.172198,0.0,0.0,0.0,0.0,0.0,0.0,10.609841,10.185945,11.033737,13.57107,13.384035,13.758105,0.0,0.0,0.0,0.022751,0.014319,0.031184,0.043455,0.026696,0.060213,1.525275,1.376988,1.673561,0.0,0.0,0.0,0.0,0.0,0.0,0.0,0.0,0.0,0.0,0.0,0.0,0.0,0.0,0.0,0.0,0.0,0.0,0.0,0.0,0.0,9.13175,6.985263,11.278238,14.204544,13.930333,14.478756,13.57107,13.384035,13.758105,0.577434,0.445287,0.709581,0.089086,-0.000808,0.17898,0.289608,0.229821,0.349395,0.041181,0.00149,0.080872,52.451563,46.502973,58.400152,0.0,0.0,0.0,0.0,0.0,0.0,0.870313,0.827802,0.912823,0.380726,0.347607,0.413845,0.0,0.0,0.0,0.0,0.0,0.0,0.0,0.0,0.0,0.0,0.0,0.0,0.0,0.0,0.0,0.0,0.0,0.0,0.893333,0.844072,0.942595,0.884167,0.837742,0.930591,0.812083,0.724454,0.899712,0.891667,0.842548,0.940786,0.0,0.0,0.0,0.0,0.0,0.0,0.0,0.0,0.0,0.0,0.0,0.0,0.0,0.0,0.0,0.0,0.0,0.0,0.0,0.0,0.0,0.0,0.0,0.0
hard_h1,adversarial_heavy,search_mutation,0.3,hybrid,5,none,nan,forest_co_management,,medium_actor,strong_overseer,-1,0.0,0.0,0.0,0.0,0.0,0.0,0.0,0.0,0.0,0.0,0.0,0.0,14.335463,14.319406,14.35152,12.045664,11.87081,12.220518,0.042286,0.008847,0.075725,0.189859,0.181173,0.198546,0.199823,0.192409,0.207238,2.282288,2.237731,2.326846,0.766616,0.71979,0.813442,0.793928,0.785969,0.801887,0.0,0.0,0.0,0.793928,0.785969,0.801887,0.0,0.0,0.0,0.0,0.0,0.0,3.253373,2.272065,4.23468,4.79119,3.421385,6.160995,15.350281,14.419746,16.280817,12.045664,11.87081,12.220518,0.778538,0.755143,0.801934,0.68504,0.562908,0.807173,1e-06,-1e-06,4e-06,0.0,0.0,0.0,79.993437,79.980575,80.0063,15.0,15.0,15.0,15.0,15.0,15.0,1.0,1.0,1.0,0.378023,0.340092,0.415954,0.0,0.0,0.0,0.0,0.0,0.0,0.0,0.0,0.0,0.0,0.0,0.0,0.0,0.0,0.0,0.0,0.0,0.0,1.0,1.0,1.0,1.0,1.0,1.0,1.0,1.0,1.0,1.0,1.0,1.0,0.0,0.0,0.0,0.0,0.0,0.0,0.0,0.0,0.0,0.0,0.0,0.0,0.0,0.0,0.0,0.0,0.0,0.0,0.0,0.0,0.0,0.0,0.0,0.0
hard_h1,adversarial_heavy,search_mutation,0.3,top_down_only,5,none,nan,forest_co_management,,medium_actor,strong_overseer,-1,0.0,0.0,0.0,0.0,0.0,0.0,0.0,0.0,0.0,0.0,0.0,0.0,14.316455,14.295829,14.337081,12.104792,12.037681,12.171903,0.0,0.0,0.0,0.193037,0.187891,0.198182,0.201297,0.196879,0.205714,2.302163,2.205251,2.399075,0.748502,0.673989,0.823014,0.794874,0.790181,0.799567,0.0,0.0,0.0,0.794874,0.790181,0.799567,0.0,0.0,0.0,0.0,0.0,0.0,2.982989,1.953912,4.012065,4.449293,3.907072,4.991515,15.137908,14.11813,16.157687,12.104792,12.037681,12.171903,0.744991,0.681215,0.808767,0.593164,0.350152,0.836177,1e-06,-1e-06,4e-06,0.0,0.0,0.0,79.993437,79.980575,80.0063,15.0,15.0,15.0,15.0,15.0,15.0,1.0,1.0,1.0,0.365842,0.308709,0.422974,0.0,0.0,0.0,0.0,0.0,0.0,0.0,0.0,0.0,0.0,0.0,0.0,0.0,0.0,0.0,0.0,0.0,0.0,1.0,1.0,1.0,1.0,1.0,1.0,1.0,1.0,1.0,1.0,1.0,1.0,0.0,0.0,0.0,0.0,0.0,0.0,0.0,0.0,0.0,0.0,0.0,0.0,0.0,0.0,0.0,0.0,0.0,0.0,0.0,0.0,0.0,0.0,0.0,0.0
hard_h1,adversarial_heavy,search_mutation,0.3,bottom_up_only,5,none,nan,forest_co_management,,medium_actor,strong_overseer,-1,0.092917,0.060568,0.125265,0.093333,0.061327,0.12534,0.0,0.0,0.0,0.0,0.0,0.0,10.960979,10.518143,11.403814,13.389967,13.240345,13.539589,0.18079,-0.022413,0.383993,0.041646,0.015858,0.067434,0.079783,0.030997,0.128569,1.825135,1.69102,1.959251,0.0,0.0,0.0,0.0,0.0,0.0,0.0,0.0,0.0,0.0,0.0,0.0,0.0,0.0,0.0,0.0,0.0,0.0,0.0,0.0,0.0,8.466652,7.929716,9.003588,13.869363,13.622966,14.115759,13.389967,13.240345,13.539589,0.573854,0.525834,0.621874,0.060822,0.040456,0.081189,0.208902,0.124142,0.293662,0.015861,0.007961,0.023761,55.272917,47.708337,62.837496,0.0,0.0,0.0,0.0,0.0,0.0,0.906667,0.87466,0.938673,0.42104,0.357598,0.484482,0.0,0.0,0.0,0.0,0.0,0.0,0.0,0.0,0.0,0.0,0.0,0.0,0.0,0.0,0.0,0.0,0.0,0.0,0.906667,0.87466,0.938673,0.906667,0.87466,0.938673,0.906667,0.87466,0.938673,0.906667,0.87466,0.938673,0.0,0.0,0.0,0.0,0.0,0.0,0.0,0.0,0.0,0.0,0.0,0.0,0.0,0.0,0.0,0.0,0.0,0.0,0.0,0.0,0.0,0.0,0.0,0.0
hard_h1,adversarial_heavy,search_mutation,0.3,none,5,none,nan,forest_co_management,,medium_actor,strong_overseer,-1,0.10625,0.056725,0.155775,0.129687,0.087177,0.172198,0.0,0.0,0.0,0.0,0.0,0.0,10.609841,10.185945,11.033737,13.57107,13.384035,13.758105,0.0,0.0,0.0,0.022751,0.014319,0.031184,0.043455,0.026696,0.060213,1.525275,1.376988,1.673561,0.0,0.0,0.0,0.0,0.0,0.0,0.0,0.0,0.0,0.0,0.0,0.0,0.0,0.0,0.0,0.0,0.0,0.0,0.0,0.0,0.0,9.13175,6.985263,11.278238,14.204544,13.930333,14.478756,13.57107,13.384035,13.758105,0.577434,0.445287,0.709581,0.089086,-0.000808,0.17898,0.289608,0.229821,0.349395,0.041181,0.00149,0.080872,52.451563,46.502973,58.400152,0.0,0.0,0.0,0.0,0.0,0.0,0.870313,0.827802,0.912823,0.380726,0.347607,0.413845,0.0,0.0,0.0,0.0,0.0,0.0,0.0,0.0,0.0,0.0,0.0,0.0,0.0,0.0,0.0,0.0,0.0,0.0,0.893333,0.844072,0.942595,0.884167,0.837742,0.930591,0.812083,0.724454,0.899712,0.891667,0.842548,0.940786,0.0,0.0,0.0,0.0,0.0,0.0,0.0,0.0,0.0,0.0,0.0,0.0,0.0,0.0,0.0,0.0,0.0,0.0,0.0,0.0,0.0,0.0,0.0,0.0
hard_h1,adversarial_heavy,search_mutation,0.3,top_down_only,5,none,nan,forest_co_management,,medium_actor,weak_overseer,1,0.0,0.0,0.0,0.004583,0.000272,0.008895,0.0,0.0,0.0,0.00625,-0.002679,0.015179,13.514772,13.309144,13.720401,10.463193,9.78124,11.145147,0.0,0.0,0.0,0.074983,0.054296,0.09567,0.094757,0.074058,0.115456,0.872914,0.692377,1.053451,0.141117,0.136929,0.145305,0.861815,0.837692,0.885937,0.720449,0.700315,0.740583,0.861815,0.837692,0.885937,70.575729,68.468514,72.682945,2.705521,2.623771,2.787271,0.565638,0.448863,0.682413,21.899178,16.416315,27.382041,11.588308,10.96757,12.209046,10.497121,9.81595,11.178292,0.882517,0.864002,0.901033,0.863436,0.841547,0.885324,0.135569,0.109269,0.161869,0.066471,0.055159,0.077783,4.487083,0.759662,8.214505,15.0,15.0,15.0,15.0,15.0,15.0,0.995417,0.991105,0.999728,0.4204,0.397613,0.443188,0.0,0.0,0.0,0.0,0.0,0.0,0.0,0.0,0.0,0.0,0.0,0.0,0.0,0.0,0.0,0.0,0.0,0.0,0.990833,0.972867,1.0088,1.0,1.0,1.0,0.99125,0.983043,0.999457,0.999583,0.998767,1.0004,0.0,0.0,0.0,0.0,0.0,0.0,0.0,0.0,0.0,0.0,0.0,0.0,0.0,0.0,0.0,0.0,0.0,0.0,0.0,0.0,0.0,0.0,0.0,0.0
hard_h1,adversarial_heavy,search_mutation,0.3,hybrid,5,none,nan,forest_co_management,,medium_actor,weak_overseer,1,0.000833,-0.0008,0.002467,0.0225,0.001546,0.043454,0.0,0.0,0.0,0.045312,-0.0435,0.134125,13.66586,13.294357,14.037364,10.171319,9.262136,11.080501,0.304222,0.043487,0.564957,0.060262,0.028425,0.0921,0.09777,0.053509,0.142031,0.902172,0.662053,1.142291,0.141553,0.134295,0.148811,0.830021,0.777268,0.882773,0.720015,0.683112,0.756917,0.830021,0.777268,0.882773,70.56375,67.717727,73.409773,2.680121,2.567301,2.792941,0.52774,0.346348,0.709132,24.90864,17.08005,32.73723,11.387058,10.674917,12.0992,10.205396,9.297598,11.113194,0.83577,0.788652,0.882887,0.700444,0.578934,0.821954,0.08914,0.043418,0.134862,0.034965,0.001103,0.068827,21.022083,8.706742,33.337424,15.0,15.0,15.0,15.0,15.0,15.0,0.9775,0.956546,0.998454,0.43744,0.372203,0.502678,0.0,0.0,0.0,0.0,0.0,0.0,0.0,0.0,0.0,0.0,0.0,0.0,0.0,0.0,0.0,0.0,0.0,0.0,0.984167,0.963644,1.004689,0.9975,0.995119,0.999881,0.930417,0.856638,1.004195,0.997917,0.994754,1.00108,0.0,0.0,0.0,0.0,0.0,0.0,0.0,0.0,0.0,0.0,0.0,0.0,0.0,0.0,0.0,0.0,0.0,0.0,0.0,0.0,0.0,0.0,0.0,0.0
hard_h1,adversarial_heavy,search_mutation,0.3,bottom_up_only,5,none,nan,forest_co_management,,medium_actor,weak_overseer,1,0.092917,0.060568,0.125265,0.093333,0.061327,0.12534,0.0,0.0,0.0,0.0,0.0,0.0,10.960979,10.518143,11.403814,13.389967,13.240345,13.539589,0.18079,-0.022413,0.383993,0.041646,0.015858,0.067434,0.079783,0.030997,0.128569,1.825135,1.69102,1.959251,0.0,0.0,0.0,0.0,0.0,0.0,0.0,0.0,0.0,0.0,0.0,0.0,0.0,0.0,0.0,0.0,0.0,0.0,0.0,0.0,0.0,8.466652,7.929716,9.003588,13.869363,13.622966,14.115759,13.389967,13.240345,13.539589,0.573854,0.525834,0.621874,0.060822,0.040456,0.081189,0.208902,0.124142,0.293662,0.015861,0.007961,0.023761,55.272917,47.708337,62.837496,0.0,0.0,0.0,0.0,0.0,0.0,0.906667,0.87466,0.938673,0.42104,0.357598,0.484482,0.0,0.0,0.0,0.0,0.0,0.0,0.0,0.0,0.0,0.0,0.0,0.0,0.0,0.0,0.0,0.0,0.0,0.0,0.906667,0.87466,0.938673,0.906667,0.87466,0.938673,0.906667,0.87466,0.938673,0.906667,0.87466,0.938673,0.0,0.0,0.0,0.0,0.0,0.0,0.0,0.0,0.0,0.0,0.0,0.0,0.0,0.0,0.0,0.0,0.0,0.0,0.0,0.0,0.0,0.0,0.0,0.0
hard_h1,adversarial_heavy,search_mutation,0.3,none,5,none,nan,forest_co_management,,medium_actor,weak_overseer,1,0.10625,0.056725,0.155775,0.129687,0.087177,0.172198,0.0,0.0,0.0,0.0,0.0,0.0,10.609841,10.185945,11.033737,13.57107,13.384035,13.758105,0.0,0.0,0.0,0.022751,0.014319,0.031184,0.043455,0.026696,0.060213,1.525275,1.376988,1.673561,0.0,0.0,0.0,0.0,0.0,0.0,0.0,0.0,0.0,0.0,0.0,0.0,0.0,0.0,0.0,0.0,0.0,0.0,0.0,0.0,0.0,9.13175,6.985263,11.278238,14.204544,13.930333,14.478756,13.57107,13.384035,13.758105,0.577434,0.445287,0.709581,0.089086,-0.000808,0.17898,0.289608,0.229821,0.349395,0.041181,0.00149,0.080872,52.451563,46.502973,58.400152,0.0,0.0,0.0,0.0,0.0,0.0,0.870313,0.827802,0.912823,0.380726,0.347607,0.413845,0.0,0.0,0.0,0.0,0.0,0.0,0.0,0.0,0.0,0.0,0.0,0.0,0.0,0.0,0.0,0.0,0.0,0.0,0.893333,0.844072,0.942595,0.884167,0.837742,0.930591,0.812083,0.724454,0.899712,0.891667,0.842548,0.940786,0.0,0.0,0.0,0.0,0.0,0.0,0.0,0.0,0.0,0.0,0.0,0.0,0.0,0.0,0.0,0.0,0.0,0.0,0.0,0.0,0.0,0.0,0.0,0.0
