scenario_preset,actor_capability_level,overseer_capability_level,condition,run_id,all_pass_global_safe,all_pass_global_unsafe,some_fail_global_safe,some_fail_global_unsafe
forest_co_management,low_actor,limited_overseer,bottom_up_only,0,0.0415104166666666,0.008399150762432,0.8218800135278344,0.1282104190430671
forest_co_management,low_actor,strong_overseer,bottom_up_only,0,0.0415104166666666,0.008399150762432,0.8218800135278344,0.1282104190430671
forest_co_management,low_actor,weak_overseer,bottom_up_only,0,0.0415104166666666,0.008399150762432,0.8218800135278344,0.1282104190430671
forest_co_management,low_actor,limited_overseer,bottom_up_only,1,0.10494791666666659,0.0527289308583585,0.7508371040194838,0.0914860484554911
forest_co_management,low_actor,strong_overseer,bottom_up_only,1,0.10494791666666659,0.0527289308583585,0.7508371040194838,0.0914860484554911
forest_co_management,low_actor,weak_overseer,bottom_up_only,1,0.10494791666666659,0.0527289308583585,0.7508371040194838,0.0914860484554911
forest_co_management,low_actor,limited_overseer,bottom_up_only,2,0.023691406249999998,0.0111607330747955,0.7144756625030063,0.2506721981721982
forest_co_management,low_actor,strong_overseer,bottom_up_only,2,0.023691406249999998,0.0111607330747955,0.7144756625030063,0.2506721981721982
forest_co_management,low_actor,weak_overseer,bottom_up_only,2,0.023691406249999998,0.0111607330747955,0.7144756625030063,0.2506721981721982
forest_co_management,low_actor,limited_overseer,bottom_up_only,3,0.027278645833333302,0.0509454947540885,0.3664007657562345,0.5553750936563437
forest_co_management,low_actor,strong_overseer,bottom_up_only,3,0.027278645833333302,0.0509454947540885,0.3664007657562345,0.5553750936563437
forest_co_management,low_actor,weak_overseer,bottom_up_only,3,0.027278645833333302,0.0509454947540885,0.3664007657562345,0.5553750936563437
forest_co_management,low_actor,limited_overseer,bottom_up_only,4,0.1053125,0.0142664345316251,0.7222705036822701,0.1581505617861048
forest_co_management,low_actor,strong_overseer,bottom_up_only,4,0.1053125,0.0142664345316251,0.7222705036822701,0.1581505617861048
forest_co_management,low_actor,weak_overseer,bottom_up_only,4,0.1053125,0.0142664345316251,0.7222705036822701,0.1581505617861048
forest_co_management,high_actor,limited_overseer,bottom_up_only,0,0.006764322916666699,0.0064199840957653,0.8716781906111676,0.1151375023764004
forest_co_management,high_actor,strong_overseer,bottom_up_only,0,0.006764322916666699,0.0064199840957653,0.8716781906111676,0.1151375023764004
forest_co_management,high_actor,weak_overseer,bottom_up_only,0,0.006764322916666699,0.0064199840957653,0.8716781906111676,0.1151375023764004
forest_co_management,medium_actor,limited_overseer,bottom_up_only,0,0.06874999999999999,0.0084056611790986,0.7930063156111676,0.12983802320973378
forest_co_management,medium_actor,strong_overseer,bottom_up_only,0,0.06874999999999999,0.0084056611790986,0.7930063156111676,0.12983802320973378
forest_co_management,medium_actor,weak_overseer,bottom_up_only,0,0.06874999999999999,0.0084056611790986,0.7930063156111676,0.12983802320973378
forest_co_management,high_actor,limited_overseer,bottom_up_only,1,0.12658203125,0.0518304933583585,0.7410324165194837,0.08055505887215779
forest_co_management,high_actor,strong_overseer,bottom_up_only,1,0.12658203125,0.0518304933583585,0.7410324165194837,0.08055505887215779
forest_co_management,high_actor,weak_overseer,bottom_up_only,1,0.12658203125,0.0518304933583585,0.7410324165194837,0.08055505887215779
forest_co_management,medium_actor,limited_overseer,bottom_up_only,1,0.031126302083333297,0.0272601808583585,0.8232589790194837,0.11835453803882438
forest_co_management,medium_actor,strong_overseer,bottom_up_only,1,0.031126302083333297,0.0272601808583585,0.8232589790194837,0.11835453803882438
forest_co_management,medium_actor,weak_overseer,bottom_up_only,1,0.031126302083333297,0.0272601808583585,0.8232589790194837,0.11835453803882438
forest_co_management,high_actor,limited_overseer,bottom_up_only,2,0.006914062499999999,0.0051837484102356,0.7643922060737899,0.2235099830159745
forest_co_management,high_actor,strong_overseer,bottom_up_only,2,0.006914062499999999,0.0051837484102356,0.7643922060737899,0.2235099830159745
forest_co_management,high_actor,weak_overseer,bottom_up_only,2,0.006914062499999999,0.0051837484102356,0.7643922060737899,0.2235099830159745
forest_co_management,medium_actor,limited_overseer,bottom_up_only,2,0.0207421875,0.0065254197480759,0.7516048975619288,0.2211274951899952
forest_co_management,medium_actor,strong_overseer,bottom_up_only,2,0.0207421875,0.0065254197480759,0.7516048975619288,0.2211274951899952
forest_co_management,medium_actor,weak_overseer,bottom_up_only,2,0.0207421875,0.0065254197480759,0.7516048975619288,0.2211274951899952
forest_co_management,high_actor,limited_overseer,bottom_up_only,3,0.2084375,0.04763849938787,0.46849937929236807,0.27542462131976186
forest_co_management,high_actor,strong_overseer,bottom_up_only,3,0.2084375,0.04763849938787,0.46849937929236807,0.27542462131976186
forest_co_management,high_actor,weak_overseer,bottom_up_only,3,0.2084375,0.04763849938787,0.46849937929236807,0.27542462131976186
forest_co_management,medium_actor,limited_overseer,bottom_up_only,3,0.0309049479166666,0.0228993431337181,0.5991108161225351,0.34708489282708027
forest_co_management,medium_actor,strong_overseer,bottom_up_only,3,0.0309049479166666,0.0228993431337181,0.5991108161225351,0.34708489282708027
forest_co_management,medium_actor,weak_overseer,bottom_up_only,3,0.0309049479166666,0.0228993431337181,0.5991108161225351,0.34708489282708027
forest_co_management,high_actor,limited_overseer,bottom_up_only,4,0.09524088541666659,0.01376052751943,0.7040221233469043,0.18697646371699922
forest_co_management,high_actor,strong_overseer,bottom_up_only,4,0.09524088541666659,0.01376052751943,0.7040221233469043,0.18697646371699922
forest_co_management,high_actor,weak_overseer,bottom_up_only,4,0.09524088541666659,0.01376052751943,0.7040221233469043,0.18697646371699922
forest_co_management,medium_actor,limited_overseer,bottom_up_only,4,0.0732812500000001,0.0142162566860966,0.7637031129302374,0.14879938038366589
forest_co_management,medium_actor,strong_overseer,bottom_up_only,4,0.0732812500000001,0.0142162566860966,0.7637031129302374,0.14879938038366589
forest_co_management,medium_actor,weak_overseer,bottom_up_only,4,0.0732812500000001,0.0142162566860966,0.7637031129302374,0.14879938038366589
forest_co_management,low_actor,limited_overseer,hybrid,0,0.7314737718070243,0.0458350677047473,0.16080516711392515,0.06188599337430319
forest_co_management,low_actor,strong_overseer,hybrid,0,0.7766536458333332,0.0,0.22334635416666682,0.0
forest_co_management,low_actor,weak_overseer,hybrid,0,0.7260814442607322,0.0748306680076345,0.1358446430053885,0.06324324472624482
forest_co_management,low_actor,limited_overseer,hybrid,1,0.3348046875,0.0004947916666666,0.6365690104166667,0.0281315104166667
forest_co_management,low_actor,strong_overseer,hybrid,1,0.3049934895833333,0.0,0.6950065104166667,0.0
forest_co_management,low_actor,weak_overseer,hybrid,1,0.6608463541666667,0.0116015624999999,0.27146484375,0.056087239583333406
forest_co_management,low_actor,limited_overseer,hybrid,2,0.7218619791666668,0.0064388020833333,0.24517578124999992,0.026523437500000004
forest_co_management,low_actor,strong_overseer,hybrid,2,0.7972395833333333,0.0,0.20276041666666667,0.0
forest_co_management,low_actor,weak_overseer,hybrid,2,0.7377949719551283,0.0237151779235878,0.20021478304681417,0.0382750670744697
forest_co_management,low_actor,limited_overseer,hybrid,3,0.8436848958333334,0.028125,0.08431640625000004,0.04387369791666661
forest_co_management,low_actor,strong_overseer,hybrid,3,0.7865169270833333,0.0,0.21348307291666668,0.0
forest_co_management,low_actor,weak_overseer,hybrid,3,0.6044856770833333,0.0381134179766992,0.28682291666666676,0.0705779882733007
forest_co_management,low_actor,limited_overseer,hybrid,4,0.8103971354166667,0.0069075520833333,0.15490234375000003,0.027792968749999997
forest_co_management,low_actor,strong_overseer,hybrid,4,0.4848697916666667,0.0,0.5151302083333333,0.0
forest_co_management,low_actor,weak_overseer,hybrid,4,0.6908333333333334,0.029264576569264,0.22801432291666665,0.051887767180736
forest_co_management,high_actor,limited_overseer,hybrid,0,0.7540494791666666,0.0911783854166666,0.0876627604166668,0.06710937499999999
forest_co_management,high_actor,strong_overseer,hybrid,0,0.7804361979166667,0.0,0.21956380208333326,0.0
forest_co_management,high_actor,weak_overseer,hybrid,0,0.7562132957623837,0.0335933375463295,0.16427313112745115,0.0459202355638356
forest_co_management,medium_actor,limited_overseer,hybrid,0,0.714649584262356,0.0756047284350613,0.1400087603934411,0.0697369269091416
forest_co_management,medium_actor,strong_overseer,hybrid,0,0.7257226562499999,0.0,0.2742773437500001,0.0
forest_co_management,medium_actor,weak_overseer,hybrid,0,0.6932059415522749,0.101970771037646,0.12482114742761265,0.08000213998246651
forest_co_management,high_actor,limited_overseer,hybrid,1,0.7780208333333334,0.0257877604166666,0.13766927083333327,0.058522135416666704
forest_co_management,high_actor,strong_overseer,hybrid,1,0.6234830729166667,0.0,0.3765104166666666,6.510416666666667e-06
forest_co_management,high_actor,weak_overseer,hybrid,1,0.6654036458333334,0.0157291666666666,0.26630859374999993,0.05255859375000001
forest_co_management,medium_actor,limited_overseer,hybrid,1,0.7502669270833334,0.0291731770833333,0.16822265624999996,0.0523372395833333
forest_co_management,medium_actor,strong_overseer,hybrid,1,0.46619140625,0.0,0.53380859375,0.0
forest_co_management,medium_actor,weak_overseer,hybrid,1,0.8214088031045753,0.0272312078240387,0.11629222403923684,0.0350677650321492
forest_co_management,high_actor,limited_overseer,hybrid,2,0.6576106770833334,0.005,0.30514973958333325,0.0322395833333333
forest_co_management,high_actor,strong_overseer,hybrid,2,0.3761458333333333,0.0,0.6238541666666667,0.0
forest_co_management,high_actor,weak_overseer,hybrid,2,0.3038523489713869,0.0058918716060985,0.6708678825971177,0.0193878968253969
forest_co_management,medium_actor,limited_overseer,hybrid,2,0.6667578125,0.0,0.33259765625,0.00064453125
forest_co_management,medium_actor,strong_overseer,hybrid,2,0.6365690104166667,0.0,0.3634309895833333,0.0
forest_co_management,medium_actor,weak_overseer,hybrid,2,0.48716796875,0.0023254024621212,0.4457649827772926,0.0647416460105862
forest_co_management,high_actor,limited_overseer,hybrid,3,0.78580078125,0.033359375,0.14176287615740746,0.039076967592592604
forest_co_management,high_actor,strong_overseer,hybrid,3,0.7924414062500001,0.0,0.20755859374999985,0.0
forest_co_management,high_actor,weak_overseer,hybrid,3,0.5029752604166668,0.0089937709859584,0.4624999999999998,0.025530968597374897
forest_co_management,medium_actor,limited_overseer,hybrid,3,0.8569662438840391,0.0180441334353332,0.09193218690163465,0.0330574357789931
forest_co_management,medium_actor,strong_overseer,hybrid,3,0.7922330729166667,0.0,0.20776692708333333,0.0
forest_co_management,medium_actor,weak_overseer,hybrid,3,0.6841927083333333,0.0217021043192918,0.2417838541666667,0.052321333180708196
forest_co_management,high_actor,limited_overseer,hybrid,4,0.68458984375,0.0066927083333333,0.28432942708333336,0.024388020833333298
forest_co_management,high_actor,strong_overseer,hybrid,4,0.07869140625,0.0,0.92130859375,0.0
forest_co_management,high_actor,weak_overseer,hybrid,4,0.52251953125,0.0060026041666666,0.4623828125000001,0.009095052083333301
forest_co_management,medium_actor,limited_overseer,hybrid,4,0.6785416666666667,0.0050585937499999,0.2972656249999999,0.0191341145833334
forest_co_management,medium_actor,strong_overseer,hybrid,4,0.8044856770833334,0.0,0.19550781249999993,6.510416666666667e-06
forest_co_management,medium_actor,weak_overseer,hybrid,4,0.6414192708333334,0.0215950520833333,0.2982421875,0.038743489583333304
forest_co_management,low_actor,limited_overseer,none,0,0.031182908180740203,0.0170659585642857,0.7116097378343367,0.24014139542063742
forest_co_management,low_actor,strong_overseer,none,0,0.031182908180740203,0.0170659585642857,0.7116097378343367,0.24014139542063742
forest_co_management,low_actor,weak_overseer,none,0,0.031182908180740203,0.0170659585642857,0.7116097378343367,0.24014139542063742
forest_co_management,low_actor,limited_overseer,none,1,0.052278645833333304,0.0079025035028324,0.7693675067161547,0.1704513439476796
forest_co_management,low_actor,strong_overseer,none,1,0.052278645833333304,0.0079025035028324,0.7693675067161547,0.1704513439476796
forest_co_management,low_actor,weak_overseer,none,1,0.052278645833333304,0.0079025035028324,0.7693675067161547,0.1704513439476796
forest_co_management,low_actor,limited_overseer,none,2,0.0509897028636271,0.0265990667364787,0.6357165089016804,0.2866947214982138
forest_co_management,low_actor,strong_overseer,none,2,0.0509897028636271,0.0265990667364787,0.6357165089016804,0.2866947214982138
forest_co_management,low_actor,weak_overseer,none,2,0.0509897028636271,0.0265990667364787,0.6357165089016804,0.2866947214982138
forest_co_management,low_actor,limited_overseer,none,3,0.010846354166666697,0.0383639237808484,0.26017177933355073,0.6906179427189342
forest_co_management,low_actor,strong_overseer,none,3,0.010846354166666697,0.0383639237808484,0.26017177933355073,0.6906179427189342
forest_co_management,low_actor,weak_overseer,none,3,0.010846354166666697,0.0383639237808484,0.26017177933355073,0.6906179427189342
forest_co_management,low_actor,limited_overseer,none,4,0.08379095659113028,0.1572482548599304,0.489946066104491,0.26901472244444835
forest_co_management,low_actor,strong_overseer,none,4,0.08379095659113028,0.1572482548599304,0.489946066104491,0.26901472244444835
forest_co_management,low_actor,weak_overseer,none,4,0.08379095659113028,0.1572482548599304,0.489946066104491,0.26901472244444835
forest_co_management,high_actor,limited_overseer,none,0,0.12817708333333339,0.013112371314418,0.7038106642089859,0.1548998811432627
forest_co_management,high_actor,strong_overseer,none,0,0.12817708333333339,0.013112371314418,0.7038106642089859,0.1548998811432627
forest_co_management,high_actor,weak_overseer,none,0,0.12817708333333339,0.013112371314418,0.7038106642089859,0.1548998811432627
forest_co_management,medium_actor,limited_overseer,none,0,0.0599772019585635,0.0339123091768012,0.6647941110197932,0.241316377844842
forest_co_management,medium_actor,strong_overseer,none,0,0.0599772019585635,0.0339123091768012,0.6647941110197932,0.241316377844842
forest_co_management,medium_actor,weak_overseer,none,0,0.0599772019585635,0.0339123091768012,0.6647941110197932,0.241316377844842
forest_co_management,high_actor,limited_overseer,none,1,0.0916536458333333,0.0043197775078295,0.7506864785106054,0.1533400981482318
forest_co_management,high_actor,strong_overseer,none,1,0.0916536458333333,0.0043197775078295,0.7506864785106054,0.1533400981482318
forest_co_management,high_actor,weak_overseer,none,1,0.0916536458333333,0.0043197775078295,0.7506864785106054,0.1533400981482318
forest_co_management,medium_actor,limited_overseer,none,1,0.004453125,0.0032410451694991,0.8196279233828212,0.17267790644767958
forest_co_management,medium_actor,strong_overseer,none,1,0.004453125,0.0032410451694991,0.8196279233828212,0.17267790644767958
forest_co_management,medium_actor,weak_overseer,none,1,0.004453125,0.0032410451694991,0.8196279233828212,0.17267790644767958
forest_co_management,high_actor,limited_overseer,none,2,0.034192691446155304,0.0221368643366268,0.6801755751079618,0.26349486910925607
forest_co_management,high_actor,strong_overseer,none,2,0.034192691446155304,0.0221368643366268,0.6801755751079618,0.26349486910925607
forest_co_management,high_actor,weak_overseer,none,2,0.034192691446155304,0.0221368643366268,0.6801755751079618,0.26349486910925607
forest_co_management,medium_actor,limited_overseer,none,2,0.0271419270833333,0.0219709794247528,0.6431399908429426,0.3077471026489713
forest_co_management,medium_actor,strong_overseer,none,2,0.0271419270833333,0.0219709794247528,0.6431399908429426,0.3077471026489713
forest_co_management,medium_actor,weak_overseer,none,2,0.0271419270833333,0.0219709794247528,0.6431399908429426,0.3077471026489713
forest_co_management,high_actor,limited_overseer,none,3,0.12147786458333332,0.033164272030947,0.5634691027353548,0.2818887606503649
forest_co_management,high_actor,strong_overseer,none,3,0.12147786458333332,0.033164272030947,0.5634691027353548,0.2818887606503649
forest_co_management,high_actor,weak_overseer,none,3,0.12147786458333332,0.033164272030947,0.5634691027353548,0.2818887606503649
forest_co_management,medium_actor,limited_overseer,none,3,0.0038997395833332976,0.027208342316932,0.662995682286164,0.3058962358135707
forest_co_management,medium_actor,strong_overseer,none,3,0.0038997395833332976,0.027208342316932,0.662995682286164,0.3058962358135707
forest_co_management,medium_actor,weak_overseer,none,3,0.0038997395833332976,0.027208342316932,0.662995682286164,0.3058962358135707
forest_co_management,high_actor,limited_overseer,none,4,0.0922457375537793,0.0884296252156617,0.6132350193192989,0.2060896179112601
forest_co_management,high_actor,strong_overseer,none,4,0.0922457375537793,0.0884296252156617,0.6132350193192989,0.2060896179112601
forest_co_management,high_actor,weak_overseer,none,4,0.0922457375537793,0.0884296252156617,0.6132350193192989,0.2060896179112601
forest_co_management,medium_actor,limited_overseer,none,4,0.1440536876223955,0.1195718401929522,0.5218763142039535,0.21449815798069888
forest_co_management,medium_actor,strong_overseer,none,4,0.1440536876223955,0.1195718401929522,0.5218763142039535,0.21449815798069888
forest_co_management,medium_actor,weak_overseer,none,4,0.1440536876223955,0.1195718401929522,0.5218763142039535,0.21449815798069888
forest_co_management,low_actor,limited_overseer,top_down_only,0,0.7596809895833334,0.0625,0.1092903645833333,0.06852864583333329
forest_co_management,low_actor,strong_overseer,top_down_only,0,0.1517903645833333,0.0,0.8482096354166667,0.0
forest_co_management,low_actor,weak_overseer,top_down_only,0,0.8294661458333334,0.0285416666666666,0.08700520833333328,0.0549869791666667
forest_co_management,low_actor,limited_overseer,top_down_only,1,0.8049283854166668,0.0079036458333333,0.15869140624999997,0.028476562500000004
forest_co_management,low_actor,strong_overseer,top_down_only,1,0.7867838541666666,0.0,0.2132096354166667,6.510416666666667e-06
forest_co_management,low_actor,weak_overseer,top_down_only,1,0.80404296875,0.0884233913777499,0.060436197916666656,0.04709744195558341
forest_co_management,low_actor,limited_overseer,top_down_only,2,0.8011067708333333,0.0059765625,0.16791015625000014,0.0250065104166666
forest_co_management,low_actor,strong_overseer,top_down_only,2,0.7956966145833335,0.0,0.20430338541666648,0.0
forest_co_management,low_actor,weak_overseer,top_down_only,2,0.7894401041666667,0.0353450520833333,0.12263020833333348,0.052584635416666595
forest_co_management,low_actor,limited_overseer,top_down_only,3,0.8302213541666665,0.0249609375,0.09532552083333352,0.04949218749999999
forest_co_management,low_actor,strong_overseer,top_down_only,3,0.7882356770833335,0.0,0.21176432291666647,0.0
forest_co_management,low_actor,weak_overseer,top_down_only,3,0.7753059895833331,0.0988729253963629,0.059878077651515385,0.0659430073687886
forest_co_management,low_actor,limited_overseer,top_down_only,4,0.8131119791666668,0.0244335937499999,0.10606119791666666,0.0563932291666667
forest_co_management,low_actor,strong_overseer,top_down_only,4,0.8023372395833335,0.0,0.19765624999999987,6.510416666666667e-06
forest_co_management,low_actor,weak_overseer,top_down_only,4,0.8089973958333333,0.0356432911706349,0.09978515625000009,0.055574156746031694
forest_co_management,high_actor,limited_overseer,top_down_only,0,0.7390169270833334,0.0834635416666666,0.10449869791666667,0.0730208333333333
forest_co_management,high_actor,strong_overseer,top_down_only,0,0.2052083333333333,0.0,0.7947916666666667,0.0
forest_co_management,high_actor,weak_overseer,top_down_only,0,0.8095898437499999,0.0606478716595904,0.05787109375000013,0.0718911908404096
forest_co_management,medium_actor,limited_overseer,top_down_only,0,0.7589713541666667,0.0607682291666666,0.11619140624999999,0.06406901041666671
forest_co_management,medium_actor,strong_overseer,top_down_only,0,0.7890364583333332,0.0,0.21096354166666675,0.0
forest_co_management,medium_actor,weak_overseer,top_down_only,0,0.8237577875797448,0.0610692969996012,0.04806402844231791,0.06710888697833609
forest_co_management,high_actor,limited_overseer,top_down_only,1,0.8246158854166669,0.02935546875,0.09293619791666659,0.053092447916666605
forest_co_management,high_actor,strong_overseer,top_down_only,1,0.4187109375,0.0,0.5812825520833333,6.510416666666667e-06
forest_co_management,high_actor,weak_overseer,top_down_only,1,0.771341145833333,0.0660481770833333,0.08414062500000036,0.0784700520833333
forest_co_management,medium_actor,limited_overseer,top_down_only,1,0.8079166666666666,0.0316536458333333,0.10816406250000009,0.052265624999999996
forest_co_management,medium_actor,strong_overseer,top_down_only,1,0.26154296875,0.0,0.7384570312500001,0.0
forest_co_management,medium_actor,weak_overseer,top_down_only,1,0.7609960937499999,0.0780859375,0.08004557291666677,0.08087239583333332
forest_co_management,high_actor,limited_overseer,top_down_only,2,0.3992903645833334,0.0032747395833333,0.5228793025362318,0.0745555932971015
forest_co_management,high_actor,strong_overseer,top_down_only,2,0.6368098958333335,0.0,0.3631901041666665,0.0
forest_co_management,high_actor,weak_overseer,top_down_only,2,0.8122874136155387,0.0639428321264258,0.0794844498946061,0.044285304363429395
forest_co_management,medium_actor,limited_overseer,top_down_only,2,0.7884765624999999,0.0744466145833333,0.08746744791666679,0.049609375
forest_co_management,medium_actor,strong_overseer,top_down_only,2,0.31912109375,0.0,0.68087890625,0.0
forest_co_management,medium_actor,weak_overseer,top_down_only,2,0.8357629953022876,0.0473650026614181,0.07421959716651824,0.042652404869776096
forest_co_management,high_actor,limited_overseer,top_down_only,3,0.7893619791666666,0.0661848958333333,0.07942708333333347,0.0650260416666666
forest_co_management,high_actor,strong_overseer,top_down_only,3,0.7925325520833333,0.0,0.20746744791666671,0.0
forest_co_management,high_actor,weak_overseer,top_down_only,3,0.7731119791666666,0.0752336024796962,0.05314630681818182,0.09850811153545531
forest_co_management,medium_actor,limited_overseer,top_down_only,3,0.8579166666666669,0.045078125,0.053652343749999845,0.0433528645833333
forest_co_management,medium_actor,strong_overseer,top_down_only,3,0.7931770833333335,0.0,0.20682291666666652,0.0
forest_co_management,medium_actor,weak_overseer,top_down_only,3,0.7555598958333334,0.0781112066463629,0.07847833806818189,0.08785055945212189
forest_co_management,high_actor,limited_overseer,top_down_only,4,0.7795182291666669,0.072578125,0.07790364583333315,0.07
forest_co_management,high_actor,strong_overseer,top_down_only,4,0.7998242187500001,0.0,0.2001757812499999,0.0
forest_co_management,high_actor,weak_overseer,top_down_only,4,0.7548437499999999,0.0574141245039682,0.11248046875000005,0.07526165674603182
forest_co_management,medium_actor,limited_overseer,top_down_only,4,0.85625,0.0360221354166666,0.06815104166666669,0.0395768229166667
forest_co_management,medium_actor,strong_overseer,top_down_only,4,0.8029427083333335,0.0,0.19705078124999986,6.510416666666667e-06
forest_co_management,medium_actor,weak_overseer,top_down_only,4,0.8087473176544169,0.0677229177449965,0.05652452930900623,0.0670052352915804
community_irrigation,low_actor,limited_overseer,bottom_up_only,0,0.00115234375,0.0,0.9773437500000001,0.02150390625
community_irrigation,low_actor,strong_overseer,bottom_up_only,0,0.00115234375,0.0,0.9773437500000001,0.02150390625
community_irrigation,low_actor,weak_overseer,bottom_up_only,0,0.00115234375,0.0,0.9773437500000001,0.02150390625
community_irrigation,low_actor,limited_overseer,bottom_up_only,1,0.033144531250000095,0.0001367187499999,0.9122981770833333,0.054420572916666694
community_irrigation,low_actor,strong_overseer,bottom_up_only,1,0.033144531250000095,0.0001367187499999,0.9122981770833333,0.054420572916666694
community_irrigation,low_actor,weak_overseer,bottom_up_only,1,0.033144531250000095,0.0001367187499999,0.9122981770833333,0.054420572916666694
community_irrigation,low_actor,limited_overseer,bottom_up_only,2,0.0070377604166666,0.0,0.9836458333333334,0.00931640625
community_irrigation,low_actor,strong_overseer,bottom_up_only,2,0.0070377604166666,0.0,0.9836458333333334,0.00931640625
community_irrigation,low_actor,weak_overseer,bottom_up_only,2,0.0070377604166666,0.0,0.9836458333333334,0.00931640625
community_irrigation,low_actor,limited_overseer,bottom_up_only,3,0.00068359375,0.0016796875,0.7889713541666667,0.2086653645833333
community_irrigation,low_actor,strong_overseer,bottom_up_only,3,0.00068359375,0.0016796875,0.7889713541666667,0.2086653645833333
community_irrigation,low_actor,weak_overseer,bottom_up_only,3,0.00068359375,0.0016796875,0.7889713541666667,0.2086653645833333
community_irrigation,low_actor,limited_overseer,bottom_up_only,4,0.0009179687500000001,0.0001106770833333,0.8735937500000001,0.1253776041666667
community_irrigation,low_actor,strong_overseer,bottom_up_only,4,0.0009179687500000001,0.0001106770833333,0.8735937500000001,0.1253776041666667
community_irrigation,low_actor,weak_overseer,bottom_up_only,4,0.0009179687500000001,0.0001106770833333,0.8735937500000001,0.1253776041666667
community_irrigation,high_actor,limited_overseer,bottom_up_only,0,0.0011783854166667002,0.0001041666666666,0.9713997395833333,0.0273177083333334
community_irrigation,high_actor,strong_overseer,bottom_up_only,0,0.0011783854166667002,0.0001041666666666,0.9713997395833333,0.0273177083333334
community_irrigation,high_actor,weak_overseer,bottom_up_only,0,0.0011783854166667002,0.0001041666666666,0.9713997395833333,0.0273177083333334
community_irrigation,medium_actor,limited_overseer,bottom_up_only,0,0.0063671875,0.0,0.9729557291666667,0.0206770833333333
community_irrigation,medium_actor,strong_overseer,bottom_up_only,0,0.0063671875,0.0,0.9729557291666667,0.0206770833333333
community_irrigation,medium_actor,weak_overseer,bottom_up_only,0,0.0063671875,0.0,0.9729557291666667,0.0206770833333333
community_irrigation,high_actor,limited_overseer,bottom_up_only,1,0.0120052083333333,0.0,0.9395572916666667,0.0484375
community_irrigation,high_actor,strong_overseer,bottom_up_only,1,0.0120052083333333,0.0,0.9395572916666667,0.0484375
community_irrigation,high_actor,weak_overseer,bottom_up_only,1,0.0120052083333333,0.0,0.9395572916666667,0.0484375
community_irrigation,medium_actor,limited_overseer,bottom_up_only,1,0.0165559895833333,0.0,0.9385026041666669,0.0449414062499999
community_irrigation,medium_actor,strong_overseer,bottom_up_only,1,0.0165559895833333,0.0,0.9385026041666669,0.0449414062499999
community_irrigation,medium_actor,weak_overseer,bottom_up_only,1,0.0165559895833333,0.0,0.9385026041666669,0.0449414062499999
community_irrigation,high_actor,limited_overseer,bottom_up_only,2,0.0099869791666666,0.0,0.9812890625000001,0.0087239583333333
community_irrigation,high_actor,strong_overseer,bottom_up_only,2,0.0099869791666666,0.0,0.9812890625000001,0.0087239583333333
community_irrigation,high_actor,weak_overseer,bottom_up_only,2,0.0099869791666666,0.0,0.9812890625000001,0.0087239583333333
community_irrigation,medium_actor,limited_overseer,bottom_up_only,2,0.0044140625,0.0089583333333333,0.8897916666666668,0.0968359375
community_irrigation,medium_actor,strong_overseer,bottom_up_only,2,0.0044140625,0.0089583333333333,0.8897916666666668,0.0968359375
community_irrigation,medium_actor,weak_overseer,bottom_up_only,2,0.0044140625,0.0089583333333333,0.8897916666666668,0.0968359375
community_irrigation,high_actor,limited_overseer,bottom_up_only,3,9.765625000000009e-05,0.0011328125,0.9600065104166667,0.0387630208333333
community_irrigation,high_actor,strong_overseer,bottom_up_only,3,9.765625000000009e-05,0.0011328125,0.9600065104166667,0.0387630208333333
community_irrigation,high_actor,weak_overseer,bottom_up_only,3,9.765625000000009e-05,0.0011328125,0.9600065104166667,0.0387630208333333
community_irrigation,medium_actor,limited_overseer,bottom_up_only,3,0.0206640624999999,0.0011328125,0.9378841145833334,0.040319010416666606
community_irrigation,medium_actor,strong_overseer,bottom_up_only,3,0.0206640624999999,0.0011328125,0.9378841145833334,0.040319010416666606
community_irrigation,medium_actor,weak_overseer,bottom_up_only,3,0.0206640624999999,0.0011328125,0.9378841145833334,0.040319010416666606
community_irrigation,high_actor,limited_overseer,bottom_up_only,4,0.00171875,0.0,0.9915039062500001,0.0067773437499999
community_irrigation,high_actor,strong_overseer,bottom_up_only,4,0.00171875,0.0,0.9915039062500001,0.0067773437499999
community_irrigation,high_actor,weak_overseer,bottom_up_only,4,0.00171875,0.0,0.9915039062500001,0.0067773437499999
community_irrigation,medium_actor,limited_overseer,bottom_up_only,4,0.0001302083333333,0.0,0.96115234375,0.0387174479166666
community_irrigation,medium_actor,strong_overseer,bottom_up_only,4,0.0001302083333333,0.0,0.96115234375,0.0387174479166666
community_irrigation,medium_actor,weak_overseer,bottom_up_only,4,0.0001302083333333,0.0,0.96115234375,0.0387174479166666
community_irrigation,low_actor,limited_overseer,hybrid,0,0.6458593750000001,0.0040885416666666,0.28137369791666655,0.0686783854166667
community_irrigation,low_actor,strong_overseer,hybrid,0,0.3800781249999999,0.0,0.6199218750000002,0.0
community_irrigation,low_actor,weak_overseer,hybrid,0,0.55197265625,0.0071940104166666,0.3993619791666667,0.0414713541666667
community_irrigation,low_actor,limited_overseer,hybrid,1,0.3942317708333333,3.906250000000001e-05,0.5962565104166666,0.009472656250000001
community_irrigation,low_actor,strong_overseer,hybrid,1,0.3023177083333334,0.0,0.6976822916666666,0.0
community_irrigation,low_actor,weak_overseer,hybrid,1,0.6314127604166668,0.0051171874999999,0.3445182291666666,0.0189518229166667
community_irrigation,low_actor,limited_overseer,hybrid,2,0.6637304687500002,0.0024609375,0.2749479166666665,0.0588606770833333
community_irrigation,low_actor,strong_overseer,hybrid,2,0.6379752604166667,0.0,0.36202473958333325,0.0
community_irrigation,low_actor,weak_overseer,hybrid,2,0.6102278645833333,0.0258723958333333,0.2951236979166666,0.0687760416666667
community_irrigation,low_actor,limited_overseer,hybrid,3,0.6825260416666669,0.0,0.3129231770833331,0.00455078125
community_irrigation,low_actor,strong_overseer,hybrid,3,0.6252669270833333,0.0,0.3747330729166667,0.0
community_irrigation,low_actor,weak_overseer,hybrid,3,0.48202473958333336,0.0009895833333333,0.510703125,0.006282552083333301
community_irrigation,low_actor,limited_overseer,hybrid,4,0.5503385416666666,0.0001432291666666,0.4316666666666667,0.0178515625
community_irrigation,low_actor,strong_overseer,hybrid,4,0.6299153645833333,0.0,0.3700846354166667,0.0
community_irrigation,low_actor,weak_overseer,hybrid,4,0.6206054687499999,0.0144270833333333,0.3232356770833335,0.0417317708333333
community_irrigation,high_actor,limited_overseer,hybrid,0,0.6491601562499999,0.0040364583333333,0.2782747395833335,0.0685286458333333
community_irrigation,high_actor,strong_overseer,hybrid,0,0.3308984375,0.0,0.6691015625000001,0.0
community_irrigation,high_actor,weak_overseer,hybrid,0,0.669375,0.0437319155092592,0.2346354166666667,0.052257667824074094
community_irrigation,medium_actor,limited_overseer,hybrid,0,0.2955729166666667,0.0024153645833333,0.6411393229166666,0.0608723958333333
community_irrigation,medium_actor,strong_overseer,hybrid,0,0.1499609374999999,0.0,0.8500390625,0.0
community_irrigation,medium_actor,weak_overseer,hybrid,0,0.5807682291666667,0.0231770833333333,0.33260416666666665,0.0634505208333333
community_irrigation,high_actor,limited_overseer,hybrid,1,0.5155013020833334,0.0008658854166666,0.4340885416666666,0.0495442708333334
community_irrigation,high_actor,strong_overseer,hybrid,1,0.3370377604166666,0.0,0.6629622395833334,0.0
community_irrigation,high_actor,weak_overseer,hybrid,1,0.6186002604166666,0.0615690104166666,0.25016276041666674,0.06966796875
community_irrigation,medium_actor,limited_overseer,hybrid,1,0.7085611979166666,0.00396484375,0.22279296875000015,0.06468098958333329
community_irrigation,medium_actor,strong_overseer,hybrid,1,0.6583268229166667,0.0,0.34167317708333333,0.0
community_irrigation,medium_actor,weak_overseer,hybrid,1,0.6511783854166667,0.0188541666666666,0.27453125,0.055436197916666693
community_irrigation,high_actor,limited_overseer,hybrid,2,0.4079296875,0.0,0.5920572916666667,1.3020833333333334e-05
community_irrigation,high_actor,strong_overseer,hybrid,2,0.2199153645833333,0.0,0.7800846354166667,0.0
community_irrigation,high_actor,weak_overseer,hybrid,2,0.39397786458333334,1.9531250000000004e-05,0.60091796875,0.0050846354166666
community_irrigation,medium_actor,limited_overseer,hybrid,2,0.5632486979166668,0.0034765625,0.3754947916666667,0.057779947916666595
community_irrigation,medium_actor,strong_overseer,hybrid,2,0.2454947916666667,0.0,0.7545052083333332,0.0
community_irrigation,medium_actor,weak_overseer,hybrid,2,0.42379557291666664,0.0065104166666666,0.5153255208333335,0.0543684895833333
community_irrigation,high_actor,limited_overseer,hybrid,3,0.7255924479166668,0.0054687499999999,0.2027864583333333,0.06615234375000001
community_irrigation,high_actor,strong_overseer,hybrid,3,0.2753385416666666,0.0,0.7246614583333334,0.0
community_irrigation,high_actor,weak_overseer,hybrid,3,0.7340494791666666,0.0270572916666666,0.18741536458333335,0.0514778645833334
community_irrigation,medium_actor,limited_overseer,hybrid,3,0.6523307291666669,0.0004752604166666,0.31968098958333313,0.0275130208333334
community_irrigation,medium_actor,strong_overseer,hybrid,3,0.6524283854166666,0.0,0.3475716145833334,0.0
community_irrigation,medium_actor,weak_overseer,hybrid,3,0.7721977306547619,0.0439888981099918,0.1441592261904761,0.0396541450447701
community_irrigation,high_actor,limited_overseer,hybrid,4,0.67125,0.00224609375,0.27041015625000003,0.056093750000000005
community_irrigation,high_actor,strong_overseer,hybrid,4,0.30779296875,0.0,0.6922070312499999,0.0
community_irrigation,high_actor,weak_overseer,hybrid,4,0.3744791666666667,0.0001041666666666,0.6126041666666667,0.012812500000000001
community_irrigation,medium_actor,limited_overseer,hybrid,4,0.6933593749999999,0.00513671875,0.2251562500000001,0.07634765624999999
community_irrigation,medium_actor,strong_overseer,hybrid,4,0.6825911458333334,0.0,0.31740885416666664,0.0
community_irrigation,medium_actor,weak_overseer,hybrid,4,0.55861328125,0.0020638020833333,0.41892578124999996,0.0203971354166667
community_irrigation,low_actor,limited_overseer,none,0,0.0016731770833333,5.859375000000001e-05,0.9380143229166668,0.0602539062499999
community_irrigation,low_actor,strong_overseer,none,0,0.0016731770833333,5.859375000000001e-05,0.9380143229166668,0.0602539062499999
community_irrigation,low_actor,weak_overseer,none,0,0.0016731770833333,5.859375000000001e-05,0.9380143229166668,0.0602539062499999
community_irrigation,low_actor,limited_overseer,none,1,0.0083528645833333,0.0,0.9380092231571987,0.053637912259468
community_irrigation,low_actor,strong_overseer,none,1,0.0083528645833333,0.0,0.9380092231571987,0.053637912259468
community_irrigation,low_actor,weak_overseer,none,1,0.0083528645833333,0.0,0.9380092231571987,0.053637912259468
community_irrigation,low_actor,limited_overseer,none,2,0.012252604166666601,0.0008138020833333,0.9265429687500001,0.060390624999999996
community_irrigation,low_actor,strong_overseer,none,2,0.012252604166666601,0.0008138020833333,0.9265429687500001,0.060390624999999996
community_irrigation,low_actor,weak_overseer,none,2,0.012252604166666601,0.0008138020833333,0.9265429687500001,0.060390624999999996
community_irrigation,low_actor,limited_overseer,none,3,8.463541666659999e-05,3.906250000000001e-05,0.6240950520833335,0.37578124999999996
community_irrigation,low_actor,strong_overseer,none,3,8.463541666659999e-05,3.906250000000001e-05,0.6240950520833335,0.37578124999999996
community_irrigation,low_actor,weak_overseer,none,3,8.463541666659999e-05,3.906250000000001e-05,0.6240950520833335,0.37578124999999996
community_irrigation,low_actor,limited_overseer,none,4,0.0073177083333333,0.0,0.9089192708333333,0.0837630208333333
community_irrigation,low_actor,strong_overseer,none,4,0.0073177083333333,0.0,0.9089192708333333,0.0837630208333333
community_irrigation,low_actor,weak_overseer,none,4,0.0073177083333333,0.0,0.9089192708333333,0.0837630208333333
community_irrigation,high_actor,limited_overseer,none,0,0.0083984375,5.859375000000001e-05,0.9332421875000001,0.0583007812499999
community_irrigation,high_actor,strong_overseer,none,0,0.0083984375,5.859375000000001e-05,0.9332421875000001,0.0583007812499999
community_irrigation,high_actor,weak_overseer,none,0,0.0083984375,5.859375000000001e-05,0.9332421875000001,0.0583007812499999
community_irrigation,medium_actor,limited_overseer,none,0,0.0042708333333333,5.859375000000001e-05,0.9373828125000001,0.0582877604166666
community_irrigation,medium_actor,strong_overseer,none,0,0.0042708333333333,5.859375000000001e-05,0.9373828125000001,0.0582877604166666
community_irrigation,medium_actor,weak_overseer,none,0,0.0042708333333333,5.859375000000001e-05,0.9373828125000001,0.0582877604166666
community_irrigation,high_actor,limited_overseer,none,1,0.0040234375,0.0,0.9366810981571987,0.0592954643428013
community_irrigation,high_actor,strong_overseer,none,1,0.0040234375,0.0,0.9366810981571987,0.0592954643428013
community_irrigation,high_actor,weak_overseer,none,1,0.0040234375,0.0,0.9366810981571987,0.0592954643428013
community_irrigation,medium_actor,limited_overseer,none,1,0.00019531249999993333,6.510416666666667e-06,0.9335300564905321,0.06626812059280134
community_irrigation,medium_actor,strong_overseer,none,1,0.00019531249999993333,6.510416666666667e-06,0.9335300564905321,0.06626812059280134
community_irrigation,medium_actor,weak_overseer,none,1,0.00019531249999993333,6.510416666666667e-06,0.9335300564905321,0.06626812059280134
community_irrigation,high_actor,limited_overseer,none,2,0.0016992187500000002,0.0006966145833333,0.946484375,0.051119791666666595
community_irrigation,high_actor,strong_overseer,none,2,0.0016992187500000002,0.0006966145833333,0.946484375,0.051119791666666595
community_irrigation,high_actor,weak_overseer,none,2,0.0016992187500000002,0.0006966145833333,0.946484375,0.051119791666666595
community_irrigation,medium_actor,limited_overseer,none,2,0.0005078124999999999,0.000625,0.9463476562500001,0.05251953125
community_irrigation,medium_actor,strong_overseer,none,2,0.0005078124999999999,0.000625,0.9463476562500001,0.05251953125
community_irrigation,medium_actor,weak_overseer,none,2,0.0005078124999999999,0.000625,0.9463476562500001,0.05251953125
community_irrigation,high_actor,limited_overseer,none,3,0.0002864583333333,0.0,0.9360091145833334,0.0637044270833333
community_irrigation,high_actor,strong_overseer,none,3,0.0002864583333333,0.0,0.9360091145833334,0.0637044270833333
community_irrigation,high_actor,weak_overseer,none,3,0.0002864583333333,0.0,0.9360091145833334,0.0637044270833333
community_irrigation,medium_actor,limited_overseer,none,3,0.0043098958333333,0.0,0.9286979166666667,0.0669921875
community_irrigation,medium_actor,strong_overseer,none,3,0.0043098958333333,0.0,0.9286979166666667,0.0669921875
community_irrigation,medium_actor,weak_overseer,none,3,0.0043098958333333,0.0,0.9286979166666667,0.0669921875
community_irrigation,high_actor,limited_overseer,none,4,0.0,0.0,0.93767578125,0.06232421875
community_irrigation,high_actor,strong_overseer,none,4,0.0,0.0,0.93767578125,0.06232421875
community_irrigation,high_actor,weak_overseer,none,4,0.0,0.0,0.93767578125,0.06232421875
community_irrigation,medium_actor,limited_overseer,none,4,6.510416666666667e-06,0.0,0.9244205729166668,0.0755729166666666
community_irrigation,medium_actor,strong_overseer,none,4,6.510416666666667e-06,0.0,0.9244205729166668,0.0755729166666666
community_irrigation,medium_actor,weak_overseer,none,4,6.510416666666667e-06,0.0,0.9244205729166668,0.0755729166666666
community_irrigation,low_actor,limited_overseer,top_down_only,0,0.7133789062500001,0.00693359375,0.21235026041666658,0.0673372395833333
community_irrigation,low_actor,strong_overseer,top_down_only,0,0.6843880208333333,0.0,0.3156119791666667,0.0
community_irrigation,low_actor,weak_overseer,top_down_only,0,0.7173567708333335,0.01396484375,0.19618489583333326,0.0724934895833333
community_irrigation,low_actor,limited_overseer,top_down_only,1,0.3216601562500001,0.0005468749999999,0.6512434895833333,0.0265494791666667
community_irrigation,low_actor,strong_overseer,top_down_only,1,0.2540364583333333,0.0,0.7459635416666667,0.0
community_irrigation,low_actor,weak_overseer,top_down_only,1,0.7312109375000001,0.0160286458333333,0.21676432291666659,0.03599609375
community_irrigation,low_actor,limited_overseer,top_down_only,2,0.7008528645833334,9.765625000000002e-05,0.2837369791666666,0.0153125
community_irrigation,low_actor,strong_overseer,top_down_only,2,0.69708984375,0.0,0.30291015624999995,0.0
community_irrigation,low_actor,weak_overseer,top_down_only,2,0.71587890625,0.009609375,0.23371093750000002,0.04080078125
community_irrigation,low_actor,limited_overseer,top_down_only,3,0.7540299479166667,1.3020833333333334e-05,0.24142578125000003,0.004531249999999967
community_irrigation,low_actor,strong_overseer,top_down_only,3,0.4241015625,0.0,0.5758984375,0.0
community_irrigation,low_actor,weak_overseer,top_down_only,3,0.7612500000000002,0.0051953124999999,0.21024088541666647,0.0233138020833334
community_irrigation,low_actor,limited_overseer,top_down_only,4,0.7244401041666667,0.000703125,0.24126953124999997,0.0335872395833333
community_irrigation,low_actor,strong_overseer,top_down_only,4,0.5442838541666667,0.0,0.4557161458333333,0.0
community_irrigation,low_actor,weak_overseer,top_down_only,4,0.7398307291666668,0.0344205729166666,0.17778645833333323,0.0479622395833334
community_irrigation,high_actor,limited_overseer,top_down_only,0,0.7326692708333333,0.0091341145833333,0.1892252604166666,0.0689713541666667
community_irrigation,high_actor,strong_overseer,top_down_only,0,0.6894661458333334,0.0,0.31053385416666657,0.0
community_irrigation,high_actor,weak_overseer,top_down_only,0,0.7485156250000001,0.0538997395833333,0.1540169270833333,0.0435677083333333
community_irrigation,medium_actor,limited_overseer,top_down_only,0,0.66970703125,0.009609375,0.2388997395833334,0.0817838541666666
community_irrigation,medium_actor,strong_overseer,top_down_only,0,0.68740234375,0.0,0.31259765625,0.0
community_irrigation,medium_actor,weak_overseer,top_down_only,0,0.7463346354166668,0.063596709280303,0.13888849431818168,0.0511801609848485
community_irrigation,high_actor,limited_overseer,top_down_only,1,0.5758072916666668,0.0014322916666666,0.36222005208333324,0.0605403645833334
community_irrigation,high_actor,strong_overseer,top_down_only,1,0.20958984375,0.0,0.79041015625,0.0
community_irrigation,high_actor,weak_overseer,top_down_only,1,0.7164062500000004,0.0096679687499999,0.21957031249999967,0.0543554687500001
community_irrigation,medium_actor,limited_overseer,top_down_only,1,0.5442708333333335,0.0100846354166666,0.37451822916666655,0.0711263020833334
community_irrigation,medium_actor,strong_overseer,top_down_only,1,0.2133854166666666,0.0,0.7866145833333333,0.0
community_irrigation,medium_actor,weak_overseer,top_down_only,1,0.7548632812500001,0.0406946113782051,0.1561523437499999,0.04828976362179491
community_irrigation,high_actor,limited_overseer,top_down_only,2,0.7208333333333333,0.0060872395833333,0.2037369791666666,0.06934244791666669
community_irrigation,high_actor,strong_overseer,top_down_only,2,0.3064127604166666,0.0,0.6935872395833333,0.0
community_irrigation,high_actor,weak_overseer,top_down_only,2,0.5584700520833336,0.0117513020833333,0.3794726562499998,0.050305989583333294
community_irrigation,medium_actor,limited_overseer,top_down_only,2,0.7225976562499998,0.0082942708333333,0.19164713541666684,0.07746093750000001
community_irrigation,medium_actor,strong_overseer,top_down_only,2,0.6382942708333332,0.0,0.36170572916666677,0.0
community_irrigation,medium_actor,weak_overseer,top_down_only,2,0.71332421875,0.0160377604166666,0.23233333333333345,0.038304687500000004
community_irrigation,high_actor,limited_overseer,top_down_only,3,0.4960807291666667,0.0058919270833333,0.4187434895833333,0.0792838541666667
community_irrigation,high_actor,strong_overseer,top_down_only,3,0.68888671875,0.0,0.31111328125000004,0.0
community_irrigation,high_actor,weak_overseer,top_down_only,3,0.7071679687500001,0.0734505208333333,0.14574869791666667,0.07363281249999999
community_irrigation,medium_actor,limited_overseer,top_down_only,3,0.7755989583333336,0.0069596354166666,0.15881510416666647,0.058626302083333394
community_irrigation,medium_actor,strong_overseer,top_down_only,3,0.2804036458333333,0.0,0.7195963541666667,0.0
community_irrigation,medium_actor,weak_overseer,top_down_only,3,0.799728732638889,0.0568605981691919,0.10468532986111104,0.038725339330808094
community_irrigation,high_actor,limited_overseer,top_down_only,4,0.7324869791666666,0.0025911458333333,0.19531901041666677,0.06960286458333331
community_irrigation,high_actor,strong_overseer,top_down_only,4,0.6473372395833333,0.0,0.35266276041666667,0.0
community_irrigation,high_actor,weak_overseer,top_down_only,4,0.6175130208333334,0.0224088541666666,0.2969921875,0.0630859375
community_irrigation,medium_actor,limited_overseer,top_down_only,4,0.7474023437500001,0.00701171875,0.17730468749999992,0.06828124999999999
community_irrigation,medium_actor,strong_overseer,top_down_only,4,0.7014453125000001,0.0,0.2985546874999999,0.0
community_irrigation,medium_actor,weak_overseer,top_down_only,4,0.7324088541666668,0.0391210937499999,0.16445312499999987,0.0640169270833334
