scenario_preset,actor_capability_level,overseer_capability_level,contrast,metric,n_pairs,mean_difference,min_run_difference,max_run_difference
community_irrigation,high_actor,limited_overseer,hybrid_minus_top_down_only,test_global_unsafe_rate_mean,5,-0.02398567708333335,-0.07541666666666666,-0.005540364583333401
community_irrigation,high_actor,limited_overseer,hybrid_minus_top_down_only,test_local_pass_global_fail_rate_mean,5,-0.00250390625,-0.0060872395833333,-0.0003450520833333001
community_irrigation,high_actor,limited_overseer,hybrid_minus_top_down_only,test_mean_patch_health_mean,5,0.21712889649692996,-0.11793761177309925,0.9397794075862613
community_irrigation,high_actor,limited_overseer,hybrid_minus_top_down_only,test_mean_welfare_mean,5,0.274938987434523,-0.3645743295668957,1.265603140366446
community_irrigation,high_actor,limited_overseer,hybrid_minus_top_down_only,test_governance_budget_spent_mean,5,-0.14200833333333307,-0.4247083333333328,0.0009791666666667531
community_irrigation,high_actor,limited_overseer,hybrid_minus_bottom_up_only,test_global_unsafe_rate_mean,5,0.024338541666666668,-0.008710937499999967,0.0515625000000001
community_irrigation,high_actor,limited_overseer,hybrid_minus_bottom_up_only,test_local_pass_global_fail_rate_mean,5,0.00227604166666664,0.0,0.0043359374999999
community_irrigation,high_actor,limited_overseer,hybrid_minus_bottom_up_only,test_mean_patch_health_mean,5,2.045380631233475,1.7658680713578399,2.341539932953939
community_irrigation,high_actor,limited_overseer,hybrid_minus_bottom_up_only,test_mean_welfare_mean,5,-2.2993917083342916,-2.7409411602739553,-1.9206680696993903
community_irrigation,high_actor,limited_overseer,hybrid_minus_bottom_up_only,test_governance_budget_spent_mean,5,3.3318666666666674,2.969625,3.4911354166666677
community_irrigation,high_actor,limited_overseer,top_down_only_minus_bottom_up_only,test_global_unsafe_rate_mean,5,0.04832421875000002,0.01353515625,0.0667057291666667
community_irrigation,high_actor,limited_overseer,top_down_only_minus_bottom_up_only,test_local_pass_global_fail_rate_mean,5,0.00477994791666664,0.0014322916666666,0.0090299479166667
community_irrigation,high_actor,limited_overseer,top_down_only_minus_bottom_up_only,test_mean_patch_health_mean,5,1.8282517347365452,1.4017605253676777,2.0353198879712355
community_irrigation,high_actor,limited_overseer,top_down_only_minus_bottom_up_only,test_mean_welfare_mean,5,-2.574330695768815,-3.1862712100658364,-1.8126431045655416
community_irrigation,high_actor,limited_overseer,top_down_only_minus_bottom_up_only,test_governance_budget_spent_mean,5,3.4738749999999996,3.394333333333333,3.568645833333333
community_irrigation,high_actor,strong_overseer,hybrid_minus_top_down_only,test_global_unsafe_rate_mean,5,0.0,0.0,0.0
community_irrigation,high_actor,strong_overseer,hybrid_minus_top_down_only,test_local_pass_global_fail_rate_mean,5,0.0,0.0,0.0
community_irrigation,high_actor,strong_overseer,hybrid_minus_top_down_only,test_mean_patch_health_mean,5,0.032490366244337564,-0.02779414823764803,0.09253395586582513
community_irrigation,high_actor,strong_overseer,hybrid_minus_top_down_only,test_mean_welfare_mean,5,-0.0023498975184299553,-0.12582377268383382,0.15555330593632632
community_irrigation,high_actor,strong_overseer,hybrid_minus_top_down_only,test_governance_budget_spent_mean,5,0.0,0.0,0.0
community_irrigation,high_actor,strong_overseer,hybrid_minus_bottom_up_only,test_global_unsafe_rate_mean,5,-0.0262513020833333,-0.0484375,-0.0067773437499999
community_irrigation,high_actor,strong_overseer,hybrid_minus_bottom_up_only,test_local_pass_global_fail_rate_mean,5,-0.00024739583333331996,-0.0011328125,0.0
community_irrigation,high_actor,strong_overseer,hybrid_minus_bottom_up_only,test_mean_patch_health_mean,5,2.5430687862037105,2.2106479537016526,2.8641763980845347
community_irrigation,high_actor,strong_overseer,hybrid_minus_bottom_up_only,test_mean_welfare_mean,5,-1.6217908524105529,-1.7907433170917777,-1.4282312075168164
community_irrigation,high_actor,strong_overseer,hybrid_minus_bottom_up_only,test_governance_budget_spent_mean,5,0.0,0.0,0.0
community_irrigation,high_actor,strong_overseer,top_down_only_minus_bottom_up_only,test_global_unsafe_rate_mean,5,-0.0262513020833333,-0.0484375,-0.0067773437499999
community_irrigation,high_actor,strong_overseer,top_down_only_minus_bottom_up_only,test_local_pass_global_fail_rate_mean,5,-0.00024739583333331996,-0.0011328125,0.0
community_irrigation,high_actor,strong_overseer,top_down_only_minus_bottom_up_only,test_mean_patch_health_mean,5,2.510578419959373,2.1181139978358274,2.8281925388191027
community_irrigation,high_actor,strong_overseer,top_down_only_minus_bottom_up_only,test_mean_welfare_mean,5,-1.619440954892123,-1.7529413974184873,-1.3024074348329826
community_irrigation,high_actor,strong_overseer,top_down_only_minus_bottom_up_only,test_governance_budget_spent_mean,5,0.0,0.0,0.0
community_irrigation,high_actor,weak_overseer,hybrid_minus_top_down_only,test_global_unsafe_rate_mean,5,-0.026468749999999996,-0.072578125,0.0672135416666666
community_irrigation,high_actor,weak_overseer,hybrid_minus_top_down_only,test_local_pass_global_fail_rate_mean,5,-0.007739293981481479,-0.046393229166666695,0.051901041666666696
community_irrigation,high_actor,weak_overseer,hybrid_minus_top_down_only,test_mean_patch_health_mean,5,0.15300262072700513,-0.5190960210189921,0.5688391045498289
community_irrigation,high_actor,weak_overseer,hybrid_minus_top_down_only,test_mean_welfare_mean,5,0.7189070947585694,-0.3257484213592612,1.7386544599080764
community_irrigation,high_actor,weak_overseer,hybrid_minus_top_down_only,test_governance_budget_spent_mean,5,-0.10530000000000017,-0.24779166666666796,0.0064791666666668135
community_irrigation,high_actor,weak_overseer,hybrid_minus_bottom_up_only,test_global_unsafe_rate_mean,5,0.03850520833333332,-0.003619791666666701,0.0827994791666666
community_irrigation,high_actor,weak_overseer,hybrid_minus_bottom_up_only,test_local_pass_global_fail_rate_mean,5,0.02624898726851848,1.9531250000000004e-05,0.0615690104166666
community_irrigation,high_actor,weak_overseer,hybrid_minus_bottom_up_only,test_mean_patch_health_mean,5,1.8033271352189242,1.1822028769612078,2.3378472627710014
community_irrigation,high_actor,weak_overseer,hybrid_minus_bottom_up_only,test_mean_welfare_mean,5,-2.501151380081971,-3.7489411623322617,-1.6093904654355526
community_irrigation,high_actor,weak_overseer,hybrid_minus_bottom_up_only,test_governance_budget_spent_mean,5,2.349845833333334,2.261354166666666,2.470958333333334
community_irrigation,high_actor,weak_overseer,top_down_only_minus_bottom_up_only,test_global_unsafe_rate_mean,5,0.06497395833333332,0.0155859375,0.10718749999999999
community_irrigation,high_actor,weak_overseer,top_down_only_minus_bottom_up_only,test_local_pass_global_fail_rate_mean,5,0.03398828124999996,0.0096679687499999,0.0723177083333333
community_irrigation,high_actor,weak_overseer,top_down_only_minus_bottom_up_only,test_mean_patch_health_mean,5,1.6503245144919192,1.4349991473156045,1.9110093230074785
community_irrigation,high_actor,weak_overseer,top_down_only_minus_bottom_up_only,test_mean_welfare_mean,5,-3.2200584748405405,-4.263905473803256,-2.330916656846357
community_irrigation,high_actor,weak_overseer,top_down_only_minus_bottom_up_only,test_governance_budget_spent_mean,5,2.455145833333334,2.310250000000001,2.535708333333333
community_irrigation,low_actor,limited_overseer,hybrid_minus_top_down_only,test_global_unsafe_rate_mean,5,0.0021067708333333385,-0.0175846354166666,0.0459114583333333
community_irrigation,low_actor,limited_overseer,hybrid_minus_top_down_only,test_local_pass_global_fail_rate_mean,5,-0.0003125000000000067,-0.0028450520833334,0.00236328125
community_irrigation,low_actor,limited_overseer,hybrid_minus_top_down_only,test_mean_patch_health_mean,5,-0.0121009385176734,-0.46661895733762293,0.17004833484732806
community_irrigation,low_actor,limited_overseer,hybrid_minus_top_down_only,test_mean_welfare_mean,5,0.23371938180092472,-0.17119576370108014,0.6798178561714767
community_irrigation,low_actor,limited_overseer,hybrid_minus_top_down_only,test_governance_budget_spent_mean,5,-0.07110833333333319,-0.23659375000000038,-5.2083333333285964e-05
community_irrigation,low_actor,limited_overseer,hybrid_minus_bottom_up_only,test_global_unsafe_rate_mean,5,-0.051013020833333346,-0.2057942708333333,0.0520052083333333
community_irrigation,low_actor,limited_overseer,hybrid_minus_bottom_up_only,test_local_pass_global_fail_rate_mean,5,0.0009609375000000002,-0.0016796875,0.0040885416666666
community_irrigation,low_actor,limited_overseer,hybrid_minus_bottom_up_only,test_mean_patch_health_mean,5,2.698316751392629,1.763626773173593,3.8227606064358604
community_irrigation,low_actor,limited_overseer,hybrid_minus_bottom_up_only,test_mean_welfare_mean,5,-1.812401875239442,-2.9629873208645225,-0.9790216113186823
community_irrigation,low_actor,limited_overseer,hybrid_minus_bottom_up_only,test_governance_budget_spent_mean,5,3.3182375,3.163114583333333,3.5074687500000006
community_irrigation,low_actor,limited_overseer,top_down_only_minus_bottom_up_only,test_global_unsafe_rate_mean,5,-0.05311979166666667,-0.20580078124999998,0.052766927083333304
community_irrigation,low_actor,limited_overseer,top_down_only_minus_bottom_up_only,test_local_pass_global_fail_rate_mean,5,0.0012734375000000066,-0.0016666666666666666,0.00693359375
community_irrigation,low_actor,limited_overseer,top_down_only_minus_bottom_up_only,test_mean_patch_health_mean,5,2.7104176899103023,1.9685886422298093,3.7772639177780043
community_irrigation,low_actor,limited_overseer,top_down_only_minus_bottom_up_only,test_mean_welfare_mean,5,-2.0461212570403666,-2.8205372195311025,-1.579466438993851
community_irrigation,low_actor,limited_overseer,top_down_only_minus_bottom_up_only,test_governance_budget_spent_mean,5,3.3893458333333335,3.2729583333333334,3.520364583333333
community_irrigation,low_actor,strong_overseer,hybrid_minus_top_down_only,test_global_unsafe_rate_mean,5,0.0,0.0,0.0
community_irrigation,low_actor,strong_overseer,hybrid_minus_top_down_only,test_local_pass_global_fail_rate_mean,5,0.0,0.0,0.0
community_irrigation,low_actor,strong_overseer,hybrid_minus_top_down_only,test_mean_patch_health_mean,5,0.05540408194212461,0.004206207274913609,0.21131611708965004
community_irrigation,low_actor,strong_overseer,hybrid_minus_top_down_only,test_mean_welfare_mean,5,0.17140635704863244,-0.09903266903128127,0.5276410774230449
community_irrigation,low_actor,strong_overseer,hybrid_minus_top_down_only,test_governance_budget_spent_mean,5,0.0,0.0,0.0
community_irrigation,low_actor,strong_overseer,hybrid_minus_bottom_up_only,test_global_unsafe_rate_mean,5,-0.08424218749999998,-0.2103450520833333,-0.00931640625
community_irrigation,low_actor,strong_overseer,hybrid_minus_bottom_up_only,test_local_pass_global_fail_rate_mean,5,-0.00038541666666664,-0.0016796875,0.0
community_irrigation,low_actor,strong_overseer,hybrid_minus_bottom_up_only,test_mean_patch_health_mean,5,3.165345937836274,2.387048834548308,4.061361663275461
community_irrigation,low_actor,strong_overseer,hybrid_minus_bottom_up_only,test_mean_welfare_mean,5,-1.24929184651313,-1.6588037483569629,-0.9467350057202975
community_irrigation,low_actor,strong_overseer,hybrid_minus_bottom_up_only,test_governance_budget_spent_mean,5,0.0,0.0,0.0
community_irrigation,low_actor,strong_overseer,top_down_only_minus_bottom_up_only,test_global_unsafe_rate_mean,5,-0.08424218749999998,-0.2103450520833333,-0.00931640625
community_irrigation,low_actor,strong_overseer,top_down_only_minus_bottom_up_only,test_local_pass_global_fail_rate_mean,5,-0.00038541666666664,-0.0016796875,0.0
community_irrigation,low_actor,strong_overseer,top_down_only_minus_bottom_up_only,test_mean_patch_health_mean,5,3.1099418558941494,2.366722322687176,4.057155456000547
community_irrigation,low_actor,strong_overseer,top_down_only_minus_bottom_up_only,test_mean_welfare_mean,5,-1.4206982035617624,-2.1304337503548023,-0.9057855980527822
community_irrigation,low_actor,strong_overseer,top_down_only_minus_bottom_up_only,test_governance_budget_spent_mean,5,0.0,0.0,0.0
community_irrigation,low_actor,weak_overseer,hybrid_minus_top_down_only,test_global_unsafe_rate_mean,5,-0.013794270833333361,-0.03779296875,0.044238281250000004
community_irrigation,low_actor,weak_overseer,hybrid_minus_top_down_only,test_local_pass_global_fail_rate_mean,5,-0.00512369791666668,-0.0199934895833333,0.0162630208333333
community_irrigation,low_actor,weak_overseer,hybrid_minus_top_down_only,test_mean_patch_health_mean,5,-0.02240051597455519,-0.4519928621491278,0.22459967781206558
community_irrigation,low_actor,weak_overseer,hybrid_minus_top_down_only,test_mean_welfare_mean,5,0.4001628206621799,-0.13124987542697752,1.0047569406795382
community_irrigation,low_actor,weak_overseer,hybrid_minus_top_down_only,test_governance_budget_spent_mean,5,0.008349999999999724,-0.1632083333333334,0.13747916666666615
community_irrigation,low_actor,weak_overseer,hybrid_minus_bottom_up_only,test_global_unsafe_rate_mean,5,-0.03807942708333335,-0.2030729166666667,0.08533203125
community_irrigation,low_actor,weak_overseer,hybrid_minus_bottom_up_only,test_local_pass_global_fail_rate_mean,5,0.01033463541666664,-0.0006901041666667,0.0258723958333333
community_irrigation,low_actor,weak_overseer,hybrid_minus_bottom_up_only,test_mean_patch_health_mean,5,2.438445263342697,1.4112503317817158,3.59006004884497
community_irrigation,low_actor,weak_overseer,hybrid_minus_bottom_up_only,test_mean_welfare_mean,5,-2.318452642958484,-2.6180115894584315,-1.6541510972121003
community_irrigation,low_actor,weak_overseer,hybrid_minus_bottom_up_only,test_governance_budget_spent_mean,5,2.376395833333333,2.2894375,2.4488958333333333
community_irrigation,low_actor,weak_overseer,top_down_only_minus_bottom_up_only,test_global_unsafe_rate_mean,5,-0.02428515625,-0.1818359375,0.06495442708333331
community_irrigation,low_actor,weak_overseer,top_down_only_minus_bottom_up_only,test_local_pass_global_fail_rate_mean,5,0.015458333333333319,0.0035156249999999,0.0343098958333333
community_irrigation,low_actor,weak_overseer,top_down_only_minus_bottom_up_only,test_mean_patch_health_mean,5,2.4608457793172525,1.8632431939308436,3.4981708074869395
community_irrigation,low_actor,weak_overseer,top_down_only_minus_bottom_up_only,test_mean_welfare_mean,5,-2.718615463620664,-3.4831870209015587,-2.336666723205095
community_irrigation,low_actor,weak_overseer,top_down_only_minus_bottom_up_only,test_governance_budget_spent_mean,5,2.3680458333333334,2.282479166666667,2.4526458333333334
community_irrigation,medium_actor,limited_overseer,hybrid_minus_top_down_only,test_global_unsafe_rate_mean,5,-0.01931510416666668,-0.03759765625,0.006191406250000003
community_irrigation,medium_actor,limited_overseer,hybrid_minus_top_down_only,test_local_pass_global_fail_rate_mean,5,-0.0052981770833333205,-0.0071940104166667,-0.001875
community_irrigation,medium_actor,limited_overseer,hybrid_minus_top_down_only,test_mean_patch_health_mean,5,0.11014839262281591,-0.013358601334321207,0.2465663034696277
community_irrigation,medium_actor,limited_overseer,hybrid_minus_top_down_only,test_mean_welfare_mean,5,0.6486450222994918,-0.8056662651231097,1.6908875644391337
community_irrigation,medium_actor,limited_overseer,hybrid_minus_top_down_only,test_governance_budget_spent_mean,5,-0.17045625000000006,-0.3800520833333332,0.003937499999999705
community_irrigation,medium_actor,limited_overseer,hybrid_minus_bottom_up_only,test_global_unsafe_rate_mean,5,0.010216145833333357,-0.044537760416666704,0.0427669270833334
community_irrigation,medium_actor,limited_overseer,hybrid_minus_bottom_up_only,test_local_pass_global_fail_rate_mean,5,0.00107552083333332,-0.0054817708333333,0.00513671875
community_irrigation,medium_actor,limited_overseer,hybrid_minus_bottom_up_only,test_mean_patch_health_mean,5,2.20089368994132,1.5365816268754369,2.681700856902445
community_irrigation,medium_actor,limited_overseer,hybrid_minus_bottom_up_only,test_mean_welfare_mean,5,-2.064223924351228,-2.2892583207920207,-1.6602821998391502
community_irrigation,medium_actor,limited_overseer,hybrid_minus_bottom_up_only,test_governance_budget_spent_mean,5,3.3671750000000005,3.27153125,3.4169166666666664
community_irrigation,medium_actor,limited_overseer,top_down_only_minus_bottom_up_only,test_global_unsafe_rate_mean,5,0.029531250000000037,-0.020039062499999996,0.0707161458333333
community_irrigation,medium_actor,limited_overseer,top_down_only_minus_bottom_up_only,test_local_pass_global_fail_rate_mean,5,0.00637369791666664,-0.0006640625000000015,0.0100846354166666
community_irrigation,medium_actor,limited_overseer,top_down_only_minus_bottom_up_only,test_mean_patch_health_mean,5,2.0907452973185037,1.452763327694683,2.505564426500463
community_irrigation,medium_actor,limited_overseer,top_down_only_minus_bottom_up_only,test_mean_welfare_mean,5,-2.71286894665072,-3.351169764278284,-1.4273632533278597
community_irrigation,medium_actor,limited_overseer,top_down_only_minus_bottom_up_only,test_governance_budget_spent_mean,5,3.5376312499999996,3.4129791666666667,3.662322916666666
community_irrigation,medium_actor,strong_overseer,hybrid_minus_top_down_only,test_global_unsafe_rate_mean,5,0.0,0.0,0.0
community_irrigation,medium_actor,strong_overseer,hybrid_minus_top_down_only,test_local_pass_global_fail_rate_mean,5,0.0,0.0,0.0
community_irrigation,medium_actor,strong_overseer,hybrid_minus_top_down_only,test_mean_patch_health_mean,5,0.02064698504599427,-0.09113340464856101,0.08312997747175999
community_irrigation,medium_actor,strong_overseer,hybrid_minus_top_down_only,test_mean_welfare_mean,5,0.08330092348645905,-0.09418686130008425,0.35933264169902834
community_irrigation,medium_actor,strong_overseer,hybrid_minus_top_down_only,test_governance_budget_spent_mean,5,0.0,0.0,0.0
community_irrigation,medium_actor,strong_overseer,hybrid_minus_bottom_up_only,test_global_unsafe_rate_mean,5,-0.050316406249999945,-0.1057942708333333,-0.0206770833333333
community_irrigation,medium_actor,strong_overseer,hybrid_minus_bottom_up_only,test_local_pass_global_fail_rate_mean,5,-0.0020182291666666604,-0.0089583333333333,0.0
community_irrigation,medium_actor,strong_overseer,hybrid_minus_bottom_up_only,test_mean_patch_health_mean,5,2.803787996726585,2.1641537996394415,3.224294866017104
community_irrigation,medium_actor,strong_overseer,hybrid_minus_bottom_up_only,test_mean_welfare_mean,5,-1.4469295840428338,-1.7999117827630489,-0.9487372820709794
community_irrigation,medium_actor,strong_overseer,hybrid_minus_bottom_up_only,test_governance_budget_spent_mean,5,0.0,0.0,0.0
community_irrigation,medium_actor,strong_overseer,top_down_only_minus_bottom_up_only,test_global_unsafe_rate_mean,5,-0.050316406249999945,-0.1057942708333333,-0.0206770833333333
community_irrigation,medium_actor,strong_overseer,top_down_only_minus_bottom_up_only,test_local_pass_global_fail_rate_mean,5,-0.0020182291666666604,-0.0089583333333333,0.0
community_irrigation,medium_actor,strong_overseer,top_down_only_minus_bottom_up_only,test_mean_patch_health_mean,5,2.783141011680591,2.1697450640798426,3.1440383097677422
community_irrigation,medium_actor,strong_overseer,top_down_only_minus_bottom_up_only,test_mean_welfare_mean,5,-1.5302305075292928,-1.97715378897027,-1.0324588090498832
community_irrigation,medium_actor,strong_overseer,top_down_only_minus_bottom_up_only,test_governance_budget_spent_mean,5,0.0,0.0,0.0
community_irrigation,medium_actor,weak_overseer,hybrid_minus_top_down_only,test_global_unsafe_rate_mean,5,-0.025785359172077943,-0.0806770833333333,0.0065364583333333
community_irrigation,medium_actor,weak_overseer,hybrid_minus_top_down_only,test_local_pass_global_fail_rate_mean,5,-0.02434328122687498,-0.040419625946969705,-0.009527343749999998
community_irrigation,medium_actor,weak_overseer,hybrid_minus_top_down_only,test_mean_patch_health_mean,5,0.030747562298041587,-0.12123598250972378,0.3946629931876142
community_irrigation,medium_actor,weak_overseer,hybrid_minus_top_down_only,test_mean_welfare_mean,5,1.1007999578394767,0.02590871278671436,2.247373715550003
community_irrigation,medium_actor,weak_overseer,hybrid_minus_top_down_only,test_governance_budget_spent_mean,5,-0.11540000000000025,-0.18725000000000014,-0.040291666666666615
community_irrigation,medium_actor,weak_overseer,hybrid_minus_bottom_up_only,test_global_unsafe_rate_mean,5,0.015263764880952397,-0.0449153645833334,0.06595052083333329
community_irrigation,medium_actor,weak_overseer,hybrid_minus_bottom_up_only,test_local_pass_global_fail_rate_mean,5,0.016900644205331657,-0.0024479166666667006,0.0428560856099918
community_irrigation,medium_actor,weak_overseer,hybrid_minus_bottom_up_only,test_mean_patch_health_mean,5,2.0192612452092833,1.267526476966525,2.6706820716395505
community_irrigation,medium_actor,weak_overseer,hybrid_minus_bottom_up_only,test_mean_welfare_mean,5,-2.7995522773429338,-4.075655012983345,-1.3026162884059111
community_irrigation,medium_actor,weak_overseer,hybrid_minus_bottom_up_only,test_governance_budget_spent_mean,5,2.4246041666666667,2.3095416666666666,2.644708333333333
community_irrigation,medium_actor,weak_overseer,top_down_only_minus_bottom_up_only,test_global_unsafe_rate_mean,5,0.041049124053030336,-0.0514518229166667,0.0940997869318182
community_irrigation,medium_actor,weak_overseer,top_down_only_minus_bottom_up_only,test_local_pass_global_fail_rate_mean,5,0.04124392543220664,0.007079427083333298,0.063596709280303
community_irrigation,medium_actor,weak_overseer,top_down_only_minus_bottom_up_only,test_mean_patch_health_mean,5,1.9885136829112415,1.310797010914376,2.5113206552803753
community_irrigation,medium_actor,weak_overseer,top_down_only_minus_bottom_up_only,test_mean_welfare_mean,5,-3.9003522351824103,-5.0216058553040845,-3.0239206328145123
community_irrigation,medium_actor,weak_overseer,top_down_only_minus_bottom_up_only,test_governance_budget_spent_mean,5,2.540004166666667,2.439854166666666,2.696
forest_co_management,high_actor,limited_overseer,hybrid_minus_top_down_only,test_global_unsafe_rate_mean,5,-0.04143947514090176,-0.1114973958333334,0.001861979166666694
forest_co_management,high_actor,limited_overseer,hybrid_minus_top_down_only,test_local_pass_global_fail_rate_mean,5,-0.01856770833333334,-0.0658854166666667,0.0077148437500000056
forest_co_management,high_actor,limited_overseer,hybrid_minus_top_down_only,test_mean_patch_health_mean,5,0.37753264053828345,-0.03351438037768162,0.900290966800517
forest_co_management,high_actor,limited_overseer,hybrid_minus_top_down_only,test_mean_welfare_mean,5,-0.06744032777396462,-1.3762207186154516,0.676664458121099
forest_co_management,high_actor,limited_overseer,hybrid_minus_top_down_only,test_governance_budget_spent_mean,5,-0.10912916666666668,-0.43537500000000007,0.22548958333333502
forest_co_management,high_actor,limited_overseer,hybrid_minus_bottom_up_only,test_global_unsafe_rate_mean,5,-0.12461651414607215,-0.2506267781150393,0.03673027394450089
forest_co_management,high_actor,limited_overseer,hybrid_minus_bottom_up_only,test_local_pass_global_fail_rate_mean,5,0.007436995279001418,-0.0260427329416919,0.0847584013209013
forest_co_management,high_actor,limited_overseer,hybrid_minus_bottom_up_only,test_mean_patch_health_mean,5,2.801988440278765,1.7029824038537829,3.6136395827667016
forest_co_management,high_actor,limited_overseer,hybrid_minus_bottom_up_only,test_mean_welfare_mean,5,-2.870989290090198,-4.051541429550959,-1.8711707732949954
forest_co_management,high_actor,limited_overseer,hybrid_minus_bottom_up_only,test_governance_budget_spent_mean,5,3.858858333333334,3.6088645833333337,4.218468750000001
forest_co_management,high_actor,limited_overseer,top_down_only_minus_bottom_up_only,test_global_unsafe_rate_mean,5,-0.0831770390051704,-0.19185218320763198,0.034926888527834196
forest_co_management,high_actor,limited_overseer,top_down_only_minus_bottom_up_only,test_local_pass_global_fail_rate_mean,5,0.026004703612334756,-0.022475024608358502,0.0770435575709013
forest_co_management,high_actor,limited_overseer,top_down_only_minus_bottom_up_only,test_mean_patch_health_mean,5,2.424455799740482,1.727737634985223,3.0855048281647157
forest_co_management,high_actor,limited_overseer,top_down_only_minus_bottom_up_only,test_mean_welfare_mean,5,-2.803548962316233,-3.2401319947615246,-2.452891818800154
forest_co_management,high_actor,limited_overseer,top_down_only_minus_bottom_up_only,test_governance_budget_spent_mean,5,3.9679875000000004,3.8416562500000007,4.044239583333334
forest_co_management,high_actor,strong_overseer,hybrid_minus_top_down_only,test_global_unsafe_rate_mean,5,0.0,0.0,0.0
forest_co_management,high_actor,strong_overseer,hybrid_minus_top_down_only,test_local_pass_global_fail_rate_mean,5,0.0,0.0,0.0
forest_co_management,high_actor,strong_overseer,hybrid_minus_top_down_only,test_mean_patch_health_mean,5,0.01122078947245626,-0.0014333424264449945,0.024990379281645048
forest_co_management,high_actor,strong_overseer,hybrid_minus_top_down_only,test_mean_welfare_mean,5,-0.059558549912446426,-0.25132324206747114,0.10238552177760951
forest_co_management,high_actor,strong_overseer,hybrid_minus_top_down_only,test_governance_budget_spent_mean,5,0.0,0.0,0.0
forest_co_management,high_actor,strong_overseer,hybrid_minus_bottom_up_only,test_global_unsafe_rate_mean,5,-0.2012860743312573,-0.3230631207076319,-0.1215574864721657
forest_co_management,high_actor,strong_overseer,hybrid_minus_bottom_up_only,test_local_pass_global_fail_rate_mean,5,-0.024966650554331882,-0.0518304933583585,-0.0051837484102356
forest_co_management,high_actor,strong_overseer,hybrid_minus_bottom_up_only,test_mean_patch_health_mean,5,3.0963813146843298,2.507897632521386,3.8570107080806757
forest_co_management,high_actor,strong_overseer,hybrid_minus_bottom_up_only,test_mean_welfare_mean,5,-1.4642843810672868,-1.794112090561132,-1.2453574941396344
forest_co_management,high_actor,strong_overseer,hybrid_minus_bottom_up_only,test_governance_budget_spent_mean,5,0.0,0.0,0.0
forest_co_management,high_actor,strong_overseer,top_down_only_minus_bottom_up_only,test_global_unsafe_rate_mean,5,-0.2012860743312573,-0.3230631207076319,-0.1215574864721657
forest_co_management,high_actor,strong_overseer,top_down_only_minus_bottom_up_only,test_local_pass_global_fail_rate_mean,5,-0.024966650554331882,-0.0518304933583585,-0.0051837484102356
forest_co_management,high_actor,strong_overseer,top_down_only_minus_bottom_up_only,test_mean_patch_health_mean,5,3.0851605252118732,2.501215126329484,3.8320203287990307
forest_co_management,high_actor,strong_overseer,top_down_only_minus_bottom_up_only,test_mean_welfare_mean,5,-1.4047258311548405,-1.7830171556865082,-1.079797891534275
forest_co_management,high_actor,strong_overseer,top_down_only_minus_bottom_up_only,test_governance_budget_spent_mean,5,0.0,0.0,0.0
forest_co_management,high_actor,weak_overseer,hybrid_minus_top_down_only,test_global_unsafe_rate_mean,5,-0.0937998851260026,-0.1392169744318182,-0.053025489389834896
forest_co_management,high_actor,weak_overseer,hybrid_minus_top_down_only,test_local_pass_global_fail_rate_mean,5,-0.05061517137625886,-0.0662398314937378,-0.0270545341132609
forest_co_management,high_actor,weak_overseer,hybrid_minus_top_down_only,test_mean_patch_health_mean,5,0.5159859464441514,0.21016335082046922,0.9045984605500639
forest_co_management,high_actor,weak_overseer,hybrid_minus_top_down_only,test_mean_welfare_mean,5,-0.14969388772939746,-1.6085843524831223,1.6432700903975999
forest_co_management,high_actor,weak_overseer,hybrid_minus_top_down_only,test_governance_budget_spent_mean,5,0.08059166666666676,-0.004437499999999872,0.15497916666666667
forest_co_management,high_actor,weak_overseer,hybrid_minus_bottom_up_only,test_global_unsafe_rate_mean,5,-0.1567466768562586,-0.2885383811242986,-0.0420439133620006
forest_co_management,high_actor,weak_overseer,hybrid_minus_bottom_up_only,test_local_pass_global_fail_rate_mean,5,-0.010924500359987961,-0.038644728401911604,0.0271733534505642
forest_co_management,high_actor,weak_overseer,hybrid_minus_bottom_up_only,test_mean_patch_health_mean,5,2.611567506032892,1.886214959841201,3.358450675733275
forest_co_management,high_actor,weak_overseer,hybrid_minus_bottom_up_only,test_mean_welfare_mean,5,-2.4619695909833514,-3.9305953074363487,-1.4978272167378162
forest_co_management,high_actor,weak_overseer,hybrid_minus_bottom_up_only,test_governance_budget_spent_mean,5,2.748083333333333,2.6520208333333333,2.856208333333333
forest_co_management,high_actor,weak_overseer,top_down_only_minus_bottom_up_only,test_global_unsafe_rate_mean,5,-0.06294679173025597,-0.14932140669248037,0.012132676936150305
forest_co_management,high_actor,weak_overseer,top_down_only_minus_bottom_up_only,test_local_pass_global_fail_rate_mean,5,0.0396906710162709,0.014217683724974797,0.05875908371619021
forest_co_management,high_actor,weak_overseer,top_down_only_minus_bottom_up_only,test_mean_patch_health_mean,5,2.0955815595887404,1.4946481443965496,2.6409506692993627
forest_co_management,high_actor,weak_overseer,top_down_only_minus_bottom_up_only,test_mean_welfare_mean,5,-2.312275703253954,-3.786281823802412,-1.7655344673555788
forest_co_management,high_actor,weak_overseer,top_down_only_minus_bottom_up_only,test_governance_budget_spent_mean,5,2.6674916666666664,2.636166666666667,2.708062499999999
forest_co_management,low_actor,limited_overseer,hybrid_minus_top_down_only,test_global_unsafe_rate_mean,5,-0.015532610700856559,-0.0461263020833333,0.001979166666666702
forest_co_management,low_actor,limited_overseer,hybrid_minus_top_down_only,test_local_pass_global_fail_rate_mean,5,-0.007594705209050539,-0.0175260416666666,0.003164062500000002
forest_co_management,low_actor,limited_overseer,hybrid_minus_top_down_only,test_mean_patch_health_mean,5,0.11617100890786247,0.015025856905428014,0.43515314237597025
forest_co_management,low_actor,limited_overseer,hybrid_minus_top_down_only,test_mean_welfare_mean,5,-0.3224021408075878,-0.8447284941928803,0.13670815446802465
forest_co_management,low_actor,limited_overseer,hybrid_minus_top_down_only,test_governance_budget_spent_mean,5,0.02039791666666657,-0.07553125000000005,0.08516666666666683
forest_co_management,low_actor,limited_overseer,hybrid_minus_bottom_up_only,test_global_unsafe_rate_mean,5,-0.2090772487197575,-0.5343218904937657,-0.028888508726448603
forest_co_management,low_actor,limited_overseer,hybrid_minus_bottom_up_only,test_local_pass_global_fail_rate_mean,5,-0.00993990608864382,-0.052234139191691904,0.0374359169423153
forest_co_management,low_actor,limited_overseer,hybrid_minus_bottom_up_only,test_mean_patch_health_mean,5,3.1472408583488853,1.5087134725721523,5.084130930878379
forest_co_management,low_actor,limited_overseer,hybrid_minus_bottom_up_only,test_mean_welfare_mean,5,-2.6071443039213067,-3.296410961413903,-1.7858198247754817
forest_co_management,low_actor,limited_overseer,hybrid_minus_bottom_up_only,test_governance_budget_spent_mean,5,3.8803687499999997,3.716875,4.075875
forest_co_management,low_actor,limited_overseer,top_down_only_minus_bottom_up_only,test_global_unsafe_rate_mean,5,-0.19354463801890093,-0.5318674634104322,-0.005580923972165808
forest_co_management,low_actor,limited_overseer,top_down_only_minus_bottom_up_only,test_local_pass_global_fail_rate_mean,5,-0.0023452008795932814,-0.044825285025025204,0.054100849237568
forest_co_management,low_actor,limited_overseer,top_down_only_minus_bottom_up_only,test_mean_patch_health_mean,5,3.031069849441023,1.4936876156667243,5.02143174947018
forest_co_management,low_actor,limited_overseer,top_down_only_minus_bottom_up_only,test_mean_welfare_mean,5,-2.2847421631137186,-2.720608551747656,-1.7004294770190373
forest_co_management,low_actor,limited_overseer,top_down_only_minus_bottom_up_only,test_governance_budget_spent_mean,5,3.859970833333333,3.767958333333333,3.990708333333333
forest_co_management,low_actor,strong_overseer,hybrid_minus_top_down_only,test_global_unsafe_rate_mean,5,-2.604166666666667e-06,-6.510416666666667e-06,0.0
forest_co_management,low_actor,strong_overseer,hybrid_minus_top_down_only,test_local_pass_global_fail_rate_mean,5,0.0,0.0,0.0
forest_co_management,low_actor,strong_overseer,hybrid_minus_top_down_only,test_mean_patch_health_mean,5,0.034041740663722564,0.011019249401337916,0.08036943804343188
forest_co_management,low_actor,strong_overseer,hybrid_minus_top_down_only,test_mean_welfare_mean,5,-0.11081127080123529,-0.289934563070112,0.08938869003113403
forest_co_management,low_actor,strong_overseer,hybrid_minus_top_down_only,test_governance_budget_spent_mean,5,0.0,0.0,0.0
forest_co_management,low_actor,strong_overseer,hybrid_minus_bottom_up_only,test_global_unsafe_rate_mean,5,-0.2642790130189009,-0.6063205884104322,-0.1366095698054991
forest_co_management,low_actor,strong_overseer,hybrid_minus_bottom_up_only,test_local_pass_global_fail_rate_mean,5,-0.02750014879625992,-0.0527289308583585,-0.008399150762432
forest_co_management,low_actor,strong_overseer,hybrid_minus_bottom_up_only,test_mean_patch_health_mean,5,3.410456976931786,2.357087408053392,5.283570997638137
forest_co_management,low_actor,strong_overseer,hybrid_minus_bottom_up_only,test_mean_welfare_mean,5,-1.1654312036350465,-1.8231626848426163,-0.564884676627269
forest_co_management,low_actor,strong_overseer,hybrid_minus_bottom_up_only,test_governance_budget_spent_mean,5,0.0,0.0,0.0
forest_co_management,low_actor,strong_overseer,top_down_only_minus_bottom_up_only,test_global_unsafe_rate_mean,5,-0.2642764088522342,-0.6063205884104322,-0.1366095698054991
forest_co_management,low_actor,strong_overseer,top_down_only_minus_bottom_up_only,test_local_pass_global_fail_rate_mean,5,-0.02750014879625992,-0.0527289308583585,-0.008399150762432
forest_co_management,low_actor,strong_overseer,top_down_only_minus_bottom_up_only,test_mean_patch_health_mean,5,3.3764152362680635,2.3346746894235757,5.272551748236799
forest_co_management,low_actor,strong_overseer,top_down_only_minus_bottom_up_only,test_mean_welfare_mean,5,-1.0546199328338113,-1.6067145774852936,-0.5747574014011523
forest_co_management,low_actor,strong_overseer,top_down_only_minus_bottom_up_only,test_governance_budget_spent_mean,5,0.0,0.0,0.0
forest_co_management,low_actor,weak_overseer,hybrid_minus_top_down_only,test_global_unsafe_rate_mean,5,-0.02108316750664292,-0.06783203125000001,0.05454526690054601
forest_co_management,low_actor,weak_overseer,hybrid_minus_top_down_only,test_local_pass_global_fail_rate_mean,5,-0.021860184743512444,-0.07682182887775,0.04628900134096789
forest_co_management,low_actor,weak_overseer,hybrid_minus_top_down_only,test_mean_patch_health_mean,5,-0.04124854107221765,-0.6618093689116638,0.29873429019956
forest_co_management,low_actor,weak_overseer,hybrid_minus_top_down_only,test_mean_welfare_mean,5,-0.033289379439193925,-1.0842875501446816,1.728395118304741
forest_co_management,low_actor,weak_overseer,hybrid_minus_top_down_only,test_governance_budget_spent_mean,5,-0.02669166666666678,-0.24910416666666668,0.08127083333333296
forest_co_management,low_actor,weak_overseer,hybrid_minus_bottom_up_only,test_global_unsafe_rate_mean,5,-0.17275967105584691,-0.49762918216043234,0.0014643429283802134
forest_co_management,low_actor,weak_overseer,hybrid_minus_bottom_up_only,test_local_pass_global_fail_rate_mean,5,0.008004931799177157,-0.041127368358358604,0.06643151724520249
forest_co_management,low_actor,weak_overseer,hybrid_minus_bottom_up_only,test_mean_patch_health_mean,5,2.637650883701394,1.1042267154727519,4.469168049108479
forest_co_management,low_actor,weak_overseer,hybrid_minus_bottom_up_only,test_mean_welfare_mean,5,-2.7817443890422733,-3.460261036103409,-1.5758289366528349
forest_co_management,low_actor,weak_overseer,hybrid_minus_bottom_up_only,test_governance_budget_spent_mean,5,2.6708124999999994,2.553104166666666,2.7863541666666665
forest_co_management,low_actor,weak_overseer,top_down_only_minus_bottom_up_only,test_global_unsafe_rate_mean,5,-0.15167650354920398,-0.44150465564528074,-0.008694145980516294
forest_co_management,low_actor,weak_overseer,top_down_only_minus_bottom_up_only,test_local_pass_global_fail_rate_mean,5,0.029865116542689595,0.0201425159042346,0.0479274306422744
forest_co_management,low_actor,weak_overseer,top_down_only_minus_bottom_up_only,test_mean_patch_health_mean,5,2.6788994247736118,1.7660360843844156,4.184360549786579
forest_co_management,low_actor,weak_overseer,top_down_only_minus_bottom_up_only,test_mean_welfare_mean,5,-2.7484550096030795,-3.304224054957576,-2.2032176588942125
forest_co_management,low_actor,weak_overseer,top_down_only_minus_bottom_up_only,test_governance_budget_spent_mean,5,2.6975041666666666,2.5942708333333333,2.8022083333333327
forest_co_management,medium_actor,limited_overseer,hybrid_minus_top_down_only,test_global_unsafe_rate_mean,5,-0.03881031342162748,-0.12341145833333331,0.0205044157608696
forest_co_management,medium_actor,limited_overseer,hybrid_minus_top_down_only,test_local_pass_global_fail_rate_mean,5,-0.02401762345925442,-0.0744466145833333,0.014836499268394705
forest_co_management,medium_actor,limited_overseer,hybrid_minus_top_down_only,test_mean_patch_health_mean,5,0.3086504030066749,-0.296345919092607,1.3499737340950126
forest_co_management,medium_actor,limited_overseer,hybrid_minus_top_down_only,test_mean_welfare_mean,5,0.6563646645371268,-0.12482865021925171,1.6919554646487587
forest_co_management,medium_actor,limited_overseer,hybrid_minus_top_down_only,test_governance_budget_spent_mean,5,-0.29082500000000044,-0.5720104166666675,-0.07541666666666735
forest_co_management,medium_actor,limited_overseer,hybrid_minus_bottom_up_only,test_global_unsafe_rate_mean,5,-0.14834406208922363,-0.3188826667464721,0.007097970955370514
forest_co_management,medium_actor,limited_overseer,hybrid_minus_bottom_up_only,test_local_pass_global_fail_rate_mean,5,0.009714754219676,-0.0091576629360967,0.0671990672559627
forest_co_management,medium_actor,limited_overseer,hybrid_minus_bottom_up_only,test_mean_patch_health_mean,5,3.244954417954343,2.173238305539149,4.307551083291015
forest_co_management,medium_actor,limited_overseer,hybrid_minus_bottom_up_only,test_mean_welfare_mean,5,-2.8937162370444054,-3.8901701842285927,-2.115523350673671
forest_co_management,medium_actor,limited_overseer,hybrid_minus_bottom_up_only,test_governance_budget_spent_mean,5,3.81081875,3.5925625,4.138927083333333
forest_co_management,medium_actor,limited_overseer,top_down_only_minus_bottom_up_only,test_global_unsafe_rate_mean,5,-0.10953374866759616,-0.2815532463774651,-0.013406444805499088
forest_co_management,medium_actor,limited_overseer,top_down_only_minus_bottom_up_only,test_local_pass_global_fail_rate_mean,5,0.03373237767893042,0.0043934649749747985,0.06792119483525741
forest_co_management,medium_actor,limited_overseer,top_down_only_minus_bottom_up_only,test_mean_patch_health_mean,5,2.9363040149476682,2.469584224631756,3.8424516283189956
forest_co_management,medium_actor,limited_overseer,top_down_only_minus_bottom_up_only,test_mean_welfare_mean,5,-3.550080901581532,-4.128673107992391,-2.8156924333380964
forest_co_management,medium_actor,limited_overseer,top_down_only_minus_bottom_up_only,test_governance_budget_spent_mean,5,4.10164375,4.00178125,4.21434375
forest_co_management,medium_actor,strong_overseer,hybrid_minus_top_down_only,test_global_unsafe_rate_mean,5,0.0,0.0,0.0
forest_co_management,medium_actor,strong_overseer,hybrid_minus_top_down_only,test_local_pass_global_fail_rate_mean,5,0.0,0.0,0.0
forest_co_management,medium_actor,strong_overseer,hybrid_minus_top_down_only,test_mean_patch_health_mean,5,0.019008235595130783,0.006928097372341568,0.03306116649860158
forest_co_management,medium_actor,strong_overseer,hybrid_minus_top_down_only,test_mean_welfare_mean,5,-0.05912857892109358,-0.2631550640168516,0.16606339486554234
forest_co_management,medium_actor,strong_overseer,hybrid_minus_top_down_only,test_governance_budget_spent_mean,5,0.0,0.0,0.0
forest_co_management,medium_actor,strong_overseer,hybrid_minus_bottom_up_only,test_global_unsafe_rate_mean,5,-0.2089009361675961,-0.3699842359607984,-0.1382436843888324
forest_co_management,medium_actor,strong_overseer,hybrid_minus_bottom_up_only,test_local_pass_global_fail_rate_mean,5,-0.015861372321069538,-0.0272601808583585,-0.0065254197480759
forest_co_management,medium_actor,strong_overseer,hybrid_minus_bottom_up_only,test_mean_patch_health_mean,5,3.3744845599720015,2.8428459304561198,4.109952215099915
forest_co_management,medium_actor,strong_overseer,hybrid_minus_bottom_up_only,test_mean_welfare_mean,5,-1.3443033590483637,-1.6103810369815896,-0.9805443928652391
forest_co_management,medium_actor,strong_overseer,hybrid_minus_bottom_up_only,test_governance_budget_spent_mean,5,0.0,0.0,0.0
forest_co_management,medium_actor,strong_overseer,top_down_only_minus_bottom_up_only,test_global_unsafe_rate_mean,5,-0.2089009361675961,-0.3699842359607984,-0.1382436843888324
forest_co_management,medium_actor,strong_overseer,top_down_only_minus_bottom_up_only,test_local_pass_global_fail_rate_mean,5,-0.015861372321069538,-0.0272601808583585,-0.0065254197480759
forest_co_management,medium_actor,strong_overseer,top_down_only_minus_bottom_up_only,test_mean_patch_health_mean,5,3.3554763243768706,2.8326773195047164,4.103024117727573
forest_co_management,medium_actor,strong_overseer,top_down_only_minus_bottom_up_only,test_mean_welfare_mean,5,-1.2851747801272702,-1.5714250071523974,-1.0186164631160306
forest_co_management,medium_actor,strong_overseer,top_down_only_minus_bottom_up_only,test_governance_budget_spent_mean,5,0.0,0.0,0.0
forest_co_management,medium_actor,weak_overseer,hybrid_minus_top_down_only,test_global_unsafe_rate_mean,5,-0.04642858649237041,-0.0966593604771454,0.05379472704217522
forest_co_management,medium_actor,weak_overseer,hybrid_minus_top_down_only,test_local_pass_global_fail_rate_mean,5,-0.03150596476518954,-0.056409102327071095,0.0409014740380448
forest_co_management,medium_actor,weak_overseer,hybrid_minus_top_down_only,test_mean_patch_health_mean,5,0.15108783088960606,-0.6943879416279515,0.6211531316236485
forest_co_management,medium_actor,weak_overseer,hybrid_minus_top_down_only,test_mean_welfare_mean,5,-0.2918746696483332,-1.3152803377904174,0.2673910761256373
forest_co_management,medium_actor,weak_overseer,hybrid_minus_top_down_only,test_governance_budget_spent_mean,5,-0.025400000000000134,-0.25649999999999995,0.2052291666666668
forest_co_management,medium_actor,weak_overseer,hybrid_minus_bottom_up_only,test_global_unsafe_rate_mean,5,-0.11976205594779457,-0.29596079846079837,0.04372922663128012
forest_co_management,medium_actor,weak_overseer,hybrid_minus_bottom_up_only,test_local_pass_global_fail_rate_mean,5,0.019103535224216657,-0.0042000172859546995,0.0935651098585474
forest_co_management,medium_actor,weak_overseer,hybrid_minus_bottom_up_only,test_mean_patch_health_mean,5,2.704881642159442,1.7811872249724559,3.5036444928392854
forest_co_management,medium_actor,weak_overseer,hybrid_minus_bottom_up_only,test_mean_welfare_mean,5,-3.218648470052134,-4.408207082680894,-1.6024056385126801
forest_co_management,medium_actor,weak_overseer,hybrid_minus_bottom_up_only,test_governance_budget_spent_mean,5,2.6801208333333326,2.4996666666666667,2.8466666666666667
forest_co_management,medium_actor,weak_overseer,top_down_only_minus_bottom_up_only,test_global_unsafe_rate_mean,5,-0.07333346945542416,-0.2040224698623136,0.013343614436150425
forest_co_management,medium_actor,weak_overseer,top_down_only_minus_bottom_up_only,test_local_pass_global_fail_rate_mean,5,0.05060949998940619,0.0408395829133422,0.055211863512644795
forest_co_management,medium_actor,weak_overseer,top_down_only_minus_bottom_up_only,test_mean_patch_health_mean,5,2.553793811269836,2.043986313472086,3.0755846753534986
forest_co_management,medium_actor,weak_overseer,top_down_only_minus_bottom_up_only,test_mean_welfare_mean,5,-2.926773800403801,-3.723651127399785,-1.4618736684015268
forest_co_management,medium_actor,weak_overseer,top_down_only_minus_bottom_up_only,test_governance_budget_spent_mean,5,2.705520833333333,2.5737083333333333,2.7881041666666664
