scenario_preset,actor_capability_level,overseer_capability_level,condition,capability_gap,test_global_unsafe_rate_mean,test_local_pass_global_fail_rate_mean,test_mean_patch_health_mean,test_mean_welfare_mean,test_governance_budget_spent_mean
community_irrigation,high_actor,limited_overseer,bottom_up_only,1,0.0262513020833333,0.00024739583333331996,12.455959643261252,16.257846258707637,0.0
community_irrigation,high_actor,limited_overseer,hybrid,1,0.05058984374999996,0.00252343749999996,14.501340274494728,13.958454550373347,3.3318666666666674
community_irrigation,high_actor,limited_overseer,none,1,0.05909997828522688,0.00015104166666666,12.381488274785195,16.36485680394428,0.0
community_irrigation,high_actor,limited_overseer,top_down_only,1,0.07457552083333333,0.00502734374999996,14.284211377997797,13.683515562938826,3.4738750000000005
community_irrigation,high_actor,strong_overseer,bottom_up_only,0,0.0262513020833333,0.00024739583333331996,12.455959643261252,16.257846258707637,0.0
community_irrigation,high_actor,strong_overseer,hybrid,0,0.0,0.0,14.999028429464962,14.636055406297086,0.0
community_irrigation,high_actor,strong_overseer,none,0,0.05909997828522688,0.00015104166666666,12.381488274785195,16.36485680394428,0.0
community_irrigation,high_actor,strong_overseer,top_down_only,0,0.0,0.0,14.966538063220625,14.638405303815517,0.0
community_irrigation,high_actor,weak_overseer,bottom_up_only,2,0.0262513020833333,0.00024739583333331996,12.455959643261252,16.257846258707637,0.0
community_irrigation,high_actor,weak_overseer,hybrid,2,0.06475651041666662,0.0264963831018518,14.259286778480178,13.75669487862567,2.3498458333333336
community_irrigation,high_actor,weak_overseer,none,2,0.05909997828522688,0.00015104166666666,12.381488274785195,16.36485680394428,0.0
community_irrigation,high_actor,weak_overseer,top_down_only,2,0.0912252604166666,0.03423567708333328,14.106284157753171,13.037787783867099,2.455145833333334
community_irrigation,low_actor,limited_overseer,bottom_up_only,-1,0.08424218749999998,0.00038541666666664,11.934094872932551,15.689305720820633,0.0
community_irrigation,low_actor,limited_overseer,hybrid,-1,0.033229166666666636,0.00134635416666664,14.632411624325181,13.876903845581191,3.3182375
community_irrigation,low_actor,limited_overseer,none,-1,0.1269476345352269,0.00018229166666666,12.026566780959891,15.761215513506333,0.0
community_irrigation,low_actor,limited_overseer,top_down_only,-1,0.0311223958333333,0.0016588541666666466,14.644512562842854,13.643184463780267,3.3893458333333335
community_irrigation,low_actor,strong_overseer,bottom_up_only,-2,0.08424218749999998,0.00038541666666664,11.934094872932551,15.689305720820633,0.0
community_irrigation,low_actor,strong_overseer,hybrid,-2,0.0,0.0,15.099440810768826,14.440013874307501,0.0
community_irrigation,low_actor,strong_overseer,none,-2,0.1269476345352269,0.00018229166666666,12.026566780959891,15.761215513506333,0.0
community_irrigation,low_actor,strong_overseer,top_down_only,-2,0.0,0.0,15.0440367288267,14.268607517258872,0.0
community_irrigation,low_actor,weak_overseer,bottom_up_only,0,0.08424218749999998,0.00038541666666664,11.934094872932551,15.689305720820633,0.0
community_irrigation,low_actor,weak_overseer,hybrid,0,0.04616276041666662,0.01072005208333328,14.372540136275248,13.370853077862147,2.376395833333333
community_irrigation,low_actor,weak_overseer,none,0,0.1269476345352269,0.00018229166666666,12.026566780959891,15.761215513506333,0.0
community_irrigation,low_actor,weak_overseer,top_down_only,0,0.05995703124999998,0.01584374999999996,14.394940652249804,12.970690257199971,2.3680458333333334
community_irrigation,medium_actor,limited_overseer,bottom_up_only,0,0.050316406249999945,0.0020182291666666604,12.184349314248376,16.009156692220195,0.0
community_irrigation,medium_actor,limited_overseer,hybrid,0,0.0605325520833333,0.0030937499999999798,14.385243004189695,13.944932767868966,3.3671750000000005
community_irrigation,medium_actor,limited_overseer,none,0,0.06406612411856025,0.00013802083333333334,12.163131978007822,16.243286426641987,0.0
community_irrigation,medium_actor,limited_overseer,top_down_only,0,0.07984765624999998,0.0083919270833333,14.27509461156688,13.296287745569472,3.5376312499999996
community_irrigation,medium_actor,strong_overseer,bottom_up_only,-1,0.050316406249999945,0.0020182291666666604,12.184349314248376,16.009156692220195,0.0
community_irrigation,medium_actor,strong_overseer,hybrid,-1,0.0,0.0,14.98813731097496,14.562227108177359,0.0
community_irrigation,medium_actor,strong_overseer,none,-1,0.06406612411856025,0.00013802083333333334,12.163131978007822,16.243286426641987,0.0
community_irrigation,medium_actor,strong_overseer,top_down_only,-1,0.0,0.0,14.967490325928967,14.4789261846909,0.0
community_irrigation,medium_actor,weak_overseer,bottom_up_only,1,0.050316406249999945,0.0020182291666666604,12.184349314248376,16.009156692220195,0.0
community_irrigation,medium_actor,weak_overseer,hybrid,1,0.06558017113095234,0.018918873371998317,14.203610559457658,13.209604414877258,2.4246041666666662
community_irrigation,medium_actor,weak_overseer,none,1,0.06406612411856025,0.00013802083333333334,12.163131978007822,16.243286426641987,0.0
community_irrigation,medium_actor,weak_overseer,top_down_only,1,0.09136553030303028,0.043262154598873295,14.172862997159616,12.108804457037783,2.540004166666667
forest_co_management,high_actor,limited_overseer,bottom_up_only,1,0.20128737641459066,0.024966650554331882,11.24006290851606,13.53755180463078,0.0
forest_co_management,high_actor,limited_overseer,hybrid,1,0.07667086226851848,0.0324036458333333,14.042051348794825,10.666562514540582,3.858858333333334
forest_co_management,high_actor,limited_overseer,none,1,0.2441752274735717,0.0322325820810966,11.053014448543408,13.465986089293711,0.0
forest_co_management,high_actor,limited_overseer,top_down_only,1,0.11811033740942026,0.050971354166666635,13.664518708256542,10.734002842314547,3.9679875000000004
forest_co_management,high_actor,strong_overseer,bottom_up_only,0,0.20128737641459066,0.024966650554331882,11.24006290851606,13.53755180463078,0.0
forest_co_management,high_actor,strong_overseer,hybrid,0,1.3020833333333335e-06,0.0,14.336444223200392,12.073267423563493,0.0
forest_co_management,high_actor,strong_overseer,none,0,0.2441752274735717,0.0322325820810966,11.053014448543408,13.465986089293711,0.0
forest_co_management,high_actor,strong_overseer,top_down_only,0,1.3020833333333335e-06,0.0,14.325223433727933,12.132825973475938,0.0
forest_co_management,high_actor,weak_overseer,bottom_up_only,2,0.20128737641459066,0.024966650554331882,11.24006290851606,13.53755180463078,0.0
forest_co_management,high_actor,weak_overseer,hybrid,2,0.044540699558332064,0.014042150194343923,13.851630414548953,11.075582213647428,2.7480833333333328
forest_co_management,high_actor,weak_overseer,none,2,0.2441752274735717,0.0322325820810966,11.053014448543408,13.465986089293711,0.0
forest_co_management,high_actor,weak_overseer,top_down_only,2,0.1383405846843347,0.06465732157060278,13.3356444681048,11.225276101376824,2.6674916666666664
forest_co_management,low_actor,limited_overseer,bottom_up_only,-1,0.2642790130189009,0.02750014879625992,10.969897136719792,13.187515263904064,0.0
forest_co_management,low_actor,limited_overseer,hybrid,-1,0.0552017642991434,0.0175602427076161,14.117137995068678,10.580370959982758,3.8803687499999997
forest_co_management,low_actor,limited_overseer,none,-1,0.38081996669485785,0.049435941488875125,10.259567754855848,13.073181397330917,0.0
forest_co_management,low_actor,limited_overseer,top_down_only,-1,0.07073437499999996,0.025154947916666635,14.000966986160815,10.902773100790345,3.859970833333333
forest_co_management,low_actor,strong_overseer,bottom_up_only,-2,0.2642790130189009,0.02750014879625992,10.969897136719792,13.187515263904064,0.0
forest_co_management,low_actor,strong_overseer,hybrid,-2,0.0,0.0,14.380354113651578,12.022084060269018,0.0
forest_co_management,low_actor,strong_overseer,none,-2,0.38081996669485785,0.049435941488875125,10.259567754855848,13.073181397330917,0.0
forest_co_management,low_actor,strong_overseer,top_down_only,-2,2.604166666666667e-06,0.0,14.346312372987857,12.132895331070253,0.0
forest_co_management,low_actor,weak_overseer,bottom_up_only,0,0.2642790130189009,0.02750014879625992,10.969897136719792,13.187515263904064,0.0
forest_co_management,low_actor,weak_overseer,hybrid,0,0.091519341963054,0.035505080595437076,13.607548020421186,10.40577087486179,2.6708125
forest_co_management,low_actor,weak_overseer,none,0,0.38081996669485785,0.049435941488875125,10.259567754855848,13.073181397330917,0.0
forest_co_management,low_actor,weak_overseer,top_down_only,0,0.11260250946969692,0.05736526533894952,13.648796561493404,10.439060254300985,2.6975041666666666
forest_co_management,medium_actor,limited_overseer,bottom_up_only,0,0.20890223825092943,0.015861372321069538,10.960978602235368,13.389967171668735,0.0
forest_co_management,medium_actor,limited_overseer,hybrid,0,0.06055817616170582,0.025576126540745543,14.205933020189713,10.496250934624332,3.81081875
forest_co_management,medium_actor,limited_overseer,none,0,0.28960805940334,0.041180903256187465,10.609841335410376,13.57107022989818,0.0
forest_co_management,medium_actor,limited_overseer,top_down_only,0,0.0993684895833333,0.04959374999999996,13.897282617183038,9.839886270087204,4.10164375
forest_co_management,medium_actor,strong_overseer,bottom_up_only,-1,0.20890223825092943,0.015861372321069538,10.960978602235368,13.389967171668735,0.0
forest_co_management,medium_actor,strong_overseer,hybrid,-1,1.3020833333333335e-06,0.0,14.335463162207372,12.045663812620372,0.0
forest_co_management,medium_actor,strong_overseer,none,-1,0.28960805940334,0.041180903256187465,10.609841335410376,13.57107022989818,0.0
forest_co_management,medium_actor,strong_overseer,top_down_only,-1,1.3020833333333335e-06,0.0,14.316454926612241,12.104792391541466,0.0
forest_co_management,medium_actor,weak_overseer,bottom_up_only,1,0.20890223825092943,0.015861372321069538,10.960978602235368,13.389967171668735,0.0
forest_co_management,medium_actor,weak_overseer,hybrid,1,0.08914018230313489,0.0349649075452862,13.665860244394812,10.171318701616602,2.680120833333333
forest_co_management,medium_actor,weak_overseer,none,1,0.28960805940334,0.041180903256187465,10.609841335410376,13.57107022989818,0.0
forest_co_management,medium_actor,weak_overseer,top_down_only,1,0.1355687687955053,0.06647087231047574,13.514772413505204,10.463193371264936,2.7055208333333334
