game,context,inspection_budget,method,safe_resolved,risky_resolved,unresolved,safe_rejected,harmful_accepted
fishery,0,0,joint,15,1,0,5,0
fishery,0,0,local_bounded,15,1,0,5,0
fishery,0,0,local_optimistic,15,1,0,0,0
fishery,0,3,joint,15,1,0,2,0
fishery,0,3,local_bounded,15,1,0,5,0
fishery,0,3,local_optimistic,15,1,0,0,0
fishery,0,6,joint,15,1,0,0,0
fishery,0,6,local_bounded,15,1,0,1,0
fishery,0,6,local_optimistic,15,1,0,0,1
fishery,1,0,joint,7,1,0,2,0
fishery,1,0,local_bounded,7,1,0,2,0
fishery,1,0,local_optimistic,7,1,0,0,1
fishery,1,3,joint,7,1,0,2,0
fishery,1,3,local_bounded,7,1,0,2,0
fishery,1,3,local_optimistic,7,1,0,0,1
fishery,1,6,joint,7,1,0,0,0
fishery,1,6,local_bounded,7,1,0,2,0
fishery,1,6,local_optimistic,7,1,0,0,1
fishery,2,0,joint,10,1,0,5,0
fishery,2,0,local_bounded,10,1,0,5,0
fishery,2,0,local_optimistic,10,1,0,0,1
fishery,2,3,joint,10,1,0,2,0
fishery,2,3,local_bounded,10,1,0,5,0
fishery,2,3,local_optimistic,10,1,0,0,1
fishery,2,6,joint,10,1,0,0,0
fishery,2,6,local_bounded,10,1,0,1,0
fishery,2,6,local_optimistic,10,1,0,0,1
fishery,3,0,joint,8,1,0,4,0
fishery,3,0,local_bounded,8,1,0,4,0
fishery,3,0,local_optimistic,8,1,0,0,1
fishery,3,3,joint,8,1,0,3,0
fishery,3,3,local_bounded,8,1,0,4,0
fishery,3,3,local_optimistic,8,1,0,0,1
fishery,3,6,joint,8,1,0,0,0
fishery,3,6,local_bounded,8,1,0,2,0
fishery,3,6,local_optimistic,8,1,0,0,1
fishery,4,0,joint,12,1,0,3,0
fishery,4,0,local_bounded,12,1,0,3,0
fishery,4,0,local_optimistic,12,1,0,0,1
fishery,4,3,joint,12,1,0,1,0
fishery,4,3,local_bounded,12,1,0,3,0
fishery,4,3,local_optimistic,12,1,0,0,1
fishery,4,6,joint,12,1,0,0,0
fishery,4,6,local_bounded,12,1,0,2,0
fishery,4,6,local_optimistic,12,1,0,0,1
fishery,5,0,joint,8,1,0,3,0
fishery,5,0,local_bounded,8,1,0,3,0
fishery,5,0,local_optimistic,8,1,0,0,0
fishery,5,3,joint,8,1,0,2,0
fishery,5,3,local_bounded,8,1,0,3,0
fishery,5,3,local_optimistic,8,1,0,0,0
fishery,5,6,joint,8,1,0,0,0
fishery,5,6,local_bounded,8,1,0,2,0
fishery,5,6,local_optimistic,8,1,0,0,1
fishery,6,0,joint,6,1,0,2,0
fishery,6,0,local_bounded,6,1,0,2,0
fishery,6,0,local_optimistic,6,1,0,0,1
fishery,6,3,joint,6,1,0,1,0
fishery,6,3,local_bounded,6,1,0,2,0
fishery,6,3,local_optimistic,6,1,0,0,1
fishery,6,6,joint,6,1,0,0,0
fishery,6,6,local_bounded,6,1,0,2,0
fishery,6,6,local_optimistic,6,1,0,0,1
fishery,7,0,joint,8,1,0,2,0
fishery,7,0,local_bounded,8,1,0,2,0
fishery,7,0,local_optimistic,8,1,0,0,1
fishery,7,3,joint,8,1,0,1,0
fishery,7,3,local_bounded,8,1,0,2,0
fishery,7,3,local_optimistic,8,1,0,0,1
fishery,7,6,joint,8,1,0,0,0
fishery,7,6,local_bounded,8,1,0,2,0
fishery,7,6,local_optimistic,8,1,0,0,1
fishery,8,0,joint,9,1,0,5,0
fishery,8,0,local_bounded,9,1,0,5,0
fishery,8,0,local_optimistic,9,1,0,0,1
fishery,8,3,joint,9,1,0,2,0
fishery,8,3,local_bounded,9,1,0,5,0
fishery,8,3,local_optimistic,9,1,0,0,1
fishery,8,6,joint,9,1,0,0,0
fishery,8,6,local_bounded,9,1,0,1,0
fishery,8,6,local_optimistic,9,1,0,0,1
fishery,9,0,joint,8,1,0,3,0
fishery,9,0,local_bounded,8,1,0,3,0
fishery,9,0,local_optimistic,8,1,0,0,1
fishery,9,3,joint,8,1,0,1,0
fishery,9,3,local_bounded,8,1,0,3,0
fishery,9,3,local_optimistic,8,1,0,0,1
fishery,9,6,joint,8,1,0,0,0
fishery,9,6,local_bounded,8,1,0,2,0
fishery,9,6,local_optimistic,8,1,0,0,1
fishery,10,0,joint,15,1,0,9,0
fishery,10,0,local_bounded,15,1,0,9,0
fishery,10,0,local_optimistic,15,1,0,0,1
fishery,10,3,joint,15,1,0,3,0
fishery,10,3,local_bounded,15,1,0,9,0
fishery,10,3,local_optimistic,15,1,0,0,1
fishery,10,6,joint,15,1,0,0,0
fishery,10,6,local_bounded,15,1,0,1,0
fishery,10,6,local_optimistic,15,1,0,0,1
fishery,11,0,joint,7,1,0,2,0
fishery,11,0,local_bounded,7,1,0,2,0
fishery,11,0,local_optimistic,7,1,0,0,0
fishery,11,3,joint,7,1,0,1,0
fishery,11,3,local_bounded,7,1,0,2,0
fishery,11,3,local_optimistic,7,1,0,0,0
fishery,11,6,joint,7,1,0,0,0
fishery,11,6,local_bounded,7,1,0,2,0
fishery,11,6,local_optimistic,7,1,0,0,1
fishery,12,0,joint,8,1,0,2,0
fishery,12,0,local_bounded,8,1,0,2,0
fishery,12,0,local_optimistic,8,1,0,0,0
fishery,12,3,joint,8,1,0,2,0
fishery,12,3,local_bounded,8,1,0,2,0
fishery,12,3,local_optimistic,8,1,0,0,0
fishery,12,6,joint,8,1,0,0,0
fishery,12,6,local_bounded,8,1,0,2,0
fishery,12,6,local_optimistic,8,1,0,0,1
fishery,13,0,joint,7,1,0,3,0
fishery,13,0,local_bounded,7,1,0,3,0
fishery,13,0,local_optimistic,7,1,0,0,0
fishery,13,3,joint,7,1,0,2,0
fishery,13,3,local_bounded,7,1,0,3,0
fishery,13,3,local_optimistic,7,1,0,0,0
fishery,13,6,joint,7,1,0,0,0
fishery,13,6,local_bounded,7,1,0,3,0
fishery,13,6,local_optimistic,7,1,0,0,1
fishery,14,0,joint,16,1,0,7,0
fishery,14,0,local_bounded,16,1,0,7,0
fishery,14,0,local_optimistic,16,1,0,0,1
fishery,14,3,joint,16,1,0,2,0
fishery,14,3,local_bounded,16,1,0,7,0
fishery,14,3,local_optimistic,16,1,0,0,1
fishery,14,6,joint,16,1,0,0,0
fishery,14,6,local_bounded,16,1,0,1,0
fishery,14,6,local_optimistic,16,1,0,0,1
fishery,15,0,joint,10,1,0,5,0
fishery,15,0,local_bounded,10,1,0,5,0
fishery,15,0,local_optimistic,10,1,0,0,1
fishery,15,3,joint,10,1,0,2,0
fishery,15,3,local_bounded,10,1,0,5,0
fishery,15,3,local_optimistic,10,1,0,0,1
fishery,15,6,joint,10,1,0,0,0
fishery,15,6,local_bounded,10,1,0,2,0
fishery,15,6,local_optimistic,10,1,0,0,1
fishery,16,0,joint,80,0,0,0,0
fishery,16,0,local_bounded,80,0,0,0,0
fishery,16,0,local_optimistic,80,0,0,0,0
fishery,16,3,joint,80,0,0,0,0
fishery,16,3,local_bounded,80,0,0,0,0
fishery,16,3,local_optimistic,80,0,0,0,0
fishery,16,6,joint,80,0,0,0,0
fishery,16,6,local_bounded,80,0,0,0,0
fishery,16,6,local_optimistic,80,0,0,0,0
fishery,17,0,joint,8,1,0,4,0
fishery,17,0,local_bounded,8,1,0,4,0
fishery,17,0,local_optimistic,8,1,0,0,1
fishery,17,3,joint,8,1,0,2,0
fishery,17,3,local_bounded,8,1,0,4,0
fishery,17,3,local_optimistic,8,1,0,0,1
fishery,17,6,joint,8,1,0,0,0
fishery,17,6,local_bounded,8,1,0,2,0
fishery,17,6,local_optimistic,8,1,0,0,1
fishery,18,0,joint,36,1,0,7,0
fishery,18,0,local_bounded,36,1,0,7,0
fishery,18,0,local_optimistic,36,1,0,0,0
fishery,18,3,joint,36,1,0,2,0
fishery,18,3,local_bounded,36,1,0,7,0
fishery,18,3,local_optimistic,36,1,0,0,0
fishery,18,6,joint,36,1,0,0,0
fishery,18,6,local_bounded,36,1,0,1,0
fishery,18,6,local_optimistic,36,1,0,0,1
fishery,19,0,joint,8,1,0,3,0
fishery,19,0,local_bounded,8,1,0,3,0
fishery,19,0,local_optimistic,8,1,0,0,1
fishery,19,3,joint,8,1,0,2,0
fishery,19,3,local_bounded,8,1,0,3,0
fishery,19,3,local_optimistic,8,1,0,0,1
fishery,19,6,joint,8,1,0,0,0
fishery,19,6,local_bounded,8,1,0,1,0
fishery,19,6,local_optimistic,8,1,0,0,1
fishery,20,0,joint,7,1,0,2,0
fishery,20,0,local_bounded,7,1,0,2,0
fishery,20,0,local_optimistic,7,1,0,0,1
fishery,20,3,joint,7,1,0,1,0
fishery,20,3,local_bounded,7,1,0,2,0
fishery,20,3,local_optimistic,7,1,0,0,1
fishery,20,6,joint,7,1,0,0,0
fishery,20,6,local_bounded,7,1,0,1,0
fishery,20,6,local_optimistic,7,1,0,0,1
fishery,21,0,joint,8,1,0,4,0
fishery,21,0,local_bounded,8,1,0,4,0
fishery,21,0,local_optimistic,8,1,0,0,1
fishery,21,3,joint,8,1,0,2,0
fishery,21,3,local_bounded,8,1,0,4,0
fishery,21,3,local_optimistic,8,1,0,0,1
fishery,21,6,joint,8,1,0,0,0
fishery,21,6,local_bounded,8,1,0,1,0
fishery,21,6,local_optimistic,8,1,0,0,1
fishery,22,0,joint,7,1,0,3,0
fishery,22,0,local_bounded,7,1,0,3,0
fishery,22,0,local_optimistic,7,1,0,0,0
fishery,22,3,joint,7,1,0,2,0
fishery,22,3,local_bounded,7,1,0,3,0
fishery,22,3,local_optimistic,7,1,0,0,0
fishery,22,6,joint,7,1,0,0,0
fishery,22,6,local_bounded,7,1,0,2,0
fishery,22,6,local_optimistic,7,1,0,0,1
fishery,23,0,joint,8,1,0,3,0
fishery,23,0,local_bounded,8,1,0,3,0
fishery,23,0,local_optimistic,8,1,0,0,1
fishery,23,3,joint,8,1,0,1,0
fishery,23,3,local_bounded,8,1,0,3,0
fishery,23,3,local_optimistic,8,1,0,0,1
fishery,23,6,joint,8,1,0,0,0
fishery,23,6,local_bounded,8,1,0,3,0
fishery,23,6,local_optimistic,8,1,0,0,1
fishery,24,0,joint,10,1,0,5,0
fishery,24,0,local_bounded,10,1,0,5,0
fishery,24,0,local_optimistic,10,1,0,0,0
fishery,24,3,joint,10,1,0,2,0
fishery,24,3,local_bounded,10,1,0,5,0
fishery,24,3,local_optimistic,10,1,0,0,0
fishery,24,6,joint,10,1,0,0,0
fishery,24,6,local_bounded,10,1,0,2,0
fishery,24,6,local_optimistic,10,1,0,0,1
fishery,25,0,joint,10,1,0,2,0
fishery,25,0,local_bounded,10,1,0,2,0
fishery,25,0,local_optimistic,10,1,0,0,1
fishery,25,3,joint,10,1,0,1,0
fishery,25,3,local_bounded,10,1,0,2,0
fishery,25,3,local_optimistic,10,1,0,0,1
fishery,25,6,joint,10,1,0,0,0
fishery,25,6,local_bounded,10,1,0,1,0
fishery,25,6,local_optimistic,10,1,0,0,1
fishery,26,0,joint,8,1,0,2,0
fishery,26,0,local_bounded,8,1,0,2,0
fishery,26,0,local_optimistic,8,1,0,0,1
fishery,26,3,joint,8,1,0,1,0
fishery,26,3,local_bounded,8,1,0,2,0
fishery,26,3,local_optimistic,8,1,0,0,1
fishery,26,6,joint,8,1,0,0,0
fishery,26,6,local_bounded,8,1,0,1,0
fishery,26,6,local_optimistic,8,1,0,0,1
fishery,27,0,joint,12,1,0,5,0
fishery,27,0,local_bounded,12,1,0,5,0
fishery,27,0,local_optimistic,12,1,0,0,1
fishery,27,3,joint,12,1,0,2,0
fishery,27,3,local_bounded,12,1,0,5,0
fishery,27,3,local_optimistic,12,1,0,0,1
fishery,27,6,joint,12,1,0,0,0
fishery,27,6,local_bounded,12,1,0,1,0
fishery,27,6,local_optimistic,12,1,0,0,1
fishery,28,0,joint,7,1,0,3,0
fishery,28,0,local_bounded,7,1,0,3,0
fishery,28,0,local_optimistic,7,1,0,0,1
fishery,28,3,joint,7,1,0,2,0
fishery,28,3,local_bounded,7,1,0,3,0
fishery,28,3,local_optimistic,7,1,0,0,1
fishery,28,6,joint,7,1,0,0,0
fishery,28,6,local_bounded,7,1,0,2,0
fishery,28,6,local_optimistic,7,1,0,0,1
fishery,29,0,joint,7,1,0,3,0
fishery,29,0,local_bounded,7,1,0,3,0
fishery,29,0,local_optimistic,7,1,0,0,1
fishery,29,3,joint,7,1,0,1,0
fishery,29,3,local_bounded,7,1,0,3,0
fishery,29,3,local_optimistic,7,1,0,0,1
fishery,29,6,joint,7,1,0,0,0
fishery,29,6,local_bounded,7,1,0,2,0
fishery,29,6,local_optimistic,7,1,0,0,1
fishery,30,0,joint,20,1,0,10,0
fishery,30,0,local_bounded,20,1,0,10,0
fishery,30,0,local_optimistic,20,1,0,0,0
fishery,30,3,joint,20,1,0,3,0
fishery,30,3,local_bounded,20,1,0,10,0
fishery,30,3,local_optimistic,20,1,0,0,0
fishery,30,6,joint,20,1,0,0,0
fishery,30,6,local_bounded,20,1,0,2,0
fishery,30,6,local_optimistic,20,1,0,0,1
fishery,31,0,joint,10,1,0,5,0
fishery,31,0,local_bounded,10,1,0,5,0
fishery,31,0,local_optimistic,10,1,0,0,0
fishery,31,3,joint,10,1,0,3,0
fishery,31,3,local_bounded,10,1,0,5,0
fishery,31,3,local_optimistic,10,1,0,0,0
fishery,31,6,joint,10,1,0,0,0
fishery,31,6,local_bounded,10,1,0,3,0
fishery,31,6,local_optimistic,10,1,0,0,1
fishery,32,0,joint,9,1,0,3,0
fishery,32,0,local_bounded,9,1,0,3,0
fishery,32,0,local_optimistic,9,1,0,0,1
fishery,32,3,joint,9,1,0,2,0
fishery,32,3,local_bounded,9,1,0,3,0
fishery,32,3,local_optimistic,9,1,0,0,1
fishery,32,6,joint,9,1,0,0,0
fishery,32,6,local_bounded,9,1,0,2,0
fishery,32,6,local_optimistic,9,1,0,0,1
fishery,33,0,joint,10,1,0,3,0
fishery,33,0,local_bounded,10,1,0,3,0
fishery,33,0,local_optimistic,10,1,0,0,1
fishery,33,3,joint,10,1,0,1,0
fishery,33,3,local_bounded,10,1,0,3,0
fishery,33,3,local_optimistic,10,1,0,0,1
fishery,33,6,joint,10,1,0,0,0
fishery,33,6,local_bounded,10,1,0,0,0
fishery,33,6,local_optimistic,10,1,0,0,1
fishery,34,0,joint,8,1,0,4,0
fishery,34,0,local_bounded,8,1,0,4,0
fishery,34,0,local_optimistic,8,1,0,0,1
fishery,34,3,joint,8,1,0,2,0
fishery,34,3,local_bounded,8,1,0,4,0
fishery,34,3,local_optimistic,8,1,0,0,1
fishery,34,6,joint,8,1,0,0,0
fishery,34,6,local_bounded,8,1,0,1,0
fishery,34,6,local_optimistic,8,1,0,0,1
fishery,35,0,joint,7,1,0,2,0
fishery,35,0,local_bounded,7,1,0,2,0
fishery,35,0,local_optimistic,7,1,0,0,1
fishery,35,3,joint,7,1,0,1,0
fishery,35,3,local_bounded,7,1,0,2,0
fishery,35,3,local_optimistic,7,1,0,0,1
fishery,35,6,joint,7,1,0,0,0
fishery,35,6,local_bounded,7,1,0,0,0
fishery,35,6,local_optimistic,7,1,0,0,1
fishery,36,0,joint,10,1,0,4,0
fishery,36,0,local_bounded,10,1,0,4,0
fishery,36,0,local_optimistic,10,1,0,0,1
fishery,36,3,joint,10,1,0,2,0
fishery,36,3,local_bounded,10,1,0,4,0
fishery,36,3,local_optimistic,10,1,0,0,1
fishery,36,6,joint,10,1,0,0,0
fishery,36,6,local_bounded,10,1,0,1,0
fishery,36,6,local_optimistic,10,1,0,0,1
fishery,37,0,joint,8,1,0,3,0
fishery,37,0,local_bounded,8,1,0,3,0
fishery,37,0,local_optimistic,8,1,0,0,1
fishery,37,3,joint,8,1,0,2,0
fishery,37,3,local_bounded,8,1,0,3,0
fishery,37,3,local_optimistic,8,1,0,0,1
fishery,37,6,joint,8,1,0,0,0
fishery,37,6,local_bounded,8,1,0,2,0
fishery,37,6,local_optimistic,8,1,0,0,1
fishery,38,0,joint,9,1,0,3,0
fishery,38,0,local_bounded,9,1,0,3,0
fishery,38,0,local_optimistic,9,1,0,0,1
fishery,38,3,joint,9,1,0,1,0
fishery,38,3,local_bounded,9,1,0,3,0
fishery,38,3,local_optimistic,9,1,0,0,1
fishery,38,6,joint,9,1,0,0,0
fishery,38,6,local_bounded,9,1,0,2,0
fishery,38,6,local_optimistic,9,1,0,0,1
fishery,39,0,joint,17,1,0,4,0
fishery,39,0,local_bounded,17,1,0,4,0
fishery,39,0,local_optimistic,17,1,0,0,1
fishery,39,3,joint,17,1,0,2,0
fishery,39,3,local_bounded,17,1,0,4,0
fishery,39,3,local_optimistic,17,1,0,0,1
fishery,39,6,joint,17,1,0,0,0
fishery,39,6,local_bounded,17,1,0,1,0
fishery,39,6,local_optimistic,17,1,0,0,1
fishery,40,0,joint,7,1,0,2,0
fishery,40,0,local_bounded,7,1,0,2,0
fishery,40,0,local_optimistic,7,1,0,0,1
fishery,40,3,joint,7,1,0,1,0
fishery,40,3,local_bounded,7,1,0,2,0
fishery,40,3,local_optimistic,7,1,0,0,1
fishery,40,6,joint,7,1,0,0,0
fishery,40,6,local_bounded,7,1,0,2,0
fishery,40,6,local_optimistic,7,1,0,0,1
fishery,41,0,joint,17,1,0,6,0
fishery,41,0,local_bounded,17,1,0,6,0
fishery,41,0,local_optimistic,17,1,0,0,0
fishery,41,3,joint,17,1,0,3,0
fishery,41,3,local_bounded,17,1,0,6,0
fishery,41,3,local_optimistic,17,1,0,0,0
fishery,41,6,joint,17,1,0,0,0
fishery,41,6,local_bounded,17,1,0,2,0
fishery,41,6,local_optimistic,17,1,0,0,1
fishery,42,0,joint,6,1,0,2,0
fishery,42,0,local_bounded,6,1,0,2,0
fishery,42,0,local_optimistic,6,1,0,0,1
fishery,42,3,joint,6,1,0,1,0
fishery,42,3,local_bounded,6,1,0,2,0
fishery,42,3,local_optimistic,6,1,0,0,1
fishery,42,6,joint,6,1,0,0,0
fishery,42,6,local_bounded,6,1,0,2,0
fishery,42,6,local_optimistic,6,1,0,0,1
fishery,43,0,joint,7,1,0,3,0
fishery,43,0,local_bounded,7,1,0,3,0
fishery,43,0,local_optimistic,7,1,0,0,1
fishery,43,3,joint,7,1,0,1,0
fishery,43,3,local_bounded,7,1,0,3,0
fishery,43,3,local_optimistic,7,1,0,0,1
fishery,43,6,joint,7,1,0,0,0
fishery,43,6,local_bounded,7,1,0,2,0
fishery,43,6,local_optimistic,7,1,0,0,1
fishery,44,0,joint,14,1,0,6,0
fishery,44,0,local_bounded,14,1,0,6,0
fishery,44,0,local_optimistic,14,1,0,0,1
fishery,44,3,joint,14,1,0,2,0
fishery,44,3,local_bounded,14,1,0,6,0
fishery,44,3,local_optimistic,14,1,0,0,1
fishery,44,6,joint,14,1,0,0,0
fishery,44,6,local_bounded,14,1,0,1,0
fishery,44,6,local_optimistic,14,1,0,0,1
fishery,45,0,joint,12,1,0,4,0
fishery,45,0,local_bounded,12,1,0,4,0
fishery,45,0,local_optimistic,12,1,0,0,1
fishery,45,3,joint,12,1,0,2,0
fishery,45,3,local_bounded,12,1,0,4,0
fishery,45,3,local_optimistic,12,1,0,0,1
fishery,45,6,joint,12,1,0,0,0
fishery,45,6,local_bounded,12,1,0,1,0
fishery,45,6,local_optimistic,12,1,0,0,1
fishery,46,0,joint,10,1,0,5,0
fishery,46,0,local_bounded,10,1,0,5,0
fishery,46,0,local_optimistic,10,1,0,0,1
fishery,46,3,joint,10,1,0,2,0
fishery,46,3,local_bounded,10,1,0,5,0
fishery,46,3,local_optimistic,10,1,0,0,1
fishery,46,6,joint,10,1,0,0,0
fishery,46,6,local_bounded,10,1,0,1,0
fishery,46,6,local_optimistic,10,1,0,0,1
fishery,47,0,joint,11,1,0,5,0
fishery,47,0,local_bounded,11,1,0,5,0
fishery,47,0,local_optimistic,11,1,0,0,1
fishery,47,3,joint,11,1,0,3,0
fishery,47,3,local_bounded,11,1,0,5,0
fishery,47,3,local_optimistic,11,1,0,0,1
fishery,47,6,joint,11,1,0,0,0
fishery,47,6,local_bounded,11,1,0,2,0
fishery,47,6,local_optimistic,11,1,0,0,1
fishery,48,0,joint,9,1,0,3,0
fishery,48,0,local_bounded,9,1,0,3,0
fishery,48,0,local_optimistic,9,1,0,0,0
fishery,48,3,joint,9,1,0,2,0
fishery,48,3,local_bounded,9,1,0,3,0
fishery,48,3,local_optimistic,9,1,0,0,0
fishery,48,6,joint,9,1,0,0,0
fishery,48,6,local_bounded,9,1,0,2,0
fishery,48,6,local_optimistic,9,1,0,0,1
fishery,49,0,joint,10,1,0,4,0
fishery,49,0,local_bounded,10,1,0,4,0
fishery,49,0,local_optimistic,10,1,0,0,1
fishery,49,3,joint,10,1,0,1,0
fishery,49,3,local_bounded,10,1,0,4,0
fishery,49,3,local_optimistic,10,1,0,0,1
fishery,49,6,joint,10,1,0,0,0
fishery,49,6,local_bounded,10,1,0,2,0
fishery,49,6,local_optimistic,10,1,0,0,1
fishery,50,0,joint,7,1,0,2,0
fishery,50,0,local_bounded,7,1,0,2,0
fishery,50,0,local_optimistic,7,1,0,0,1
fishery,50,3,joint,7,1,0,1,0
fishery,50,3,local_bounded,7,1,0,2,0
fishery,50,3,local_optimistic,7,1,0,0,1
fishery,50,6,joint,7,1,0,0,0
fishery,50,6,local_bounded,7,1,0,2,0
fishery,50,6,local_optimistic,7,1,0,0,1
fishery,51,0,joint,10,1,0,4,0
fishery,51,0,local_bounded,10,1,0,4,0
fishery,51,0,local_optimistic,10,1,0,0,1
fishery,51,3,joint,10,1,0,2,0
fishery,51,3,local_bounded,10,1,0,4,0
fishery,51,3,local_optimistic,10,1,0,0,1
fishery,51,6,joint,10,1,0,0,0
fishery,51,6,local_bounded,10,1,0,1,0
fishery,51,6,local_optimistic,10,1,0,0,1
fishery,52,0,joint,8,1,0,3,0
fishery,52,0,local_bounded,8,1,0,3,0
fishery,52,0,local_optimistic,8,1,0,0,1
fishery,52,3,joint,8,1,0,1,0
fishery,52,3,local_bounded,8,1,0,3,0
fishery,52,3,local_optimistic,8,1,0,0,1
fishery,52,6,joint,8,1,0,0,0
fishery,52,6,local_bounded,8,1,0,2,0
fishery,52,6,local_optimistic,8,1,0,0,1
fishery,53,0,joint,11,1,0,4,0
fishery,53,0,local_bounded,11,1,0,4,0
fishery,53,0,local_optimistic,11,1,0,0,1
fishery,53,3,joint,11,1,0,1,0
fishery,53,3,local_bounded,11,1,0,4,0
fishery,53,3,local_optimistic,11,1,0,0,1
fishery,53,6,joint,11,1,0,0,0
fishery,53,6,local_bounded,11,1,0,2,0
fishery,53,6,local_optimistic,11,1,0,0,1
fishery,54,0,joint,7,1,0,3,0
fishery,54,0,local_bounded,7,1,0,3,0
fishery,54,0,local_optimistic,7,1,0,0,1
fishery,54,3,joint,7,1,0,1,0
fishery,54,3,local_bounded,7,1,0,3,0
fishery,54,3,local_optimistic,7,1,0,0,1
fishery,54,6,joint,7,1,0,0,0
fishery,54,6,local_bounded,7,1,0,2,0
fishery,54,6,local_optimistic,7,1,0,0,1
fishery,55,0,joint,7,1,0,2,0
fishery,55,0,local_bounded,7,1,0,2,0
fishery,55,0,local_optimistic,7,1,0,0,1
fishery,55,3,joint,7,1,0,1,0
fishery,55,3,local_bounded,7,1,0,2,0
fishery,55,3,local_optimistic,7,1,0,0,1
fishery,55,6,joint,7,1,0,0,0
fishery,55,6,local_bounded,7,1,0,2,0
fishery,55,6,local_optimistic,7,1,0,0,1
fishery,56,0,joint,13,1,0,5,0
fishery,56,0,local_bounded,13,1,0,5,0
fishery,56,0,local_optimistic,13,1,0,0,1
fishery,56,3,joint,13,1,0,2,0
fishery,56,3,local_bounded,13,1,0,5,0
fishery,56,3,local_optimistic,13,1,0,0,1
fishery,56,6,joint,13,1,0,0,0
fishery,56,6,local_bounded,13,1,0,1,0
fishery,56,6,local_optimistic,13,1,0,0,1
fishery,57,0,joint,9,1,0,2,0
fishery,57,0,local_bounded,9,1,0,2,0
fishery,57,0,local_optimistic,9,1,0,0,1
fishery,57,3,joint,9,1,0,2,0
fishery,57,3,local_bounded,9,1,0,2,0
fishery,57,3,local_optimistic,9,1,0,0,1
fishery,57,6,joint,9,1,0,0,0
fishery,57,6,local_bounded,9,1,0,1,0
fishery,57,6,local_optimistic,9,1,0,0,1
fishery,58,0,joint,7,1,0,2,0
fishery,58,0,local_bounded,7,1,0,2,0
fishery,58,0,local_optimistic,7,1,0,0,1
fishery,58,3,joint,7,1,0,1,0
fishery,58,3,local_bounded,7,1,0,2,0
fishery,58,3,local_optimistic,7,1,0,0,1
fishery,58,6,joint,7,1,0,0,0
fishery,58,6,local_bounded,7,1,0,2,0
fishery,58,6,local_optimistic,7,1,0,0,1
fishery,59,0,joint,9,1,0,3,0
fishery,59,0,local_bounded,9,1,0,3,0
fishery,59,0,local_optimistic,9,1,0,0,1
fishery,59,3,joint,9,1,0,2,0
fishery,59,3,local_bounded,9,1,0,3,0
fishery,59,3,local_optimistic,9,1,0,0,1
fishery,59,6,joint,9,1,0,0,0
fishery,59,6,local_bounded,9,1,0,2,0
fishery,59,6,local_optimistic,9,1,0,0,1
fishery,60,0,joint,6,1,0,3,0
fishery,60,0,local_bounded,6,1,0,3,0
fishery,60,0,local_optimistic,6,1,0,0,0
fishery,60,3,joint,6,1,0,2,0
fishery,60,3,local_bounded,6,1,0,3,0
fishery,60,3,local_optimistic,6,1,0,0,0
fishery,60,6,joint,6,1,0,0,0
fishery,60,6,local_bounded,6,1,0,1,0
fishery,60,6,local_optimistic,6,1,0,0,1
fishery,61,0,joint,7,1,0,3,0
fishery,61,0,local_bounded,7,1,0,3,0
fishery,61,0,local_optimistic,7,1,0,0,0
fishery,61,3,joint,7,1,0,2,0
fishery,61,3,local_bounded,7,1,0,3,0
fishery,61,3,local_optimistic,7,1,0,0,0
fishery,61,6,joint,7,1,0,0,0
fishery,61,6,local_bounded,7,1,0,1,0
fishery,61,6,local_optimistic,7,1,0,0,1
fishery,62,0,joint,6,1,0,2,0
fishery,62,0,local_bounded,6,1,0,2,0
fishery,62,0,local_optimistic,6,1,0,0,1
fishery,62,3,joint,6,1,0,1,0
fishery,62,3,local_bounded,6,1,0,2,0
fishery,62,3,local_optimistic,6,1,0,0,1
fishery,62,6,joint,6,1,0,0,0
fishery,62,6,local_bounded,6,1,0,1,0
fishery,62,6,local_optimistic,6,1,0,0,1
fishery,63,0,joint,6,1,0,2,0
fishery,63,0,local_bounded,6,1,0,2,0
fishery,63,0,local_optimistic,6,1,0,0,1
fishery,63,3,joint,6,1,0,1,0
fishery,63,3,local_bounded,6,1,0,2,0
fishery,63,3,local_optimistic,6,1,0,0,1
fishery,63,6,joint,6,1,0,0,0
fishery,63,6,local_bounded,6,1,0,1,0
fishery,63,6,local_optimistic,6,1,0,0,1
harvest,0,0,joint,143,6,10,143,0
harvest,0,0,local_bounded,143,6,10,143,0
harvest,0,0,local_optimistic,143,6,10,143,0
harvest,0,3,joint,143,6,10,143,0
harvest,0,3,local_bounded,143,6,10,143,0
harvest,0,3,local_optimistic,143,6,10,143,0
harvest,0,6,joint,143,6,10,76,0
harvest,0,6,local_bounded,143,6,10,143,0
harvest,0,6,local_optimistic,143,6,10,72,0
harvest,1,0,joint,5,35,1,5,0
harvest,1,0,local_bounded,5,35,1,5,0
harvest,1,0,local_optimistic,5,35,1,5,0
harvest,1,3,joint,5,35,1,5,0
harvest,1,3,local_bounded,5,35,1,5,0
harvest,1,3,local_optimistic,5,35,1,5,0
harvest,1,6,joint,5,35,1,3,0
harvest,1,6,local_bounded,5,35,1,5,0
harvest,1,6,local_optimistic,5,35,1,3,0
harvest,2,0,joint,10,56,1,10,0
harvest,2,0,local_bounded,10,56,1,10,0
harvest,2,0,local_optimistic,10,56,1,10,0
harvest,2,3,joint,10,56,1,10,0
harvest,2,3,local_bounded,10,56,1,10,0
harvest,2,3,local_optimistic,10,56,1,10,0
harvest,2,6,joint,10,56,1,4,0
harvest,2,6,local_bounded,10,56,1,10,0
harvest,2,6,local_optimistic,10,56,1,3,0
harvest,3,0,joint,14,56,9,14,0
harvest,3,0,local_bounded,14,56,9,14,0
harvest,3,0,local_optimistic,14,56,9,14,0
harvest,3,3,joint,14,56,9,14,0
harvest,3,3,local_bounded,14,56,9,14,0
harvest,3,3,local_optimistic,14,56,9,14,0
harvest,3,6,joint,14,56,9,12,0
harvest,3,6,local_bounded,14,56,9,14,0
harvest,3,6,local_optimistic,14,56,9,11,0
harvest,4,0,joint,13,50,14,13,0
harvest,4,0,local_bounded,13,50,14,13,0
harvest,4,0,local_optimistic,13,50,14,13,0
harvest,4,3,joint,13,50,14,13,0
harvest,4,3,local_bounded,13,50,14,13,0
harvest,4,3,local_optimistic,13,50,14,13,0
harvest,4,6,joint,13,50,14,11,0
harvest,4,6,local_bounded,13,50,14,13,0
harvest,4,6,local_optimistic,13,50,14,10,0
harvest,5,0,joint,57,29,44,57,0
harvest,5,0,local_bounded,57,29,44,57,0
harvest,5,0,local_optimistic,57,29,44,57,0
harvest,5,3,joint,57,29,44,57,0
harvest,5,3,local_bounded,57,29,44,57,0
harvest,5,3,local_optimistic,57,29,44,57,0
harvest,5,6,joint,57,29,44,55,0
harvest,5,6,local_bounded,57,29,44,57,0
harvest,5,6,local_optimistic,57,29,44,55,0
harvest,6,0,joint,144,4,3,144,0
harvest,6,0,local_bounded,144,4,3,144,0
harvest,6,0,local_optimistic,144,4,3,144,0
harvest,6,3,joint,144,4,3,144,0
harvest,6,3,local_bounded,144,4,3,144,0
harvest,6,3,local_optimistic,144,4,3,143,0
harvest,6,6,joint,144,4,3,81,0
harvest,6,6,local_bounded,144,4,3,144,0
harvest,6,6,local_optimistic,144,4,3,78,0
harvest,7,0,joint,103,12,28,103,0
harvest,7,0,local_bounded,103,12,28,103,0
harvest,7,0,local_optimistic,103,12,28,103,0
harvest,7,3,joint,103,12,28,103,0
harvest,7,3,local_bounded,103,12,28,103,0
harvest,7,3,local_optimistic,103,12,28,103,0
harvest,7,6,joint,103,12,28,101,0
harvest,7,6,local_bounded,103,12,28,103,0
harvest,7,6,local_optimistic,103,12,28,101,0
harvest,8,0,joint,2,2,0,2,0
harvest,8,0,local_bounded,2,2,0,2,0
harvest,8,0,local_optimistic,2,2,0,2,0
harvest,8,3,joint,2,2,0,2,0
harvest,8,3,local_bounded,2,2,0,2,0
harvest,8,3,local_optimistic,2,2,0,2,0
harvest,8,6,joint,2,2,0,0,0
harvest,8,6,local_bounded,2,2,0,2,0
harvest,8,6,local_optimistic,2,2,0,0,0
harvest,9,0,joint,152,6,1,152,0
harvest,9,0,local_bounded,152,6,1,152,0
harvest,9,0,local_optimistic,152,6,1,152,0
harvest,9,3,joint,152,6,1,152,0
harvest,9,3,local_bounded,152,6,1,152,0
harvest,9,3,local_optimistic,152,6,1,152,0
harvest,9,6,joint,152,6,1,44,0
harvest,9,6,local_bounded,152,6,1,152,0
harvest,9,6,local_optimistic,152,6,1,31,0
harvest,10,0,joint,35,49,52,35,0
harvest,10,0,local_bounded,35,49,52,35,0
harvest,10,0,local_optimistic,35,49,52,35,0
harvest,10,3,joint,35,49,52,35,0
harvest,10,3,local_bounded,35,49,52,35,0
harvest,10,3,local_optimistic,35,49,52,35,0
harvest,10,6,joint,35,49,52,32,0
harvest,10,6,local_bounded,35,49,52,35,0
harvest,10,6,local_optimistic,35,49,52,31,0
harvest,11,0,joint,116,14,16,116,0
harvest,11,0,local_bounded,116,14,16,116,0
harvest,11,0,local_optimistic,116,14,16,116,0
harvest,11,3,joint,116,14,16,116,0
harvest,11,3,local_bounded,116,14,16,116,0
harvest,11,3,local_optimistic,116,14,16,116,0
harvest,11,6,joint,116,14,16,101,0
harvest,11,6,local_bounded,116,14,16,116,0
harvest,11,6,local_optimistic,116,14,16,98,0
harvest,12,0,joint,134,8,10,134,0
harvest,12,0,local_bounded,134,8,10,134,0
harvest,12,0,local_optimistic,134,8,10,134,0
harvest,12,3,joint,134,8,10,134,0
harvest,12,3,local_bounded,134,8,10,134,0
harvest,12,3,local_optimistic,134,8,10,134,0
harvest,12,6,joint,134,8,10,91,0
harvest,12,6,local_bounded,134,8,10,134,0
harvest,12,6,local_optimistic,134,8,10,88,0
harvest,13,0,joint,4,4,0,4,0
harvest,13,0,local_bounded,4,4,0,4,0
harvest,13,0,local_optimistic,4,4,0,4,0
harvest,13,3,joint,4,4,0,4,0
harvest,13,3,local_bounded,4,4,0,4,0
harvest,13,3,local_optimistic,4,4,0,4,0
harvest,13,6,joint,4,4,0,2,0
harvest,13,6,local_bounded,4,4,0,4,0
harvest,13,6,local_optimistic,4,4,0,1,0
harvest,14,0,joint,46,43,56,46,0
harvest,14,0,local_bounded,46,43,56,46,0
harvest,14,0,local_optimistic,46,43,56,46,0
harvest,14,3,joint,46,43,56,46,0
harvest,14,3,local_bounded,46,43,56,46,0
harvest,14,3,local_optimistic,46,43,56,46,0
harvest,14,6,joint,46,43,56,44,0
harvest,14,6,local_bounded,46,43,56,46,0
harvest,14,6,local_optimistic,46,43,56,43,0
harvest,15,0,joint,138,4,4,138,0
harvest,15,0,local_bounded,138,4,4,138,0
harvest,15,0,local_optimistic,138,4,4,138,0
harvest,15,3,joint,138,4,4,138,0
harvest,15,3,local_bounded,138,4,4,138,0
harvest,15,3,local_optimistic,138,4,4,137,0
harvest,15,6,joint,138,4,4,25,0
harvest,15,6,local_bounded,138,4,4,138,0
harvest,15,6,local_optimistic,138,4,4,16,0
harvest,16,0,joint,33,65,22,33,0
harvest,16,0,local_bounded,33,65,22,33,0
harvest,16,0,local_optimistic,33,65,22,33,0
harvest,16,3,joint,33,65,22,33,0
harvest,16,3,local_bounded,33,65,22,33,0
harvest,16,3,local_optimistic,33,65,22,33,0
harvest,16,6,joint,33,65,22,30,0
harvest,16,6,local_bounded,33,65,22,33,0
harvest,16,6,local_optimistic,33,65,22,29,0
harvest,17,0,joint,10,54,7,10,0
harvest,17,0,local_bounded,10,54,7,10,0
harvest,17,0,local_optimistic,10,54,7,10,0
harvest,17,3,joint,10,54,7,10,0
harvest,17,3,local_bounded,10,54,7,10,0
harvest,17,3,local_optimistic,10,54,7,10,0
harvest,17,6,joint,10,54,7,7,0
harvest,17,6,local_bounded,10,54,7,10,0
harvest,17,6,local_optimistic,10,54,7,5,0
harvest,18,0,joint,59,34,44,59,0
harvest,18,0,local_bounded,59,34,44,59,0
harvest,18,0,local_optimistic,59,34,44,59,0
harvest,18,3,joint,59,34,44,59,0
harvest,18,3,local_bounded,59,34,44,59,0
harvest,18,3,local_optimistic,59,34,44,59,0
harvest,18,6,joint,59,34,44,57,0
harvest,18,6,local_bounded,59,34,44,59,0
harvest,18,6,local_optimistic,59,34,44,57,0
harvest,19,0,joint,4,2,0,4,0
harvest,19,0,local_bounded,4,2,0,4,0
harvest,19,0,local_optimistic,4,2,0,4,0
harvest,19,3,joint,4,2,0,4,0
harvest,19,3,local_bounded,4,2,0,4,0
harvest,19,3,local_optimistic,4,2,0,4,0
harvest,19,6,joint,4,2,0,2,0
harvest,19,6,local_bounded,4,2,0,4,0
harvest,19,6,local_optimistic,4,2,0,1,0
harvest,20,0,joint,158,0,2,158,0
harvest,20,0,local_bounded,158,0,2,158,0
harvest,20,0,local_optimistic,158,0,2,158,0
harvest,20,3,joint,158,0,2,158,0
harvest,20,3,local_bounded,158,0,2,158,0
harvest,20,3,local_optimistic,158,0,2,158,0
harvest,20,6,joint,158,0,2,81,0
harvest,20,6,local_bounded,158,0,2,158,0
harvest,20,6,local_optimistic,158,0,2,79,0
harvest,21,0,joint,2,12,0,2,0
harvest,21,0,local_bounded,2,12,0,2,0
harvest,21,0,local_optimistic,2,12,0,2,0
harvest,21,3,joint,2,12,0,2,0
harvest,21,3,local_bounded,2,12,0,2,0
harvest,21,3,local_optimistic,2,12,0,2,0
harvest,21,6,joint,2,12,0,0,0
harvest,21,6,local_bounded,2,12,0,2,0
harvest,21,6,local_optimistic,2,12,0,0,0
harvest,22,0,joint,2,18,0,2,0
harvest,22,0,local_bounded,2,18,0,2,0
harvest,22,0,local_optimistic,2,18,0,2,0
harvest,22,3,joint,2,18,0,2,0
harvest,22,3,local_bounded,2,18,0,2,0
harvest,22,3,local_optimistic,2,18,0,2,0
harvest,22,6,joint,2,18,0,0,0
harvest,22,6,local_bounded,2,18,0,2,0
harvest,22,6,local_optimistic,2,18,0,0,0
harvest,23,0,joint,158,1,1,158,0
harvest,23,0,local_bounded,158,1,1,158,0
harvest,23,0,local_optimistic,158,1,1,158,0
harvest,23,3,joint,158,1,1,158,0
harvest,23,3,local_bounded,158,1,1,158,0
harvest,23,3,local_optimistic,158,1,1,157,0
harvest,23,6,joint,158,1,1,59,0
harvest,23,6,local_bounded,158,1,1,158,0
harvest,23,6,local_optimistic,158,1,1,47,0
harvest,24,0,joint,4,4,0,4,0
harvest,24,0,local_bounded,4,4,0,4,0
harvest,24,0,local_optimistic,4,4,0,4,0
harvest,24,3,joint,4,4,0,4,0
harvest,24,3,local_bounded,4,4,0,4,0
harvest,24,3,local_optimistic,4,4,0,4,0
harvest,24,6,joint,4,4,0,2,0
harvest,24,6,local_bounded,4,4,0,4,0
harvest,24,6,local_optimistic,4,4,0,1,0
harvest,25,0,joint,75,28,46,75,0
harvest,25,0,local_bounded,75,28,46,75,0
harvest,25,0,local_optimistic,75,28,46,75,0
harvest,25,3,joint,75,28,46,75,0
harvest,25,3,local_bounded,75,28,46,75,0
harvest,25,3,local_optimistic,75,28,46,75,0
harvest,25,6,joint,75,28,46,71,0
harvest,25,6,local_bounded,75,28,46,75,0
harvest,25,6,local_optimistic,75,28,46,70,0
harvest,26,0,joint,6,68,8,6,0
harvest,26,0,local_bounded,6,68,8,6,0
harvest,26,0,local_optimistic,6,68,8,6,0
harvest,26,3,joint,6,68,8,6,0
harvest,26,3,local_bounded,6,68,8,6,0
harvest,26,3,local_optimistic,6,68,8,6,0
harvest,26,6,joint,6,68,8,4,0
harvest,26,6,local_bounded,6,68,8,6,0
harvest,26,6,local_optimistic,6,68,8,2,0
harvest,27,0,joint,65,42,26,65,0
harvest,27,0,local_bounded,65,42,26,65,0
harvest,27,0,local_optimistic,65,42,26,65,0
harvest,27,3,joint,65,42,26,65,0
harvest,27,3,local_bounded,65,42,26,65,0
harvest,27,3,local_optimistic,65,42,26,65,0
harvest,27,6,joint,65,42,26,61,0
harvest,27,6,local_bounded,65,42,26,65,0
harvest,27,6,local_optimistic,65,42,26,61,0
harvest,28,0,joint,2,3,1,2,0
harvest,28,0,local_bounded,2,3,1,2,0
harvest,28,0,local_optimistic,2,3,1,2,0
harvest,28,3,joint,2,3,1,2,0
harvest,28,3,local_bounded,2,3,1,2,0
harvest,28,3,local_optimistic,2,3,1,2,0
harvest,28,6,joint,2,3,1,0,0
harvest,28,6,local_bounded,2,3,1,2,0
harvest,28,6,local_optimistic,2,3,1,0,0
harvest,29,0,joint,35,64,37,35,0
harvest,29,0,local_bounded,35,64,37,35,0
harvest,29,0,local_optimistic,35,64,37,35,0
harvest,29,3,joint,35,64,37,35,0
harvest,29,3,local_bounded,35,64,37,35,0
harvest,29,3,local_optimistic,35,64,37,35,0
harvest,29,6,joint,35,64,37,32,0
harvest,29,6,local_bounded,35,64,37,35,0
harvest,29,6,local_optimistic,35,64,37,31,0
harvest,30,0,joint,113,13,21,113,0
harvest,30,0,local_bounded,113,13,21,113,0
harvest,30,0,local_optimistic,113,13,21,113,0
harvest,30,3,joint,113,13,21,113,0
harvest,30,3,local_bounded,113,13,21,113,0
harvest,30,3,local_optimistic,113,13,21,113,0
harvest,30,6,joint,113,13,21,104,0
harvest,30,6,local_bounded,113,13,21,113,0
harvest,30,6,local_optimistic,113,13,21,103,0
harvest,31,0,joint,110,11,31,110,0
harvest,31,0,local_bounded,110,11,31,110,0
harvest,31,0,local_optimistic,110,11,31,110,0
harvest,31,3,joint,110,11,31,110,0
harvest,31,3,local_bounded,110,11,31,110,0
harvest,31,3,local_optimistic,110,11,31,110,0
harvest,31,6,joint,110,11,31,105,0
harvest,31,6,local_bounded,110,11,31,110,0
harvest,31,6,local_optimistic,110,11,31,104,0
harvest,32,0,joint,4,7,0,4,0
harvest,32,0,local_bounded,4,7,0,4,0
harvest,32,0,local_optimistic,4,7,0,4,0
harvest,32,3,joint,4,7,0,4,0
harvest,32,3,local_bounded,4,7,0,4,0
harvest,32,3,local_optimistic,4,7,0,4,0
harvest,32,6,joint,4,7,0,2,0
harvest,32,6,local_bounded,4,7,0,4,0
harvest,32,6,local_optimistic,4,7,0,1,0
harvest,33,0,joint,3,8,1,3,0
harvest,33,0,local_bounded,3,8,1,3,0
harvest,33,0,local_optimistic,3,8,1,3,0
harvest,33,3,joint,3,8,1,3,0
harvest,33,3,local_bounded,3,8,1,3,0
harvest,33,3,local_optimistic,3,8,1,3,0
harvest,33,6,joint,3,8,1,3,0
harvest,33,6,local_bounded,3,8,1,3,0
harvest,33,6,local_optimistic,3,8,1,1,0
harvest,34,0,joint,5,3,0,5,0
harvest,34,0,local_bounded,5,3,0,5,0
harvest,34,0,local_optimistic,5,3,0,5,0
harvest,34,3,joint,5,3,0,5,0
harvest,34,3,local_bounded,5,3,0,5,0
harvest,34,3,local_optimistic,5,3,0,5,0
harvest,34,6,joint,5,3,0,2,0
harvest,34,6,local_bounded,5,3,0,5,0
harvest,34,6,local_optimistic,5,3,0,1,0
harvest,35,0,joint,78,29,41,78,0
harvest,35,0,local_bounded,78,29,41,78,0
harvest,35,0,local_optimistic,78,29,41,78,0
harvest,35,3,joint,78,29,41,78,0
harvest,35,3,local_bounded,78,29,41,78,0
harvest,35,3,local_optimistic,78,29,41,78,0
harvest,35,6,joint,78,29,41,63,0
harvest,35,6,local_bounded,78,29,41,78,0
harvest,35,6,local_optimistic,78,29,41,60,0
harvest,36,0,joint,97,28,29,97,0
harvest,36,0,local_bounded,97,28,29,97,0
harvest,36,0,local_optimistic,97,28,29,97,0
harvest,36,3,joint,97,28,29,97,0
harvest,36,3,local_bounded,97,28,29,97,0
harvest,36,3,local_optimistic,97,28,29,97,0
harvest,36,6,joint,97,28,29,90,0
harvest,36,6,local_bounded,97,28,29,97,0
harvest,36,6,local_optimistic,97,28,29,89,0
harvest,37,0,joint,132,11,9,132,0
harvest,37,0,local_bounded,132,11,9,132,0
harvest,37,0,local_optimistic,132,11,9,132,0
harvest,37,3,joint,132,11,9,132,0
harvest,37,3,local_bounded,132,11,9,132,0
harvest,37,3,local_optimistic,132,11,9,132,0
harvest,37,6,joint,132,11,9,101,0
harvest,37,6,local_bounded,132,11,9,132,0
harvest,37,6,local_optimistic,132,11,9,100,0
harvest,38,0,joint,2,3,0,2,0
harvest,38,0,local_bounded,2,3,0,2,0
harvest,38,0,local_optimistic,2,3,0,2,0
harvest,38,3,joint,2,3,0,2,0
harvest,38,3,local_bounded,2,3,0,2,0
harvest,38,3,local_optimistic,2,3,0,2,0
harvest,38,6,joint,2,3,0,2,0
harvest,38,6,local_bounded,2,3,0,2,0
harvest,38,6,local_optimistic,2,3,0,0,0
harvest,39,0,joint,100,15,30,100,0
harvest,39,0,local_bounded,100,15,30,100,0
harvest,39,0,local_optimistic,100,15,30,100,0
harvest,39,3,joint,100,15,30,100,0
harvest,39,3,local_bounded,100,15,30,100,0
harvest,39,3,local_optimistic,100,15,30,100,0
harvest,39,6,joint,100,15,30,97,0
harvest,39,6,local_bounded,100,15,30,100,0
harvest,39,6,local_optimistic,100,15,30,97,0
harvest,40,0,joint,68,34,36,68,0
harvest,40,0,local_bounded,68,34,36,68,0
harvest,40,0,local_optimistic,68,34,36,68,0
harvest,40,3,joint,68,34,36,68,0
harvest,40,3,local_bounded,68,34,36,68,0
harvest,40,3,local_optimistic,68,34,36,68,0
harvest,40,6,joint,68,34,36,61,0
harvest,40,6,local_bounded,68,34,36,68,0
harvest,40,6,local_optimistic,68,34,36,60,0
harvest,41,0,joint,8,2,0,8,0
harvest,41,0,local_bounded,8,2,0,8,0
harvest,41,0,local_optimistic,8,2,0,8,0
harvest,41,3,joint,8,2,0,8,0
harvest,41,3,local_bounded,8,2,0,8,0
harvest,41,3,local_optimistic,8,2,0,8,0
harvest,41,6,joint,8,2,0,4,0
harvest,41,6,local_bounded,8,2,0,8,0
harvest,41,6,local_optimistic,8,2,0,3,0
harvest,42,0,joint,2,4,2,2,0
harvest,42,0,local_bounded,2,4,2,2,0
harvest,42,0,local_optimistic,2,4,2,2,0
harvest,42,3,joint,2,4,2,2,0
harvest,42,3,local_bounded,2,4,2,2,0
harvest,42,3,local_optimistic,2,4,2,2,0
harvest,42,6,joint,2,4,2,2,0
harvest,42,6,local_bounded,2,4,2,2,0
harvest,42,6,local_optimistic,2,4,2,0,0
harvest,43,0,joint,4,25,1,4,0
harvest,43,0,local_bounded,4,25,1,4,0
harvest,43,0,local_optimistic,4,25,1,4,0
harvest,43,3,joint,4,25,1,4,0
harvest,43,3,local_bounded,4,25,1,4,0
harvest,43,3,local_optimistic,4,25,1,4,0
harvest,43,6,joint,4,25,1,2,0
harvest,43,6,local_bounded,4,25,1,4,0
harvest,43,6,local_optimistic,4,25,1,1,0
harvest,44,0,joint,25,39,20,25,0
harvest,44,0,local_bounded,25,39,20,25,0
harvest,44,0,local_optimistic,25,39,20,25,0
harvest,44,3,joint,25,39,20,25,0
harvest,44,3,local_bounded,25,39,20,25,0
harvest,44,3,local_optimistic,25,39,20,25,0
harvest,44,6,joint,25,39,20,23,0
harvest,44,6,local_bounded,25,39,20,25,0
harvest,44,6,local_optimistic,25,39,20,23,0
harvest,45,0,joint,139,4,10,139,0
harvest,45,0,local_bounded,139,4,10,139,0
harvest,45,0,local_optimistic,139,4,10,139,0
harvest,45,3,joint,139,4,10,139,0
harvest,45,3,local_bounded,139,4,10,139,0
harvest,45,3,local_optimistic,139,4,10,139,0
harvest,45,6,joint,139,4,10,121,0
harvest,45,6,local_bounded,139,4,10,139,0
harvest,45,6,local_optimistic,139,4,10,120,0
harvest,46,0,joint,94,15,25,94,0
harvest,46,0,local_bounded,94,15,25,94,0
harvest,46,0,local_optimistic,94,15,25,94,0
harvest,46,3,joint,94,15,25,94,0
harvest,46,3,local_bounded,94,15,25,94,0
harvest,46,3,local_optimistic,94,15,25,94,0
harvest,46,6,joint,94,15,25,84,0
harvest,46,6,local_bounded,94,15,25,94,0
harvest,46,6,local_optimistic,94,15,25,84,0
harvest,47,0,joint,118,11,27,118,0
harvest,47,0,local_bounded,118,11,27,118,0
harvest,47,0,local_optimistic,118,11,27,118,0
harvest,47,3,joint,118,11,27,118,0
harvest,47,3,local_bounded,118,11,27,118,0
harvest,47,3,local_optimistic,118,11,27,118,0
harvest,47,6,joint,118,11,27,99,0
harvest,47,6,local_bounded,118,11,27,118,0
harvest,47,6,local_optimistic,118,11,27,96,0
harvest,48,0,joint,4,3,1,4,0
harvest,48,0,local_bounded,4,3,1,4,0
harvest,48,0,local_optimistic,4,3,1,4,0
harvest,48,3,joint,4,3,1,4,0
harvest,48,3,local_bounded,4,3,1,4,0
harvest,48,3,local_optimistic,4,3,1,4,0
harvest,48,6,joint,4,3,1,2,0
harvest,48,6,local_bounded,4,3,1,4,0
harvest,48,6,local_optimistic,4,3,1,1,0
harvest,49,0,joint,8,50,6,8,0
harvest,49,0,local_bounded,8,50,6,8,0
harvest,49,0,local_optimistic,8,50,6,8,0
harvest,49,3,joint,8,50,6,8,0
harvest,49,3,local_bounded,8,50,6,8,0
harvest,49,3,local_optimistic,8,50,6,8,0
harvest,49,6,joint,8,50,6,2,0
harvest,49,6,local_bounded,8,50,6,8,0
harvest,49,6,local_optimistic,8,50,6,1,0
harvest,50,0,joint,156,1,1,156,0
harvest,50,0,local_bounded,156,1,1,156,0
harvest,50,0,local_optimistic,156,1,1,156,0
harvest,50,3,joint,156,1,1,156,0
harvest,50,3,local_bounded,156,1,1,156,0
harvest,50,3,local_optimistic,156,1,1,153,0
harvest,50,6,joint,156,1,1,4,0
harvest,50,6,local_bounded,156,1,1,156,0
harvest,50,6,local_optimistic,156,1,1,3,0
harvest,51,0,joint,20,76,22,20,0
harvest,51,0,local_bounded,20,76,22,20,0
harvest,51,0,local_optimistic,20,76,22,20,0
harvest,51,3,joint,20,76,22,20,0
harvest,51,3,local_bounded,20,76,22,20,0
harvest,51,3,local_optimistic,20,76,22,20,0
harvest,51,6,joint,20,76,22,18,0
harvest,51,6,local_bounded,20,76,22,20,0
harvest,51,6,local_optimistic,20,76,22,18,0
harvest,52,0,joint,28,64,26,28,0
harvest,52,0,local_bounded,28,64,26,28,0
harvest,52,0,local_optimistic,28,64,26,28,0
harvest,52,3,joint,28,64,26,28,0
harvest,52,3,local_bounded,28,64,26,28,0
harvest,52,3,local_optimistic,28,64,26,28,0
harvest,52,6,joint,28,64,26,26,0
harvest,52,6,local_bounded,28,64,26,28,0
harvest,52,6,local_optimistic,28,64,26,26,0
harvest,53,0,joint,118,5,15,118,0
harvest,53,0,local_bounded,118,5,15,118,0
harvest,53,0,local_optimistic,118,5,15,118,0
harvest,53,3,joint,118,5,15,118,0
harvest,53,3,local_bounded,118,5,15,118,0
harvest,53,3,local_optimistic,118,5,15,118,0
harvest,53,6,joint,118,5,15,93,0
harvest,53,6,local_bounded,118,5,15,118,0
harvest,53,6,local_optimistic,118,5,15,90,0
harvest,54,0,joint,4,7,0,4,0
harvest,54,0,local_bounded,4,7,0,4,0
harvest,54,0,local_optimistic,4,7,0,4,0
harvest,54,3,joint,4,7,0,4,0
harvest,54,3,local_bounded,4,7,0,4,0
harvest,54,3,local_optimistic,4,7,0,3,0
harvest,54,6,joint,4,7,0,2,0
harvest,54,6,local_bounded,4,7,0,4,0
harvest,54,6,local_optimistic,4,7,0,0,0
harvest,55,0,joint,159,0,1,159,0
harvest,55,0,local_bounded,159,0,1,159,0
harvest,55,0,local_optimistic,159,0,1,159,0
harvest,55,3,joint,159,0,1,159,0
harvest,55,3,local_bounded,159,0,1,159,0
harvest,55,3,local_optimistic,159,0,1,159,0
harvest,55,6,joint,159,0,1,28,0
harvest,55,6,local_bounded,159,0,1,159,0
harvest,55,6,local_optimistic,159,0,1,22,0
harvest,56,0,joint,4,9,3,4,0
harvest,56,0,local_bounded,4,9,3,4,0
harvest,56,0,local_optimistic,4,9,3,4,0
harvest,56,3,joint,4,9,3,4,0
harvest,56,3,local_bounded,4,9,3,4,0
harvest,56,3,local_optimistic,4,9,3,4,0
harvest,56,6,joint,4,9,3,2,0
harvest,56,6,local_bounded,4,9,3,4,0
harvest,56,6,local_optimistic,4,9,3,1,0
harvest,57,0,joint,2,3,0,2,0
harvest,57,0,local_bounded,2,3,0,2,0
harvest,57,0,local_optimistic,2,3,0,2,0
harvest,57,3,joint,2,3,0,2,0
harvest,57,3,local_bounded,2,3,0,2,0
harvest,57,3,local_optimistic,2,3,0,2,0
harvest,57,6,joint,2,3,0,2,0
harvest,57,6,local_bounded,2,3,0,2,0
harvest,57,6,local_optimistic,2,3,0,0,0
harvest,58,0,joint,23,49,40,23,0
harvest,58,0,local_bounded,23,49,40,23,0
harvest,58,0,local_optimistic,23,49,40,23,0
harvest,58,3,joint,23,49,40,23,0
harvest,58,3,local_bounded,23,49,40,23,0
harvest,58,3,local_optimistic,23,49,40,23,0
harvest,58,6,joint,23,49,40,21,0
harvest,58,6,local_bounded,23,49,40,23,0
harvest,58,6,local_optimistic,23,49,40,20,0
harvest,59,0,joint,136,5,5,136,0
harvest,59,0,local_bounded,136,5,5,136,0
harvest,59,0,local_optimistic,136,5,5,136,0
harvest,59,3,joint,136,5,5,136,0
harvest,59,3,local_bounded,136,5,5,136,0
harvest,59,3,local_optimistic,136,5,5,136,0
harvest,59,6,joint,136,5,5,95,0
harvest,59,6,local_bounded,136,5,5,136,0
harvest,59,6,local_optimistic,136,5,5,90,0
harvest,60,0,joint,2,3,0,2,0
harvest,60,0,local_bounded,2,3,0,2,0
harvest,60,0,local_optimistic,2,3,0,2,0
harvest,60,3,joint,2,3,0,2,0
harvest,60,3,local_bounded,2,3,0,2,0
harvest,60,3,local_optimistic,2,3,0,2,0
harvest,60,6,joint,2,3,0,2,0
harvest,60,6,local_bounded,2,3,0,2,0
harvest,60,6,local_optimistic,2,3,0,0,0
harvest,61,0,joint,5,12,0,5,0
harvest,61,0,local_bounded,5,12,0,5,0
harvest,61,0,local_optimistic,5,12,0,5,0
harvest,61,3,joint,5,12,0,5,0
harvest,61,3,local_bounded,5,12,0,5,0
harvest,61,3,local_optimistic,5,12,0,4,0
harvest,61,6,joint,5,12,0,1,0
harvest,61,6,local_bounded,5,12,0,5,0
harvest,61,6,local_optimistic,5,12,0,1,0
harvest,62,0,joint,92,27,35,92,0
harvest,62,0,local_bounded,92,27,35,92,0
harvest,62,0,local_optimistic,92,27,35,92,0
harvest,62,3,joint,92,27,35,92,0
harvest,62,3,local_bounded,92,27,35,92,0
harvest,62,3,local_optimistic,92,27,35,92,0
harvest,62,6,joint,92,27,35,81,0
harvest,62,6,local_bounded,92,27,35,92,0
harvest,62,6,local_optimistic,92,27,35,79,0
harvest,63,0,joint,95,19,42,95,0
harvest,63,0,local_bounded,95,19,42,95,0
harvest,63,0,local_optimistic,95,19,42,95,0
harvest,63,3,joint,95,19,42,95,0
harvest,63,3,local_bounded,95,19,42,95,0
harvest,63,3,local_optimistic,95,19,42,95,0
harvest,63,6,joint,95,19,42,89,0
harvest,63,6,local_bounded,95,19,42,95,0
harvest,63,6,local_optimistic,95,19,42,88,0
