game,policy_group,regime,context,comparison,metric,difference
fishery,mix4,deterministic,0,joint_minus_local_bounded,mean_patch_health,-4.604743326686663
fishery,mix4,deterministic,1,joint_minus_local_bounded,mean_patch_health,-7.664906554295827
fishery,mix4,deterministic,2,joint_minus_local_bounded,mean_patch_health,-5.930910617079787
fishery,mix4,deterministic,3,joint_minus_local_bounded,mean_patch_health,-17.177097350449685
fishery,mix4,deterministic,4,joint_minus_local_bounded,mean_patch_health,-6.629092899317211
fishery,mix4,deterministic,5,joint_minus_local_bounded,mean_patch_health,-8.444252601529007
fishery,mix4,deterministic,6,joint_minus_local_bounded,mean_patch_health,-17.910001882890263
fishery,mix4,deterministic,7,joint_minus_local_bounded,mean_patch_health,-7.3930947947678
fishery,mix4,deterministic,8,joint_minus_local_bounded,mean_patch_health,-6.348646843651654
fishery,mix4,deterministic,9,joint_minus_local_bounded,mean_patch_health,-14.92329298871048
fishery,mix4,deterministic,10,joint_minus_local_bounded,mean_patch_health,-5.837358185905618
fishery,mix4,deterministic,11,joint_minus_local_bounded,mean_patch_health,-8.444047081445202
fishery,mix4,deterministic,12,joint_minus_local_bounded,mean_patch_health,-15.67661435689403
fishery,mix4,deterministic,13,joint_minus_local_bounded,mean_patch_health,-17.73458147777712
fishery,mix4,deterministic,14,joint_minus_local_bounded,mean_patch_health,-6.637752094284995
fishery,mix4,deterministic,15,joint_minus_local_bounded,mean_patch_health,-9.884560226215632
fishery,mix4,deterministic,16,joint_minus_local_bounded,mean_patch_health,0.0
fishery,mix4,deterministic,17,joint_minus_local_bounded,mean_patch_health,-9.170192910969828
fishery,mix4,deterministic,18,joint_minus_local_bounded,mean_patch_health,-4.476678979195608
fishery,mix4,deterministic,19,joint_minus_local_bounded,mean_patch_health,-5.489917013157047
fishery,mix4,deterministic,20,joint_minus_local_bounded,mean_patch_health,-5.647395925958209
fishery,mix4,deterministic,21,joint_minus_local_bounded,mean_patch_health,-8.488915719721792
fishery,mix4,deterministic,22,joint_minus_local_bounded,mean_patch_health,-6.848831132476343
fishery,mix4,deterministic,23,joint_minus_local_bounded,mean_patch_health,-6.816251566155072
fishery,mix4,deterministic,24,joint_minus_local_bounded,mean_patch_health,-6.565891687861058
fishery,mix4,deterministic,25,joint_minus_local_bounded,mean_patch_health,-6.785618437796455
fishery,mix4,deterministic,26,joint_minus_local_bounded,mean_patch_health,-9.197455905751314
fishery,mix4,deterministic,27,joint_minus_local_bounded,mean_patch_health,-5.445208951875273
fishery,mix4,deterministic,28,joint_minus_local_bounded,mean_patch_health,-9.151243818603668
fishery,mix4,deterministic,29,joint_minus_local_bounded,mean_patch_health,-9.369801851684247
fishery,mix4,deterministic,30,joint_minus_local_bounded,mean_patch_health,-7.326996680252623
fishery,mix4,deterministic,31,joint_minus_local_bounded,mean_patch_health,-19.145958856793207
fishery,mix4,deterministic,32,joint_minus_local_bounded,mean_patch_health,-15.94485182438833
fishery,mix4,deterministic,33,joint_minus_local_bounded,mean_patch_health,-4.828193626034988
fishery,mix4,deterministic,34,joint_minus_local_bounded,mean_patch_health,-6.382842135794588
fishery,mix4,deterministic,35,joint_minus_local_bounded,mean_patch_health,-5.388339152935034
fishery,mix4,deterministic,36,joint_minus_local_bounded,mean_patch_health,-5.546379780714837
fishery,mix4,deterministic,37,joint_minus_local_bounded,mean_patch_health,-8.438349323391265
fishery,mix4,deterministic,38,joint_minus_local_bounded,mean_patch_health,-8.923081196547644
fishery,mix4,deterministic,39,joint_minus_local_bounded,mean_patch_health,-5.111480588724316
fishery,mix4,deterministic,40,joint_minus_local_bounded,mean_patch_health,-5.319195231625995
fishery,mix4,deterministic,41,joint_minus_local_bounded,mean_patch_health,-7.9164881089346935
fishery,mix4,deterministic,42,joint_minus_local_bounded,mean_patch_health,-17.399589407439564
fishery,mix4,deterministic,43,joint_minus_local_bounded,mean_patch_health,-15.590769357561218
fishery,mix4,deterministic,44,joint_minus_local_bounded,mean_patch_health,-7.760855880075397
fishery,mix4,deterministic,45,joint_minus_local_bounded,mean_patch_health,-5.240508557892021
fishery,mix4,deterministic,46,joint_minus_local_bounded,mean_patch_health,-5.596076018061531
fishery,mix4,deterministic,47,joint_minus_local_bounded,mean_patch_health,-9.141711669513334
fishery,mix4,deterministic,48,joint_minus_local_bounded,mean_patch_health,-4.955047322834272
fishery,mix4,deterministic,49,joint_minus_local_bounded,mean_patch_health,-8.837707778953309
fishery,mix4,deterministic,50,joint_minus_local_bounded,mean_patch_health,-15.377922151369654
fishery,mix4,deterministic,51,joint_minus_local_bounded,mean_patch_health,-9.922967979026076
fishery,mix4,deterministic,52,joint_minus_local_bounded,mean_patch_health,-8.265534843399207
fishery,mix4,deterministic,53,joint_minus_local_bounded,mean_patch_health,-7.131164470514914
fishery,mix4,deterministic,54,joint_minus_local_bounded,mean_patch_health,-6.910967228570835
fishery,mix4,deterministic,55,joint_minus_local_bounded,mean_patch_health,-7.236009817828947
fishery,mix4,deterministic,56,joint_minus_local_bounded,mean_patch_health,-4.9669825438235655
fishery,mix4,deterministic,57,joint_minus_local_bounded,mean_patch_health,-6.245793633106498
fishery,mix4,deterministic,58,joint_minus_local_bounded,mean_patch_health,-17.35168618823364
fishery,mix4,deterministic,59,joint_minus_local_bounded,mean_patch_health,-7.639117315861679
fishery,mix4,deterministic,60,joint_minus_local_bounded,mean_patch_health,-7.707377162965797
fishery,mix4,deterministic,61,joint_minus_local_bounded,mean_patch_health,-5.128852330041349
fishery,mix4,deterministic,62,joint_minus_local_bounded,mean_patch_health,-7.015082361418745
fishery,mix4,deterministic,63,joint_minus_local_bounded,mean_patch_health,-16.309020573711585
fishery,mix4,deterministic,0,joint_minus_local_bounded,total_welfare,-128.60929852613071
fishery,mix4,deterministic,1,joint_minus_local_bounded,total_welfare,-210.16169942502574
fishery,mix4,deterministic,2,joint_minus_local_bounded,total_welfare,-163.0173389805385
fishery,mix4,deterministic,3,joint_minus_local_bounded,total_welfare,-446.1337658039039
fishery,mix4,deterministic,4,joint_minus_local_bounded,total_welfare,-186.8262860414202
fishery,mix4,deterministic,5,joint_minus_local_bounded,total_welfare,-231.55311736852582
fishery,mix4,deterministic,6,joint_minus_local_bounded,total_welfare,-463.9430235543763
fishery,mix4,deterministic,7,joint_minus_local_bounded,total_welfare,-203.22526590644634
fishery,mix4,deterministic,8,joint_minus_local_bounded,total_welfare,-172.03071097949112
fishery,mix4,deterministic,9,joint_minus_local_bounded,total_welfare,-392.4432083087203
fishery,mix4,deterministic,10,joint_minus_local_bounded,total_welfare,-158.85982417131424
fishery,mix4,deterministic,11,joint_minus_local_bounded,total_welfare,-230.73775813933082
fishery,mix4,deterministic,12,joint_minus_local_bounded,total_welfare,-406.9773679785641
fishery,mix4,deterministic,13,joint_minus_local_bounded,total_welfare,-456.40286960364597
fishery,mix4,deterministic,14,joint_minus_local_bounded,total_welfare,-181.91263323261262
fishery,mix4,deterministic,15,joint_minus_local_bounded,total_welfare,-270.6259542527374
fishery,mix4,deterministic,16,joint_minus_local_bounded,total_welfare,0.0
fishery,mix4,deterministic,17,joint_minus_local_bounded,total_welfare,-246.95173464129437
fishery,mix4,deterministic,18,joint_minus_local_bounded,total_welfare,-124.00268207093097
fishery,mix4,deterministic,19,joint_minus_local_bounded,total_welfare,-149.00362042223264
fishery,mix4,deterministic,20,joint_minus_local_bounded,total_welfare,-157.15904182889665
fishery,mix4,deterministic,21,joint_minus_local_bounded,total_welfare,-229.55294104991526
fishery,mix4,deterministic,22,joint_minus_local_bounded,total_welfare,-186.7379394850987
fishery,mix4,deterministic,23,joint_minus_local_bounded,total_welfare,-189.9959914653292
fishery,mix4,deterministic,24,joint_minus_local_bounded,total_welfare,-179.4932244079596
fishery,mix4,deterministic,25,joint_minus_local_bounded,total_welfare,-183.57516024680558
fishery,mix4,deterministic,26,joint_minus_local_bounded,total_welfare,-247.77253869116623
fishery,mix4,deterministic,27,joint_minus_local_bounded,total_welfare,-148.97219751374598
fishery,mix4,deterministic,28,joint_minus_local_bounded,total_welfare,-249.2701129656387
fishery,mix4,deterministic,29,joint_minus_local_bounded,total_welfare,-254.48646830859445
fishery,mix4,deterministic,30,joint_minus_local_bounded,total_welfare,-200.85722307293508
fishery,mix4,deterministic,31,joint_minus_local_bounded,total_welfare,-482.20779830784727
fishery,mix4,deterministic,32,joint_minus_local_bounded,total_welfare,-415.3332001653813
fishery,mix4,deterministic,33,joint_minus_local_bounded,total_welfare,-131.27238603934416
fishery,mix4,deterministic,34,joint_minus_local_bounded,total_welfare,-176.0193065075846
fishery,mix4,deterministic,35,joint_minus_local_bounded,total_welfare,-145.45317848944762
fishery,mix4,deterministic,36,joint_minus_local_bounded,total_welfare,-154.35678675188183
fishery,mix4,deterministic,37,joint_minus_local_bounded,total_welfare,-228.32553927646586
fishery,mix4,deterministic,38,joint_minus_local_bounded,total_welfare,-238.5894353612307
fishery,mix4,deterministic,39,joint_minus_local_bounded,total_welfare,-144.55955541284027
fishery,mix4,deterministic,40,joint_minus_local_bounded,total_welfare,-145.699336306448
fishery,mix4,deterministic,41,joint_minus_local_bounded,total_welfare,-214.58727993982689
fishery,mix4,deterministic,42,joint_minus_local_bounded,total_welfare,-452.3775421987187
fishery,mix4,deterministic,43,joint_minus_local_bounded,total_welfare,-406.232794654513
fishery,mix4,deterministic,44,joint_minus_local_bounded,total_welfare,-208.1849248877652
fishery,mix4,deterministic,45,joint_minus_local_bounded,total_welfare,-147.65230678285945
fishery,mix4,deterministic,46,joint_minus_local_bounded,total_welfare,-153.58879526357657
fishery,mix4,deterministic,47,joint_minus_local_bounded,total_welfare,-250.74726063033017
fishery,mix4,deterministic,48,joint_minus_local_bounded,total_welfare,-140.59502300086922
fishery,mix4,deterministic,49,joint_minus_local_bounded,total_welfare,-237.61953955176284
fishery,mix4,deterministic,50,joint_minus_local_bounded,total_welfare,-400.416378939207
fishery,mix4,deterministic,51,joint_minus_local_bounded,total_welfare,-267.0177329114306
fishery,mix4,deterministic,52,joint_minus_local_bounded,total_welfare,-223.42456306135
fishery,mix4,deterministic,53,joint_minus_local_bounded,total_welfare,-201.4985129129069
fishery,mix4,deterministic,54,joint_minus_local_bounded,total_welfare,-183.42161732086743
fishery,mix4,deterministic,55,joint_minus_local_bounded,total_welfare,-194.61096429886402
fishery,mix4,deterministic,56,joint_minus_local_bounded,total_welfare,-138.82322011617396
fishery,mix4,deterministic,57,joint_minus_local_bounded,total_welfare,-168.23625053655007
fishery,mix4,deterministic,58,joint_minus_local_bounded,total_welfare,-448.07976092024603
fishery,mix4,deterministic,59,joint_minus_local_bounded,total_welfare,-204.2655582702921
fishery,mix4,deterministic,60,joint_minus_local_bounded,total_welfare,-211.29804187387384
fishery,mix4,deterministic,61,joint_minus_local_bounded,total_welfare,-145.0466971099686
fishery,mix4,deterministic,62,joint_minus_local_bounded,total_welfare,-188.90426988861282
fishery,mix4,deterministic,63,joint_minus_local_bounded,total_welfare,-425.47571723068245
fishery,mix4,deterministic,0,joint_minus_local_bounded,unsafe_fixed_horizon,0.0
fishery,mix4,deterministic,1,joint_minus_local_bounded,unsafe_fixed_horizon,0.0
fishery,mix4,deterministic,2,joint_minus_local_bounded,unsafe_fixed_horizon,0.0
fishery,mix4,deterministic,3,joint_minus_local_bounded,unsafe_fixed_horizon,0.0
fishery,mix4,deterministic,4,joint_minus_local_bounded,unsafe_fixed_horizon,0.0
fishery,mix4,deterministic,5,joint_minus_local_bounded,unsafe_fixed_horizon,0.0
fishery,mix4,deterministic,6,joint_minus_local_bounded,unsafe_fixed_horizon,0.0
fishery,mix4,deterministic,7,joint_minus_local_bounded,unsafe_fixed_horizon,0.0
fishery,mix4,deterministic,8,joint_minus_local_bounded,unsafe_fixed_horizon,0.0
fishery,mix4,deterministic,9,joint_minus_local_bounded,unsafe_fixed_horizon,0.0
fishery,mix4,deterministic,10,joint_minus_local_bounded,unsafe_fixed_horizon,0.0
fishery,mix4,deterministic,11,joint_minus_local_bounded,unsafe_fixed_horizon,0.0
fishery,mix4,deterministic,12,joint_minus_local_bounded,unsafe_fixed_horizon,0.0
fishery,mix4,deterministic,13,joint_minus_local_bounded,unsafe_fixed_horizon,0.0
fishery,mix4,deterministic,14,joint_minus_local_bounded,unsafe_fixed_horizon,0.0
fishery,mix4,deterministic,15,joint_minus_local_bounded,unsafe_fixed_horizon,0.0
fishery,mix4,deterministic,16,joint_minus_local_bounded,unsafe_fixed_horizon,0.0
fishery,mix4,deterministic,17,joint_minus_local_bounded,unsafe_fixed_horizon,0.0
fishery,mix4,deterministic,18,joint_minus_local_bounded,unsafe_fixed_horizon,0.0
fishery,mix4,deterministic,19,joint_minus_local_bounded,unsafe_fixed_horizon,0.0
fishery,mix4,deterministic,20,joint_minus_local_bounded,unsafe_fixed_horizon,0.0
fishery,mix4,deterministic,21,joint_minus_local_bounded,unsafe_fixed_horizon,0.0
fishery,mix4,deterministic,22,joint_minus_local_bounded,unsafe_fixed_horizon,0.0
fishery,mix4,deterministic,23,joint_minus_local_bounded,unsafe_fixed_horizon,0.0
fishery,mix4,deterministic,24,joint_minus_local_bounded,unsafe_fixed_horizon,0.0
fishery,mix4,deterministic,25,joint_minus_local_bounded,unsafe_fixed_horizon,0.0
fishery,mix4,deterministic,26,joint_minus_local_bounded,unsafe_fixed_horizon,0.0
fishery,mix4,deterministic,27,joint_minus_local_bounded,unsafe_fixed_horizon,0.0
fishery,mix4,deterministic,28,joint_minus_local_bounded,unsafe_fixed_horizon,0.0
fishery,mix4,deterministic,29,joint_minus_local_bounded,unsafe_fixed_horizon,0.0
fishery,mix4,deterministic,30,joint_minus_local_bounded,unsafe_fixed_horizon,0.0
fishery,mix4,deterministic,31,joint_minus_local_bounded,unsafe_fixed_horizon,0.0
fishery,mix4,deterministic,32,joint_minus_local_bounded,unsafe_fixed_horizon,0.0
fishery,mix4,deterministic,33,joint_minus_local_bounded,unsafe_fixed_horizon,0.0
fishery,mix4,deterministic,34,joint_minus_local_bounded,unsafe_fixed_horizon,0.0
fishery,mix4,deterministic,35,joint_minus_local_bounded,unsafe_fixed_horizon,0.0
fishery,mix4,deterministic,36,joint_minus_local_bounded,unsafe_fixed_horizon,0.0
fishery,mix4,deterministic,37,joint_minus_local_bounded,unsafe_fixed_horizon,0.0
fishery,mix4,deterministic,38,joint_minus_local_bounded,unsafe_fixed_horizon,0.0
fishery,mix4,deterministic,39,joint_minus_local_bounded,unsafe_fixed_horizon,0.0
fishery,mix4,deterministic,40,joint_minus_local_bounded,unsafe_fixed_horizon,0.0
fishery,mix4,deterministic,41,joint_minus_local_bounded,unsafe_fixed_horizon,0.0
fishery,mix4,deterministic,42,joint_minus_local_bounded,unsafe_fixed_horizon,0.0
fishery,mix4,deterministic,43,joint_minus_local_bounded,unsafe_fixed_horizon,0.0
fishery,mix4,deterministic,44,joint_minus_local_bounded,unsafe_fixed_horizon,0.0
fishery,mix4,deterministic,45,joint_minus_local_bounded,unsafe_fixed_horizon,0.0
fishery,mix4,deterministic,46,joint_minus_local_bounded,unsafe_fixed_horizon,0.0
fishery,mix4,deterministic,47,joint_minus_local_bounded,unsafe_fixed_horizon,0.0
fishery,mix4,deterministic,48,joint_minus_local_bounded,unsafe_fixed_horizon,0.0
fishery,mix4,deterministic,49,joint_minus_local_bounded,unsafe_fixed_horizon,0.0
fishery,mix4,deterministic,50,joint_minus_local_bounded,unsafe_fixed_horizon,0.0
fishery,mix4,deterministic,51,joint_minus_local_bounded,unsafe_fixed_horizon,0.0
fishery,mix4,deterministic,52,joint_minus_local_bounded,unsafe_fixed_horizon,0.0
fishery,mix4,deterministic,53,joint_minus_local_bounded,unsafe_fixed_horizon,0.0
fishery,mix4,deterministic,54,joint_minus_local_bounded,unsafe_fixed_horizon,0.0
fishery,mix4,deterministic,55,joint_minus_local_bounded,unsafe_fixed_horizon,0.0
fishery,mix4,deterministic,56,joint_minus_local_bounded,unsafe_fixed_horizon,0.0
fishery,mix4,deterministic,57,joint_minus_local_bounded,unsafe_fixed_horizon,0.0
fishery,mix4,deterministic,58,joint_minus_local_bounded,unsafe_fixed_horizon,0.0
fishery,mix4,deterministic,59,joint_minus_local_bounded,unsafe_fixed_horizon,0.0
fishery,mix4,deterministic,60,joint_minus_local_bounded,unsafe_fixed_horizon,0.0
fishery,mix4,deterministic,61,joint_minus_local_bounded,unsafe_fixed_horizon,0.0
fishery,mix4,deterministic,62,joint_minus_local_bounded,unsafe_fixed_horizon,0.0
fishery,mix4,deterministic,63,joint_minus_local_bounded,unsafe_fixed_horizon,0.0
fishery,mix4,deterministic,0,joint_minus_local_optimistic,mean_patch_health,-13.690474211201717
fishery,mix4,deterministic,1,joint_minus_local_optimistic,mean_patch_health,-8.672654854973006
fishery,mix4,deterministic,2,joint_minus_local_optimistic,mean_patch_health,-11.271909424465251
fishery,mix4,deterministic,3,joint_minus_local_optimistic,mean_patch_health,-8.392891867220824
fishery,mix4,deterministic,4,joint_minus_local_optimistic,mean_patch_health,-14.634721330832548
fishery,mix4,deterministic,5,joint_minus_local_optimistic,mean_patch_health,-9.214794520463828
fishery,mix4,deterministic,6,joint_minus_local_optimistic,mean_patch_health,-2.7262540759504947
fishery,mix4,deterministic,7,joint_minus_local_optimistic,mean_patch_health,-11.101644114498166
fishery,mix4,deterministic,8,joint_minus_local_optimistic,mean_patch_health,-8.181884085823253
fishery,mix4,deterministic,9,joint_minus_local_optimistic,mean_patch_health,-11.293253009798951
fishery,mix4,deterministic,10,joint_minus_local_optimistic,mean_patch_health,-11.413688419915925
fishery,mix4,deterministic,11,joint_minus_local_optimistic,mean_patch_health,-8.475046166586942
fishery,mix4,deterministic,12,joint_minus_local_optimistic,mean_patch_health,-9.833031902270621
fishery,mix4,deterministic,13,joint_minus_local_optimistic,mean_patch_health,-6.819920466936349
fishery,mix4,deterministic,14,joint_minus_local_optimistic,mean_patch_health,-10.240387220551742
fishery,mix4,deterministic,15,joint_minus_local_optimistic,mean_patch_health,-11.57689332718178
fishery,mix4,deterministic,16,joint_minus_local_optimistic,mean_patch_health,0.0
fishery,mix4,deterministic,17,joint_minus_local_optimistic,mean_patch_health,-6.559823031783029
fishery,mix4,deterministic,18,joint_minus_local_optimistic,mean_patch_health,-12.745760554753158
fishery,mix4,deterministic,19,joint_minus_local_optimistic,mean_patch_health,-10.818368154641096
fishery,mix4,deterministic,20,joint_minus_local_optimistic,mean_patch_health,-4.727157528369668
fishery,mix4,deterministic,21,joint_minus_local_optimistic,mean_patch_health,-10.399629270038695
fishery,mix4,deterministic,22,joint_minus_local_optimistic,mean_patch_health,-7.239670004131218
fishery,mix4,deterministic,23,joint_minus_local_optimistic,mean_patch_health,-10.11491615380749
fishery,mix4,deterministic,24,joint_minus_local_optimistic,mean_patch_health,-9.75661450395534
fishery,mix4,deterministic,25,joint_minus_local_optimistic,mean_patch_health,-11.20265695454798
fishery,mix4,deterministic,26,joint_minus_local_optimistic,mean_patch_health,-8.544960410455415
fishery,mix4,deterministic,27,joint_minus_local_optimistic,mean_patch_health,-14.000423673860574
fishery,mix4,deterministic,28,joint_minus_local_optimistic,mean_patch_health,-8.997356138197198
fishery,mix4,deterministic,29,joint_minus_local_optimistic,mean_patch_health,-9.611872608367605
fishery,mix4,deterministic,30,joint_minus_local_optimistic,mean_patch_health,-12.902860415747767
fishery,mix4,deterministic,31,joint_minus_local_optimistic,mean_patch_health,-9.369117225028676
fishery,mix4,deterministic,32,joint_minus_local_optimistic,mean_patch_health,-10.351352978056703
fishery,mix4,deterministic,33,joint_minus_local_optimistic,mean_patch_health,-9.103235935517151
fishery,mix4,deterministic,34,joint_minus_local_optimistic,mean_patch_health,-9.954054256989531
fishery,mix4,deterministic,35,joint_minus_local_optimistic,mean_patch_health,-11.061042913010615
fishery,mix4,deterministic,36,joint_minus_local_optimistic,mean_patch_health,-6.638933913935173
fishery,mix4,deterministic,37,joint_minus_local_optimistic,mean_patch_health,-8.237288992442082
fishery,mix4,deterministic,38,joint_minus_local_optimistic,mean_patch_health,-7.328348433440359
fishery,mix4,deterministic,39,joint_minus_local_optimistic,mean_patch_health,-12.543054648164485
fishery,mix4,deterministic,40,joint_minus_local_optimistic,mean_patch_health,-8.268268572777254
fishery,mix4,deterministic,41,joint_minus_local_optimistic,mean_patch_health,-13.520177657572884
fishery,mix4,deterministic,42,joint_minus_local_optimistic,mean_patch_health,-6.044596456902717
fishery,mix4,deterministic,43,joint_minus_local_optimistic,mean_patch_health,-8.348045270357797
fishery,mix4,deterministic,44,joint_minus_local_optimistic,mean_patch_health,-12.656445730910665
fishery,mix4,deterministic,45,joint_minus_local_optimistic,mean_patch_health,-13.975065214378542
fishery,mix4,deterministic,46,joint_minus_local_optimistic,mean_patch_health,-6.384144057634959
fishery,mix4,deterministic,47,joint_minus_local_optimistic,mean_patch_health,-7.149279758441654
fishery,mix4,deterministic,48,joint_minus_local_optimistic,mean_patch_health,-10.366130618968189
fishery,mix4,deterministic,49,joint_minus_local_optimistic,mean_patch_health,-7.370490579878425
fishery,mix4,deterministic,50,joint_minus_local_optimistic,mean_patch_health,-8.647613737124567
fishery,mix4,deterministic,51,joint_minus_local_optimistic,mean_patch_health,-6.4254906570703625
fishery,mix4,deterministic,52,joint_minus_local_optimistic,mean_patch_health,-9.702292445674255
fishery,mix4,deterministic,53,joint_minus_local_optimistic,mean_patch_health,-6.626525517177043
fishery,mix4,deterministic,54,joint_minus_local_optimistic,mean_patch_health,-9.303289112111448
fishery,mix4,deterministic,55,joint_minus_local_optimistic,mean_patch_health,-8.838697551244184
fishery,mix4,deterministic,56,joint_minus_local_optimistic,mean_patch_health,-14.247208832046276
fishery,mix4,deterministic,57,joint_minus_local_optimistic,mean_patch_health,-13.902176815145559
fishery,mix4,deterministic,58,joint_minus_local_optimistic,mean_patch_health,-4.61648387574866
fishery,mix4,deterministic,59,joint_minus_local_optimistic,mean_patch_health,-10.963738511394993
fishery,mix4,deterministic,60,joint_minus_local_optimistic,mean_patch_health,-5.465586720430204
fishery,mix4,deterministic,61,joint_minus_local_optimistic,mean_patch_health,-7.306733312243599
fishery,mix4,deterministic,62,joint_minus_local_optimistic,mean_patch_health,-9.13154958103408
fishery,mix4,deterministic,63,joint_minus_local_optimistic,mean_patch_health,-9.073837214926
fishery,mix4,deterministic,0,joint_minus_local_optimistic,total_welfare,312.59241702992273
fishery,mix4,deterministic,1,joint_minus_local_optimistic,total_welfare,350.41791956092095
fishery,mix4,deterministic,2,joint_minus_local_optimistic,total_welfare,329.578533156306
fishery,mix4,deterministic,3,joint_minus_local_optimistic,total_welfare,340.2747704903131
fishery,mix4,deterministic,4,joint_minus_local_optimistic,total_welfare,322.4027352806836
fishery,mix4,deterministic,5,joint_minus_local_optimistic,total_welfare,350.96540425667604
fishery,mix4,deterministic,6,joint_minus_local_optimistic,total_welfare,337.1116988997795
fishery,mix4,deterministic,7,joint_minus_local_optimistic,total_welfare,342.57831515472196
fishery,mix4,deterministic,8,joint_minus_local_optimistic,total_welfare,348.53443752012095
fishery,mix4,deterministic,9,joint_minus_local_optimistic,total_welfare,343.4845017541154
fishery,mix4,deterministic,10,joint_minus_local_optimistic,total_welfare,314.34438091362466
fishery,mix4,deterministic,11,joint_minus_local_optimistic,total_welfare,351.1106523439224
fishery,mix4,deterministic,12,joint_minus_local_optimistic,total_welfare,346.2568113279358
fishery,mix4,deterministic,13,joint_minus_local_optimistic,total_welfare,356.4981800483702
fishery,mix4,deterministic,14,joint_minus_local_optimistic,total_welfare,297.82687554129666
fishery,mix4,deterministic,15,joint_minus_local_optimistic,total_welfare,328.3594911599881
fishery,mix4,deterministic,16,joint_minus_local_optimistic,total_welfare,0.0
fishery,mix4,deterministic,17,joint_minus_local_optimistic,total_welfare,351.2942078251639
fishery,mix4,deterministic,18,joint_minus_local_optimistic,total_welfare,206.68437805549172
fishery,mix4,deterministic,19,joint_minus_local_optimistic,total_welfare,336.1244460687575
fishery,mix4,deterministic,20,joint_minus_local_optimistic,total_welfare,348.3005490720517
fishery,mix4,deterministic,21,joint_minus_local_optimistic,total_welfare,349.62678713756327
fishery,mix4,deterministic,22,joint_minus_local_optimistic,total_welfare,343.94207636370527
fishery,mix4,deterministic,23,joint_minus_local_optimistic,total_welfare,345.0567550160696
fishery,mix4,deterministic,24,joint_minus_local_optimistic,total_welfare,346.0863050298172
fishery,mix4,deterministic,25,joint_minus_local_optimistic,total_welfare,330.3433826421783
fishery,mix4,deterministic,26,joint_minus_local_optimistic,total_welfare,340.11850756759384
fishery,mix4,deterministic,27,joint_minus_local_optimistic,total_welfare,318.1833219114092
fishery,mix4,deterministic,28,joint_minus_local_optimistic,total_welfare,345.4212460055095
fishery,mix4,deterministic,29,joint_minus_local_optimistic,total_welfare,345.6315170862972
fishery,mix4,deterministic,30,joint_minus_local_optimistic,total_welfare,282.73156902520276
fishery,mix4,deterministic,31,joint_minus_local_optimistic,total_welfare,336.1066839811428
fishery,mix4,deterministic,32,joint_minus_local_optimistic,total_welfare,345.4208295880676
fishery,mix4,deterministic,33,joint_minus_local_optimistic,total_welfare,328.4372433231517
fishery,mix4,deterministic,34,joint_minus_local_optimistic,total_welfare,352.0386130151693
fishery,mix4,deterministic,35,joint_minus_local_optimistic,total_welfare,344.85264575354927
fishery,mix4,deterministic,36,joint_minus_local_optimistic,total_welfare,332.2965070389538
fishery,mix4,deterministic,37,joint_minus_local_optimistic,total_welfare,344.4548282097108
fishery,mix4,deterministic,38,joint_minus_local_optimistic,total_welfare,330.3598544074198
fishery,mix4,deterministic,39,joint_minus_local_optimistic,total_welfare,294.3594213884982
fishery,mix4,deterministic,40,joint_minus_local_optimistic,total_welfare,362.7271245097176
fishery,mix4,deterministic,41,joint_minus_local_optimistic,total_welfare,300.96645607309756
fishery,mix4,deterministic,42,joint_minus_local_optimistic,total_welfare,343.70508162954127
fishery,mix4,deterministic,43,joint_minus_local_optimistic,total_welfare,353.1031586265299
fishery,mix4,deterministic,44,joint_minus_local_optimistic,total_welfare,325.0606721931771
fishery,mix4,deterministic,45,joint_minus_local_optimistic,total_welfare,324.11481976725236
fishery,mix4,deterministic,46,joint_minus_local_optimistic,total_welfare,326.19333913811835
fishery,mix4,deterministic,47,joint_minus_local_optimistic,total_welfare,314.8175858972876
fishery,mix4,deterministic,48,joint_minus_local_optimistic,total_welfare,352.81276319269296
fishery,mix4,deterministic,49,joint_minus_local_optimistic,total_welfare,328.91121187573424
fishery,mix4,deterministic,50,joint_minus_local_optimistic,total_welfare,355.95410124294665
fishery,mix4,deterministic,51,joint_minus_local_optimistic,total_welfare,316.33358225576893
fishery,mix4,deterministic,52,joint_minus_local_optimistic,total_welfare,352.0836542740973
fishery,mix4,deterministic,53,joint_minus_local_optimistic,total_welfare,323.22372575338443
fishery,mix4,deterministic,54,joint_minus_local_optimistic,total_welfare,348.95186761807054
fishery,mix4,deterministic,55,joint_minus_local_optimistic,total_welfare,367.7153722163253
fishery,mix4,deterministic,56,joint_minus_local_optimistic,total_welfare,322.67018729705273
fishery,mix4,deterministic,57,joint_minus_local_optimistic,total_welfare,349.1104669066174
fishery,mix4,deterministic,58,joint_minus_local_optimistic,total_welfare,330.8637355333316
fishery,mix4,deterministic,59,joint_minus_local_optimistic,total_welfare,351.9324486600383
fishery,mix4,deterministic,60,joint_minus_local_optimistic,total_welfare,353.44026932919115
fishery,mix4,deterministic,61,joint_minus_local_optimistic,total_welfare,353.04785973854507
fishery,mix4,deterministic,62,joint_minus_local_optimistic,total_welfare,352.3176557135632
fishery,mix4,deterministic,63,joint_minus_local_optimistic,total_welfare,350.89098984278996
fishery,mix4,deterministic,0,joint_minus_local_optimistic,unsafe_fixed_horizon,-0.8125
fishery,mix4,deterministic,1,joint_minus_local_optimistic,unsafe_fixed_horizon,-0.9125
fishery,mix4,deterministic,2,joint_minus_local_optimistic,unsafe_fixed_horizon,-0.875
fishery,mix4,deterministic,3,joint_minus_local_optimistic,unsafe_fixed_horizon,-0.9
fishery,mix4,deterministic,4,joint_minus_local_optimistic,unsafe_fixed_horizon,-0.85
fishery,mix4,deterministic,5,joint_minus_local_optimistic,unsafe_fixed_horizon,-0.9
fishery,mix4,deterministic,6,joint_minus_local_optimistic,unsafe_fixed_horizon,-0.9125
fishery,mix4,deterministic,7,joint_minus_local_optimistic,unsafe_fixed_horizon,-0.9
fishery,mix4,deterministic,8,joint_minus_local_optimistic,unsafe_fixed_horizon,-0.8875
fishery,mix4,deterministic,9,joint_minus_local_optimistic,unsafe_fixed_horizon,-0.9
fishery,mix4,deterministic,10,joint_minus_local_optimistic,unsafe_fixed_horizon,-0.8125
fishery,mix4,deterministic,11,joint_minus_local_optimistic,unsafe_fixed_horizon,-0.9125
fishery,mix4,deterministic,12,joint_minus_local_optimistic,unsafe_fixed_horizon,-0.9
fishery,mix4,deterministic,13,joint_minus_local_optimistic,unsafe_fixed_horizon,-0.9125
fishery,mix4,deterministic,14,joint_minus_local_optimistic,unsafe_fixed_horizon,-0.7875
fishery,mix4,deterministic,15,joint_minus_local_optimistic,unsafe_fixed_horizon,-0.875
fishery,mix4,deterministic,16,joint_minus_local_optimistic,unsafe_fixed_horizon,0.0
fishery,mix4,deterministic,17,joint_minus_local_optimistic,unsafe_fixed_horizon,-0.8875
fishery,mix4,deterministic,18,joint_minus_local_optimistic,unsafe_fixed_horizon,-0.55
fishery,mix4,deterministic,19,joint_minus_local_optimistic,unsafe_fixed_horizon,-0.9
fishery,mix4,deterministic,20,joint_minus_local_optimistic,unsafe_fixed_horizon,-0.9
fishery,mix4,deterministic,21,joint_minus_local_optimistic,unsafe_fixed_horizon,-0.9
fishery,mix4,deterministic,22,joint_minus_local_optimistic,unsafe_fixed_horizon,-0.9125
fishery,mix4,deterministic,23,joint_minus_local_optimistic,unsafe_fixed_horizon,-0.9
fishery,mix4,deterministic,24,joint_minus_local_optimistic,unsafe_fixed_horizon,-0.875
fishery,mix4,deterministic,25,joint_minus_local_optimistic,unsafe_fixed_horizon,-0.8625
fishery,mix4,deterministic,26,joint_minus_local_optimistic,unsafe_fixed_horizon,-0.8875
fishery,mix4,deterministic,27,joint_minus_local_optimistic,unsafe_fixed_horizon,-0.85
fishery,mix4,deterministic,28,joint_minus_local_optimistic,unsafe_fixed_horizon,-0.9125
fishery,mix4,deterministic,29,joint_minus_local_optimistic,unsafe_fixed_horizon,-0.9125
fishery,mix4,deterministic,30,joint_minus_local_optimistic,unsafe_fixed_horizon,-0.75
fishery,mix4,deterministic,31,joint_minus_local_optimistic,unsafe_fixed_horizon,-0.875
fishery,mix4,deterministic,32,joint_minus_local_optimistic,unsafe_fixed_horizon,-0.8875
fishery,mix4,deterministic,33,joint_minus_local_optimistic,unsafe_fixed_horizon,-0.8625
fishery,mix4,deterministic,34,joint_minus_local_optimistic,unsafe_fixed_horizon,-0.9
fishery,mix4,deterministic,35,joint_minus_local_optimistic,unsafe_fixed_horizon,-0.9125
fishery,mix4,deterministic,36,joint_minus_local_optimistic,unsafe_fixed_horizon,-0.8625
fishery,mix4,deterministic,37,joint_minus_local_optimistic,unsafe_fixed_horizon,-0.8875
fishery,mix4,deterministic,38,joint_minus_local_optimistic,unsafe_fixed_horizon,-0.875
fishery,mix4,deterministic,39,joint_minus_local_optimistic,unsafe_fixed_horizon,-0.775
fishery,mix4,deterministic,40,joint_minus_local_optimistic,unsafe_fixed_horizon,-0.9125
fishery,mix4,deterministic,41,joint_minus_local_optimistic,unsafe_fixed_horizon,-0.7875
fishery,mix4,deterministic,42,joint_minus_local_optimistic,unsafe_fixed_horizon,-0.9125
fishery,mix4,deterministic,43,joint_minus_local_optimistic,unsafe_fixed_horizon,-0.9125
fishery,mix4,deterministic,44,joint_minus_local_optimistic,unsafe_fixed_horizon,-0.825
fishery,mix4,deterministic,45,joint_minus_local_optimistic,unsafe_fixed_horizon,-0.85
fishery,mix4,deterministic,46,joint_minus_local_optimistic,unsafe_fixed_horizon,-0.8625
fishery,mix4,deterministic,47,joint_minus_local_optimistic,unsafe_fixed_horizon,-0.85
fishery,mix4,deterministic,48,joint_minus_local_optimistic,unsafe_fixed_horizon,-0.8875
fishery,mix4,deterministic,49,joint_minus_local_optimistic,unsafe_fixed_horizon,-0.8625
fishery,mix4,deterministic,50,joint_minus_local_optimistic,unsafe_fixed_horizon,-0.9125
fishery,mix4,deterministic,51,joint_minus_local_optimistic,unsafe_fixed_horizon,-0.8625
fishery,mix4,deterministic,52,joint_minus_local_optimistic,unsafe_fixed_horizon,-0.9
fishery,mix4,deterministic,53,joint_minus_local_optimistic,unsafe_fixed_horizon,-0.85
fishery,mix4,deterministic,54,joint_minus_local_optimistic,unsafe_fixed_horizon,-0.9125
fishery,mix4,deterministic,55,joint_minus_local_optimistic,unsafe_fixed_horizon,-0.9125
fishery,mix4,deterministic,56,joint_minus_local_optimistic,unsafe_fixed_horizon,-0.8375
fishery,mix4,deterministic,57,joint_minus_local_optimistic,unsafe_fixed_horizon,-0.8875
fishery,mix4,deterministic,58,joint_minus_local_optimistic,unsafe_fixed_horizon,-0.9
fishery,mix4,deterministic,59,joint_minus_local_optimistic,unsafe_fixed_horizon,-0.8875
fishery,mix4,deterministic,60,joint_minus_local_optimistic,unsafe_fixed_horizon,-0.925
fishery,mix4,deterministic,61,joint_minus_local_optimistic,unsafe_fixed_horizon,-0.9125
fishery,mix4,deterministic,62,joint_minus_local_optimistic,unsafe_fixed_horizon,-0.925
fishery,mix4,deterministic,63,joint_minus_local_optimistic,unsafe_fixed_horizon,-0.925
harvest,mix2,slow_regen,0,joint_minus_local_bounded,mean_patch_health,-0.6901752742568625
harvest,mix2,slow_regen,1,joint_minus_local_bounded,mean_patch_health,-0.6361927796073958
harvest,mix2,slow_regen,2,joint_minus_local_bounded,mean_patch_health,-0.8319338431132932
harvest,mix2,slow_regen,3,joint_minus_local_bounded,mean_patch_health,-0.6225594325257227
harvest,mix2,slow_regen,4,joint_minus_local_bounded,mean_patch_health,-0.5756709206960959
harvest,mix2,slow_regen,5,joint_minus_local_bounded,mean_patch_health,-0.6939197127324386
harvest,mix2,slow_regen,6,joint_minus_local_bounded,mean_patch_health,-0.6113019021790338
harvest,mix2,slow_regen,7,joint_minus_local_bounded,mean_patch_health,-0.5863734322164564
harvest,mix2,slow_regen,8,joint_minus_local_bounded,mean_patch_health,-0.6264676630588548
harvest,mix2,slow_regen,9,joint_minus_local_bounded,mean_patch_health,-0.7028222385518257
harvest,mix2,slow_regen,10,joint_minus_local_bounded,mean_patch_health,-0.6909660945859288
harvest,mix2,slow_regen,11,joint_minus_local_bounded,mean_patch_health,-0.6215019549941658
harvest,mix2,slow_regen,12,joint_minus_local_bounded,mean_patch_health,-0.8934906572046062
harvest,mix2,slow_regen,13,joint_minus_local_bounded,mean_patch_health,-0.5856645612112485
harvest,mix2,slow_regen,14,joint_minus_local_bounded,mean_patch_health,-0.6126482278234304
harvest,mix2,slow_regen,15,joint_minus_local_bounded,mean_patch_health,-0.6236232496573928
harvest,mix2,slow_regen,16,joint_minus_local_bounded,mean_patch_health,-0.5860921671160169
harvest,mix2,slow_regen,17,joint_minus_local_bounded,mean_patch_health,-0.7517601138503229
harvest,mix2,slow_regen,18,joint_minus_local_bounded,mean_patch_health,-0.6776699430878059
harvest,mix2,slow_regen,19,joint_minus_local_bounded,mean_patch_health,-0.8131980917739385
harvest,mix2,slow_regen,20,joint_minus_local_bounded,mean_patch_health,-0.8532688991040809
harvest,mix2,slow_regen,21,joint_minus_local_bounded,mean_patch_health,-0.6013005531509705
harvest,mix2,slow_regen,22,joint_minus_local_bounded,mean_patch_health,-0.8858787454408414
harvest,mix2,slow_regen,23,joint_minus_local_bounded,mean_patch_health,-1.2701860132711014
harvest,mix2,slow_regen,24,joint_minus_local_bounded,mean_patch_health,-0.7311839200630779
harvest,mix2,slow_regen,25,joint_minus_local_bounded,mean_patch_health,-0.550187692238385
harvest,mix2,slow_regen,26,joint_minus_local_bounded,mean_patch_health,-0.5715670293034512
harvest,mix2,slow_regen,27,joint_minus_local_bounded,mean_patch_health,-0.6148533606873725
harvest,mix2,slow_regen,28,joint_minus_local_bounded,mean_patch_health,-0.7512614089507954
harvest,mix2,slow_regen,29,joint_minus_local_bounded,mean_patch_health,-1.0210236226304277
harvest,mix2,slow_regen,30,joint_minus_local_bounded,mean_patch_health,-0.5871553619241441
harvest,mix2,slow_regen,31,joint_minus_local_bounded,mean_patch_health,-0.7075731713502433
harvest,mix2,slow_regen,32,joint_minus_local_bounded,mean_patch_health,-0.7795240276055244
harvest,mix2,slow_regen,33,joint_minus_local_bounded,mean_patch_health,-0.6278443237166194
harvest,mix2,slow_regen,34,joint_minus_local_bounded,mean_patch_health,-0.9248679174799062
harvest,mix2,slow_regen,35,joint_minus_local_bounded,mean_patch_health,-1.3489012590127452
harvest,mix2,slow_regen,36,joint_minus_local_bounded,mean_patch_health,-0.7312651991050227
harvest,mix2,slow_regen,37,joint_minus_local_bounded,mean_patch_health,-0.7936005499484518
harvest,mix2,slow_regen,38,joint_minus_local_bounded,mean_patch_health,-0.5753436965645511
harvest,mix2,slow_regen,39,joint_minus_local_bounded,mean_patch_health,-0.6278689226614746
harvest,mix2,slow_regen,40,joint_minus_local_bounded,mean_patch_health,-1.0703791192805836
harvest,mix2,slow_regen,41,joint_minus_local_bounded,mean_patch_health,-0.6976181065813671
harvest,mix2,slow_regen,42,joint_minus_local_bounded,mean_patch_health,-0.8681985295554773
harvest,mix2,slow_regen,43,joint_minus_local_bounded,mean_patch_health,-0.6673171212799289
harvest,mix2,slow_regen,44,joint_minus_local_bounded,mean_patch_health,-0.7687692337932077
harvest,mix2,slow_regen,45,joint_minus_local_bounded,mean_patch_health,-0.607347258694853
harvest,mix2,slow_regen,46,joint_minus_local_bounded,mean_patch_health,-0.7181686510346532
harvest,mix2,slow_regen,47,joint_minus_local_bounded,mean_patch_health,-1.1673420509573038
harvest,mix2,slow_regen,48,joint_minus_local_bounded,mean_patch_health,-0.7317335262147937
harvest,mix2,slow_regen,49,joint_minus_local_bounded,mean_patch_health,-1.037909250576182
harvest,mix2,slow_regen,50,joint_minus_local_bounded,mean_patch_health,-0.6886737049217597
harvest,mix2,slow_regen,51,joint_minus_local_bounded,mean_patch_health,-0.5887562356716431
harvest,mix2,slow_regen,52,joint_minus_local_bounded,mean_patch_health,-0.8400063899282539
harvest,mix2,slow_regen,53,joint_minus_local_bounded,mean_patch_health,-1.1005341827293886
harvest,mix2,slow_regen,54,joint_minus_local_bounded,mean_patch_health,-0.5972096557067408
harvest,mix2,slow_regen,55,joint_minus_local_bounded,mean_patch_health,-0.6772848142738761
harvest,mix2,slow_regen,56,joint_minus_local_bounded,mean_patch_health,-1.350952297618214
harvest,mix2,slow_regen,57,joint_minus_local_bounded,mean_patch_health,-0.5894723079080721
harvest,mix2,slow_regen,58,joint_minus_local_bounded,mean_patch_health,-0.5981828915464655
harvest,mix2,slow_regen,59,joint_minus_local_bounded,mean_patch_health,-0.649296005407666
harvest,mix2,slow_regen,60,joint_minus_local_bounded,mean_patch_health,-0.6700293348030808
harvest,mix2,slow_regen,61,joint_minus_local_bounded,mean_patch_health,-0.7001426091714684
harvest,mix2,slow_regen,62,joint_minus_local_bounded,mean_patch_health,-1.0100473876009533
harvest,mix2,slow_regen,63,joint_minus_local_bounded,mean_patch_health,-0.6697364587990622
harvest,mix2,slow_regen,0,joint_minus_local_bounded,total_welfare,67.89229881083611
harvest,mix2,slow_regen,1,joint_minus_local_bounded,total_welfare,26.753403770199327
harvest,mix2,slow_regen,2,joint_minus_local_bounded,total_welfare,-12.051287060923755
harvest,mix2,slow_regen,3,joint_minus_local_bounded,total_welfare,44.7489429861584
harvest,mix2,slow_regen,4,joint_minus_local_bounded,total_welfare,45.50097394091097
harvest,mix2,slow_regen,5,joint_minus_local_bounded,total_welfare,52.854200380560826
harvest,mix2,slow_regen,6,joint_minus_local_bounded,total_welfare,73.76120503646814
harvest,mix2,slow_regen,7,joint_minus_local_bounded,total_welfare,47.302211707156744
harvest,mix2,slow_regen,8,joint_minus_local_bounded,total_welfare,44.464733312583746
harvest,mix2,slow_regen,9,joint_minus_local_bounded,total_welfare,66.06105574671119
harvest,mix2,slow_regen,10,joint_minus_local_bounded,total_welfare,46.185143573102266
harvest,mix2,slow_regen,11,joint_minus_local_bounded,total_welfare,68.019195490816
harvest,mix2,slow_regen,12,joint_minus_local_bounded,total_welfare,87.95044012540626
harvest,mix2,slow_regen,13,joint_minus_local_bounded,total_welfare,57.54320587306813
harvest,mix2,slow_regen,14,joint_minus_local_bounded,total_welfare,45.805868696397056
harvest,mix2,slow_regen,15,joint_minus_local_bounded,total_welfare,65.72501568872309
harvest,mix2,slow_regen,16,joint_minus_local_bounded,total_welfare,51.81484349802787
harvest,mix2,slow_regen,17,joint_minus_local_bounded,total_welfare,-4.964598458468856
harvest,mix2,slow_regen,18,joint_minus_local_bounded,total_welfare,55.96689061527138
harvest,mix2,slow_regen,19,joint_minus_local_bounded,total_welfare,-11.674585705127356
harvest,mix2,slow_regen,20,joint_minus_local_bounded,total_welfare,100.5275281323822
harvest,mix2,slow_regen,21,joint_minus_local_bounded,total_welfare,51.45875912481614
harvest,mix2,slow_regen,22,joint_minus_local_bounded,total_welfare,-48.188075183350236
harvest,mix2,slow_regen,23,joint_minus_local_bounded,total_welfare,-33.781418082500636
harvest,mix2,slow_regen,24,joint_minus_local_bounded,total_welfare,1.9182719672633084
harvest,mix2,slow_regen,25,joint_minus_local_bounded,total_welfare,45.5548931139935
harvest,mix2,slow_regen,26,joint_minus_local_bounded,total_welfare,53.0301616380566
harvest,mix2,slow_regen,27,joint_minus_local_bounded,total_welfare,59.07501733522241
harvest,mix2,slow_regen,28,joint_minus_local_bounded,total_welfare,37.21031947038978
harvest,mix2,slow_regen,29,joint_minus_local_bounded,total_welfare,-84.20064059128487
harvest,mix2,slow_regen,30,joint_minus_local_bounded,total_welfare,50.349005374601575
harvest,mix2,slow_regen,31,joint_minus_local_bounded,total_welfare,62.76133391736636
harvest,mix2,slow_regen,32,joint_minus_local_bounded,total_welfare,4.315043732859294
harvest,mix2,slow_regen,33,joint_minus_local_bounded,total_welfare,37.49067955267833
harvest,mix2,slow_regen,34,joint_minus_local_bounded,total_welfare,-58.398435651755904
harvest,mix2,slow_regen,35,joint_minus_local_bounded,total_welfare,-172.4017419963355
harvest,mix2,slow_regen,36,joint_minus_local_bounded,total_welfare,54.59798585322966
harvest,mix2,slow_regen,37,joint_minus_local_bounded,total_welfare,54.46453584563142
harvest,mix2,slow_regen,38,joint_minus_local_bounded,total_welfare,34.62032010215091
harvest,mix2,slow_regen,39,joint_minus_local_bounded,total_welfare,39.72831085849083
harvest,mix2,slow_regen,40,joint_minus_local_bounded,total_welfare,-37.57222237968102
harvest,mix2,slow_regen,41,joint_minus_local_bounded,total_welfare,43.915939415908554
harvest,mix2,slow_regen,42,joint_minus_local_bounded,total_welfare,-33.40309622396666
harvest,mix2,slow_regen,43,joint_minus_local_bounded,total_welfare,29.83444777687305
harvest,mix2,slow_regen,44,joint_minus_local_bounded,total_welfare,46.166056294346674
harvest,mix2,slow_regen,45,joint_minus_local_bounded,total_welfare,65.1110974102798
harvest,mix2,slow_regen,46,joint_minus_local_bounded,total_welfare,82.74957699079357
harvest,mix2,slow_regen,47,joint_minus_local_bounded,total_welfare,11.971893255698774
harvest,mix2,slow_regen,48,joint_minus_local_bounded,total_welfare,5.572814931472465
harvest,mix2,slow_regen,49,joint_minus_local_bounded,total_welfare,-47.283034068457994
harvest,mix2,slow_regen,50,joint_minus_local_bounded,total_welfare,53.28333490152403
harvest,mix2,slow_regen,51,joint_minus_local_bounded,total_welfare,25.09868175287528
harvest,mix2,slow_regen,52,joint_minus_local_bounded,total_welfare,1.2479153717096096
harvest,mix2,slow_regen,53,joint_minus_local_bounded,total_welfare,23.96683132243652
harvest,mix2,slow_regen,54,joint_minus_local_bounded,total_welfare,52.10822007561279
harvest,mix2,slow_regen,55,joint_minus_local_bounded,total_welfare,60.90437133398416
harvest,mix2,slow_regen,56,joint_minus_local_bounded,total_welfare,-30.468260382850076
harvest,mix2,slow_regen,57,joint_minus_local_bounded,total_welfare,52.239760118277786
harvest,mix2,slow_regen,58,joint_minus_local_bounded,total_welfare,58.692523686165316
harvest,mix2,slow_regen,59,joint_minus_local_bounded,total_welfare,69.44588216835865
harvest,mix2,slow_regen,60,joint_minus_local_bounded,total_welfare,20.117420466035526
harvest,mix2,slow_regen,61,joint_minus_local_bounded,total_welfare,11.069648212371135
harvest,mix2,slow_regen,62,joint_minus_local_bounded,total_welfare,-25.976401393591345
harvest,mix2,slow_regen,63,joint_minus_local_bounded,total_welfare,47.2028546111942
harvest,mix2,slow_regen,0,joint_minus_local_bounded,unsafe_fixed_horizon,0.0
harvest,mix2,slow_regen,1,joint_minus_local_bounded,unsafe_fixed_horizon,0.0
harvest,mix2,slow_regen,2,joint_minus_local_bounded,unsafe_fixed_horizon,0.0
harvest,mix2,slow_regen,3,joint_minus_local_bounded,unsafe_fixed_horizon,0.0
harvest,mix2,slow_regen,4,joint_minus_local_bounded,unsafe_fixed_horizon,0.0
harvest,mix2,slow_regen,5,joint_minus_local_bounded,unsafe_fixed_horizon,0.0
harvest,mix2,slow_regen,6,joint_minus_local_bounded,unsafe_fixed_horizon,0.0
harvest,mix2,slow_regen,7,joint_minus_local_bounded,unsafe_fixed_horizon,0.0
harvest,mix2,slow_regen,8,joint_minus_local_bounded,unsafe_fixed_horizon,0.0
harvest,mix2,slow_regen,9,joint_minus_local_bounded,unsafe_fixed_horizon,0.0
harvest,mix2,slow_regen,10,joint_minus_local_bounded,unsafe_fixed_horizon,0.0
harvest,mix2,slow_regen,11,joint_minus_local_bounded,unsafe_fixed_horizon,0.0
harvest,mix2,slow_regen,12,joint_minus_local_bounded,unsafe_fixed_horizon,0.0
harvest,mix2,slow_regen,13,joint_minus_local_bounded,unsafe_fixed_horizon,0.0
harvest,mix2,slow_regen,14,joint_minus_local_bounded,unsafe_fixed_horizon,0.0
harvest,mix2,slow_regen,15,joint_minus_local_bounded,unsafe_fixed_horizon,0.0
harvest,mix2,slow_regen,16,joint_minus_local_bounded,unsafe_fixed_horizon,0.0
harvest,mix2,slow_regen,17,joint_minus_local_bounded,unsafe_fixed_horizon,0.0
harvest,mix2,slow_regen,18,joint_minus_local_bounded,unsafe_fixed_horizon,0.0
harvest,mix2,slow_regen,19,joint_minus_local_bounded,unsafe_fixed_horizon,0.0
harvest,mix2,slow_regen,20,joint_minus_local_bounded,unsafe_fixed_horizon,0.0
harvest,mix2,slow_regen,21,joint_minus_local_bounded,unsafe_fixed_horizon,0.0
harvest,mix2,slow_regen,22,joint_minus_local_bounded,unsafe_fixed_horizon,0.0
harvest,mix2,slow_regen,23,joint_minus_local_bounded,unsafe_fixed_horizon,0.0
harvest,mix2,slow_regen,24,joint_minus_local_bounded,unsafe_fixed_horizon,0.0
harvest,mix2,slow_regen,25,joint_minus_local_bounded,unsafe_fixed_horizon,0.0
harvest,mix2,slow_regen,26,joint_minus_local_bounded,unsafe_fixed_horizon,0.0
harvest,mix2,slow_regen,27,joint_minus_local_bounded,unsafe_fixed_horizon,0.0
harvest,mix2,slow_regen,28,joint_minus_local_bounded,unsafe_fixed_horizon,0.0
harvest,mix2,slow_regen,29,joint_minus_local_bounded,unsafe_fixed_horizon,0.0
harvest,mix2,slow_regen,30,joint_minus_local_bounded,unsafe_fixed_horizon,0.0
harvest,mix2,slow_regen,31,joint_minus_local_bounded,unsafe_fixed_horizon,0.0
harvest,mix2,slow_regen,32,joint_minus_local_bounded,unsafe_fixed_horizon,0.0
harvest,mix2,slow_regen,33,joint_minus_local_bounded,unsafe_fixed_horizon,0.0
harvest,mix2,slow_regen,34,joint_minus_local_bounded,unsafe_fixed_horizon,0.0
harvest,mix2,slow_regen,35,joint_minus_local_bounded,unsafe_fixed_horizon,0.0
harvest,mix2,slow_regen,36,joint_minus_local_bounded,unsafe_fixed_horizon,0.0
harvest,mix2,slow_regen,37,joint_minus_local_bounded,unsafe_fixed_horizon,0.0
harvest,mix2,slow_regen,38,joint_minus_local_bounded,unsafe_fixed_horizon,0.0
harvest,mix2,slow_regen,39,joint_minus_local_bounded,unsafe_fixed_horizon,0.0
harvest,mix2,slow_regen,40,joint_minus_local_bounded,unsafe_fixed_horizon,0.0
harvest,mix2,slow_regen,41,joint_minus_local_bounded,unsafe_fixed_horizon,0.0
harvest,mix2,slow_regen,42,joint_minus_local_bounded,unsafe_fixed_horizon,0.0
harvest,mix2,slow_regen,43,joint_minus_local_bounded,unsafe_fixed_horizon,0.0
harvest,mix2,slow_regen,44,joint_minus_local_bounded,unsafe_fixed_horizon,0.0
harvest,mix2,slow_regen,45,joint_minus_local_bounded,unsafe_fixed_horizon,0.0
harvest,mix2,slow_regen,46,joint_minus_local_bounded,unsafe_fixed_horizon,0.0
harvest,mix2,slow_regen,47,joint_minus_local_bounded,unsafe_fixed_horizon,0.0
harvest,mix2,slow_regen,48,joint_minus_local_bounded,unsafe_fixed_horizon,0.0
harvest,mix2,slow_regen,49,joint_minus_local_bounded,unsafe_fixed_horizon,0.0
harvest,mix2,slow_regen,50,joint_minus_local_bounded,unsafe_fixed_horizon,0.0
harvest,mix2,slow_regen,51,joint_minus_local_bounded,unsafe_fixed_horizon,0.0
harvest,mix2,slow_regen,52,joint_minus_local_bounded,unsafe_fixed_horizon,0.0
harvest,mix2,slow_regen,53,joint_minus_local_bounded,unsafe_fixed_horizon,0.0
harvest,mix2,slow_regen,54,joint_minus_local_bounded,unsafe_fixed_horizon,0.0
harvest,mix2,slow_regen,55,joint_minus_local_bounded,unsafe_fixed_horizon,0.0
harvest,mix2,slow_regen,56,joint_minus_local_bounded,unsafe_fixed_horizon,0.0
harvest,mix2,slow_regen,57,joint_minus_local_bounded,unsafe_fixed_horizon,0.0
harvest,mix2,slow_regen,58,joint_minus_local_bounded,unsafe_fixed_horizon,0.0
harvest,mix2,slow_regen,59,joint_minus_local_bounded,unsafe_fixed_horizon,0.0
harvest,mix2,slow_regen,60,joint_minus_local_bounded,unsafe_fixed_horizon,0.0
harvest,mix2,slow_regen,61,joint_minus_local_bounded,unsafe_fixed_horizon,0.0
harvest,mix2,slow_regen,62,joint_minus_local_bounded,unsafe_fixed_horizon,0.0
harvest,mix2,slow_regen,63,joint_minus_local_bounded,unsafe_fixed_horizon,0.0
harvest,mix2,slow_regen,0,joint_minus_local_optimistic,mean_patch_health,0.03943903115566272
harvest,mix2,slow_regen,1,joint_minus_local_optimistic,mean_patch_health,0.04752855632991171
harvest,mix2,slow_regen,2,joint_minus_local_optimistic,mean_patch_health,0.06317971220179786
harvest,mix2,slow_regen,3,joint_minus_local_optimistic,mean_patch_health,0.031096114773369266
harvest,mix2,slow_regen,4,joint_minus_local_optimistic,mean_patch_health,0.056124487923186805
harvest,mix2,slow_regen,5,joint_minus_local_optimistic,mean_patch_health,0.011660266275076658
harvest,mix2,slow_regen,6,joint_minus_local_optimistic,mean_patch_health,0.02473405248990801
harvest,mix2,slow_regen,7,joint_minus_local_optimistic,mean_patch_health,0.03376660900669659
harvest,mix2,slow_regen,8,joint_minus_local_optimistic,mean_patch_health,0.03471282810285725
harvest,mix2,slow_regen,9,joint_minus_local_optimistic,mean_patch_health,0.0572977161534558
harvest,mix2,slow_regen,10,joint_minus_local_optimistic,mean_patch_health,0.04429847849121771
harvest,mix2,slow_regen,11,joint_minus_local_optimistic,mean_patch_health,0.04445802088399997
harvest,mix2,slow_regen,12,joint_minus_local_optimistic,mean_patch_health,0.008169440160656016
harvest,mix2,slow_regen,13,joint_minus_local_optimistic,mean_patch_health,0.038407867675911866
harvest,mix2,slow_regen,14,joint_minus_local_optimistic,mean_patch_health,0.03742419334312164
harvest,mix2,slow_regen,15,joint_minus_local_optimistic,mean_patch_health,0.07698267043785556
harvest,mix2,slow_regen,16,joint_minus_local_optimistic,mean_patch_health,0.08612932056733591
harvest,mix2,slow_regen,17,joint_minus_local_optimistic,mean_patch_health,0.059598218759573385
harvest,mix2,slow_regen,18,joint_minus_local_optimistic,mean_patch_health,0.029191008369792826
harvest,mix2,slow_regen,19,joint_minus_local_optimistic,mean_patch_health,0.06890425567775793
harvest,mix2,slow_regen,20,joint_minus_local_optimistic,mean_patch_health,0.0033881975251786045
harvest,mix2,slow_regen,21,joint_minus_local_optimistic,mean_patch_health,0.04307359426088375
harvest,mix2,slow_regen,22,joint_minus_local_optimistic,mean_patch_health,0.03930565671104702
harvest,mix2,slow_regen,23,joint_minus_local_optimistic,mean_patch_health,0.001715749866589178
harvest,mix2,slow_regen,24,joint_minus_local_optimistic,mean_patch_health,0.04379511267835756
harvest,mix2,slow_regen,25,joint_minus_local_optimistic,mean_patch_health,0.07176916963891866
harvest,mix2,slow_regen,26,joint_minus_local_optimistic,mean_patch_health,0.03272709524538353
harvest,mix2,slow_regen,27,joint_minus_local_optimistic,mean_patch_health,0.05571629932034394
harvest,mix2,slow_regen,28,joint_minus_local_optimistic,mean_patch_health,0.12826835927158342
harvest,mix2,slow_regen,29,joint_minus_local_optimistic,mean_patch_health,0.044539283798461504
harvest,mix2,slow_regen,30,joint_minus_local_optimistic,mean_patch_health,0.02929469143958663
harvest,mix2,slow_regen,31,joint_minus_local_optimistic,mean_patch_health,0.012587518857303692
harvest,mix2,slow_regen,32,joint_minus_local_optimistic,mean_patch_health,0.022441912578385903
harvest,mix2,slow_regen,33,joint_minus_local_optimistic,mean_patch_health,0.05926317175030871
harvest,mix2,slow_regen,34,joint_minus_local_optimistic,mean_patch_health,0.06779393517770238
harvest,mix2,slow_regen,35,joint_minus_local_optimistic,mean_patch_health,0.064085091294384
harvest,mix2,slow_regen,36,joint_minus_local_optimistic,mean_patch_health,0.028023123809099992
harvest,mix2,slow_regen,37,joint_minus_local_optimistic,mean_patch_health,0.04254961552886716
harvest,mix2,slow_regen,38,joint_minus_local_optimistic,mean_patch_health,0.09527521399402605
harvest,mix2,slow_regen,39,joint_minus_local_optimistic,mean_patch_health,0.018988385559834065
harvest,mix2,slow_regen,40,joint_minus_local_optimistic,mean_patch_health,0.03252280901469273
harvest,mix2,slow_regen,41,joint_minus_local_optimistic,mean_patch_health,0.03228789082427763
harvest,mix2,slow_regen,42,joint_minus_local_optimistic,mean_patch_health,0.09863681864009344
harvest,mix2,slow_regen,43,joint_minus_local_optimistic,mean_patch_health,0.06545860579426055
harvest,mix2,slow_regen,44,joint_minus_local_optimistic,mean_patch_health,0.043437688829168764
harvest,mix2,slow_regen,45,joint_minus_local_optimistic,mean_patch_health,0.018523721387238012
harvest,mix2,slow_regen,46,joint_minus_local_optimistic,mean_patch_health,0.008827005362086915
harvest,mix2,slow_regen,47,joint_minus_local_optimistic,mean_patch_health,0.044083096367041996
harvest,mix2,slow_regen,48,joint_minus_local_optimistic,mean_patch_health,0.054162150032138534
harvest,mix2,slow_regen,49,joint_minus_local_optimistic,mean_patch_health,0.057540381822496656
harvest,mix2,slow_regen,50,joint_minus_local_optimistic,mean_patch_health,-0.0029333199216425854
harvest,mix2,slow_regen,51,joint_minus_local_optimistic,mean_patch_health,0.05362178550528274
harvest,mix2,slow_regen,52,joint_minus_local_optimistic,mean_patch_health,0.04010607527889132
harvest,mix2,slow_regen,53,joint_minus_local_optimistic,mean_patch_health,0.03567328340600895
harvest,mix2,slow_regen,54,joint_minus_local_optimistic,mean_patch_health,0.04927122307536003
harvest,mix2,slow_regen,55,joint_minus_local_optimistic,mean_patch_health,0.01841273840915747
harvest,mix2,slow_regen,56,joint_minus_local_optimistic,mean_patch_health,0.12020149266836011
harvest,mix2,slow_regen,57,joint_minus_local_optimistic,mean_patch_health,0.04266077225432685
harvest,mix2,slow_regen,58,joint_minus_local_optimistic,mean_patch_health,0.046902837416390675
harvest,mix2,slow_regen,59,joint_minus_local_optimistic,mean_patch_health,0.05951969472060181
harvest,mix2,slow_regen,60,joint_minus_local_optimistic,mean_patch_health,0.04279418415803882
harvest,mix2,slow_regen,61,joint_minus_local_optimistic,mean_patch_health,0.03423931006115222
harvest,mix2,slow_regen,62,joint_minus_local_optimistic,mean_patch_health,0.007215487235447071
harvest,mix2,slow_regen,63,joint_minus_local_optimistic,mean_patch_health,0.0013643218021668346
harvest,mix2,slow_regen,0,joint_minus_local_optimistic,total_welfare,1.4579588837268602
harvest,mix2,slow_regen,1,joint_minus_local_optimistic,total_welfare,-2.2822883681082544
harvest,mix2,slow_regen,2,joint_minus_local_optimistic,total_welfare,-4.309542798733389
harvest,mix2,slow_regen,3,joint_minus_local_optimistic,total_welfare,-3.476143756996464
harvest,mix2,slow_regen,4,joint_minus_local_optimistic,total_welfare,-2.8855771211979118
harvest,mix2,slow_regen,5,joint_minus_local_optimistic,total_welfare,1.505752731066309
harvest,mix2,slow_regen,6,joint_minus_local_optimistic,total_welfare,-2.8440137426613887
harvest,mix2,slow_regen,7,joint_minus_local_optimistic,total_welfare,-2.8087668217759187
harvest,mix2,slow_regen,8,joint_minus_local_optimistic,total_welfare,-2.9114683291449523
harvest,mix2,slow_regen,9,joint_minus_local_optimistic,total_welfare,0.2896773469543632
harvest,mix2,slow_regen,10,joint_minus_local_optimistic,total_welfare,-9.662596004606598
harvest,mix2,slow_regen,11,joint_minus_local_optimistic,total_welfare,-2.830952193803853
harvest,mix2,slow_regen,12,joint_minus_local_optimistic,total_welfare,0.8162618501636985
harvest,mix2,slow_regen,13,joint_minus_local_optimistic,total_welfare,-1.3060526934312406
harvest,mix2,slow_regen,14,joint_minus_local_optimistic,total_welfare,2.2320676729203797
harvest,mix2,slow_regen,15,joint_minus_local_optimistic,total_welfare,-5.789959814864687
harvest,mix2,slow_regen,16,joint_minus_local_optimistic,total_welfare,-3.450385775491327
harvest,mix2,slow_regen,17,joint_minus_local_optimistic,total_welfare,0.24788796489912102
harvest,mix2,slow_regen,18,joint_minus_local_optimistic,total_welfare,-4.473726516167233
harvest,mix2,slow_regen,19,joint_minus_local_optimistic,total_welfare,8.36938246102278
harvest,mix2,slow_regen,20,joint_minus_local_optimistic,total_welfare,-0.5056148671380356
harvest,mix2,slow_regen,21,joint_minus_local_optimistic,total_welfare,-2.3176354979977987
harvest,mix2,slow_regen,22,joint_minus_local_optimistic,total_welfare,2.151542199254436
harvest,mix2,slow_regen,23,joint_minus_local_optimistic,total_welfare,-3.0349230969218866
harvest,mix2,slow_regen,24,joint_minus_local_optimistic,total_welfare,4.13655213583786
harvest,mix2,slow_regen,25,joint_minus_local_optimistic,total_welfare,-3.7522854757265236
harvest,mix2,slow_regen,26,joint_minus_local_optimistic,total_welfare,0.36867940111147846
harvest,mix2,slow_regen,27,joint_minus_local_optimistic,total_welfare,-4.642236690613345
harvest,mix2,slow_regen,28,joint_minus_local_optimistic,total_welfare,-7.353964231138491
harvest,mix2,slow_regen,29,joint_minus_local_optimistic,total_welfare,-1.8972615889031772
harvest,mix2,slow_regen,30,joint_minus_local_optimistic,total_welfare,-2.6057559284441822
harvest,mix2,slow_regen,31,joint_minus_local_optimistic,total_welfare,-1.8548312009939991
harvest,mix2,slow_regen,32,joint_minus_local_optimistic,total_welfare,4.736281297816333
harvest,mix2,slow_regen,33,joint_minus_local_optimistic,total_welfare,5.280900803913539
harvest,mix2,slow_regen,34,joint_minus_local_optimistic,total_welfare,11.368509287494476
harvest,mix2,slow_regen,35,joint_minus_local_optimistic,total_welfare,4.440122144704901
harvest,mix2,slow_regen,36,joint_minus_local_optimistic,total_welfare,-2.541415218769714
harvest,mix2,slow_regen,37,joint_minus_local_optimistic,total_welfare,3.24142587765283
harvest,mix2,slow_regen,38,joint_minus_local_optimistic,total_welfare,5.711664330145766
harvest,mix2,slow_regen,39,joint_minus_local_optimistic,total_welfare,-2.4725228983364786
harvest,mix2,slow_regen,40,joint_minus_local_optimistic,total_welfare,0.5871740571494115
harvest,mix2,slow_regen,41,joint_minus_local_optimistic,total_welfare,1.6969981918081203
harvest,mix2,slow_regen,42,joint_minus_local_optimistic,total_welfare,5.86760172060832
harvest,mix2,slow_regen,43,joint_minus_local_optimistic,total_welfare,0.14101217354732398
harvest,mix2,slow_regen,44,joint_minus_local_optimistic,total_welfare,0.32236981710337886
harvest,mix2,slow_regen,45,joint_minus_local_optimistic,total_welfare,-0.6791443323688213
harvest,mix2,slow_regen,46,joint_minus_local_optimistic,total_welfare,0.06505263019710128
harvest,mix2,slow_regen,47,joint_minus_local_optimistic,total_welfare,9.412025271412972
harvest,mix2,slow_regen,48,joint_minus_local_optimistic,total_welfare,3.199140180934535
harvest,mix2,slow_regen,49,joint_minus_local_optimistic,total_welfare,1.6126524124836692
harvest,mix2,slow_regen,50,joint_minus_local_optimistic,total_welfare,0.8753374339572702
harvest,mix2,slow_regen,51,joint_minus_local_optimistic,total_welfare,-2.1977453338072905
harvest,mix2,slow_regen,52,joint_minus_local_optimistic,total_welfare,-5.809275430942648
harvest,mix2,slow_regen,53,joint_minus_local_optimistic,total_welfare,-7.803776290408791
harvest,mix2,slow_regen,54,joint_minus_local_optimistic,total_welfare,1.1376444825344834
harvest,mix2,slow_regen,55,joint_minus_local_optimistic,total_welfare,-1.8475167344719807
harvest,mix2,slow_regen,56,joint_minus_local_optimistic,total_welfare,48.55990507386218
harvest,mix2,slow_regen,57,joint_minus_local_optimistic,total_welfare,3.477837776501019
harvest,mix2,slow_regen,58,joint_minus_local_optimistic,total_welfare,1.005721243340986
harvest,mix2,slow_regen,59,joint_minus_local_optimistic,total_welfare,-3.4184838833888875
harvest,mix2,slow_regen,60,joint_minus_local_optimistic,total_welfare,2.8218033725067357
harvest,mix2,slow_regen,61,joint_minus_local_optimistic,total_welfare,-2.2424347770053714
harvest,mix2,slow_regen,62,joint_minus_local_optimistic,total_welfare,0.7315737485528757
harvest,mix2,slow_regen,63,joint_minus_local_optimistic,total_welfare,-0.4029218174969742
harvest,mix2,slow_regen,0,joint_minus_local_optimistic,unsafe_fixed_horizon,0.0
harvest,mix2,slow_regen,1,joint_minus_local_optimistic,unsafe_fixed_horizon,0.0
harvest,mix2,slow_regen,2,joint_minus_local_optimistic,unsafe_fixed_horizon,0.0
harvest,mix2,slow_regen,3,joint_minus_local_optimistic,unsafe_fixed_horizon,0.0
harvest,mix2,slow_regen,4,joint_minus_local_optimistic,unsafe_fixed_horizon,0.0
harvest,mix2,slow_regen,5,joint_minus_local_optimistic,unsafe_fixed_horizon,0.0
harvest,mix2,slow_regen,6,joint_minus_local_optimistic,unsafe_fixed_horizon,0.0
harvest,mix2,slow_regen,7,joint_minus_local_optimistic,unsafe_fixed_horizon,0.0
harvest,mix2,slow_regen,8,joint_minus_local_optimistic,unsafe_fixed_horizon,0.0
harvest,mix2,slow_regen,9,joint_minus_local_optimistic,unsafe_fixed_horizon,0.0
harvest,mix2,slow_regen,10,joint_minus_local_optimistic,unsafe_fixed_horizon,0.0
harvest,mix2,slow_regen,11,joint_minus_local_optimistic,unsafe_fixed_horizon,0.0
harvest,mix2,slow_regen,12,joint_minus_local_optimistic,unsafe_fixed_horizon,0.0
harvest,mix2,slow_regen,13,joint_minus_local_optimistic,unsafe_fixed_horizon,0.0
harvest,mix2,slow_regen,14,joint_minus_local_optimistic,unsafe_fixed_horizon,0.0
harvest,mix2,slow_regen,15,joint_minus_local_optimistic,unsafe_fixed_horizon,0.0
harvest,mix2,slow_regen,16,joint_minus_local_optimistic,unsafe_fixed_horizon,0.0
harvest,mix2,slow_regen,17,joint_minus_local_optimistic,unsafe_fixed_horizon,0.0
harvest,mix2,slow_regen,18,joint_minus_local_optimistic,unsafe_fixed_horizon,0.0
harvest,mix2,slow_regen,19,joint_minus_local_optimistic,unsafe_fixed_horizon,0.0
harvest,mix2,slow_regen,20,joint_minus_local_optimistic,unsafe_fixed_horizon,0.0
harvest,mix2,slow_regen,21,joint_minus_local_optimistic,unsafe_fixed_horizon,0.0
harvest,mix2,slow_regen,22,joint_minus_local_optimistic,unsafe_fixed_horizon,0.0
harvest,mix2,slow_regen,23,joint_minus_local_optimistic,unsafe_fixed_horizon,0.0
harvest,mix2,slow_regen,24,joint_minus_local_optimistic,unsafe_fixed_horizon,0.0
harvest,mix2,slow_regen,25,joint_minus_local_optimistic,unsafe_fixed_horizon,0.0
harvest,mix2,slow_regen,26,joint_minus_local_optimistic,unsafe_fixed_horizon,0.0
harvest,mix2,slow_regen,27,joint_minus_local_optimistic,unsafe_fixed_horizon,0.0
harvest,mix2,slow_regen,28,joint_minus_local_optimistic,unsafe_fixed_horizon,0.0
harvest,mix2,slow_regen,29,joint_minus_local_optimistic,unsafe_fixed_horizon,0.0
harvest,mix2,slow_regen,30,joint_minus_local_optimistic,unsafe_fixed_horizon,0.0
harvest,mix2,slow_regen,31,joint_minus_local_optimistic,unsafe_fixed_horizon,0.0
harvest,mix2,slow_regen,32,joint_minus_local_optimistic,unsafe_fixed_horizon,0.0
harvest,mix2,slow_regen,33,joint_minus_local_optimistic,unsafe_fixed_horizon,0.0
harvest,mix2,slow_regen,34,joint_minus_local_optimistic,unsafe_fixed_horizon,0.0
harvest,mix2,slow_regen,35,joint_minus_local_optimistic,unsafe_fixed_horizon,0.0
harvest,mix2,slow_regen,36,joint_minus_local_optimistic,unsafe_fixed_horizon,0.0
harvest,mix2,slow_regen,37,joint_minus_local_optimistic,unsafe_fixed_horizon,0.0
harvest,mix2,slow_regen,38,joint_minus_local_optimistic,unsafe_fixed_horizon,0.0
harvest,mix2,slow_regen,39,joint_minus_local_optimistic,unsafe_fixed_horizon,0.0
harvest,mix2,slow_regen,40,joint_minus_local_optimistic,unsafe_fixed_horizon,0.0
harvest,mix2,slow_regen,41,joint_minus_local_optimistic,unsafe_fixed_horizon,0.0
harvest,mix2,slow_regen,42,joint_minus_local_optimistic,unsafe_fixed_horizon,0.0
harvest,mix2,slow_regen,43,joint_minus_local_optimistic,unsafe_fixed_horizon,0.0
harvest,mix2,slow_regen,44,joint_minus_local_optimistic,unsafe_fixed_horizon,0.0
harvest,mix2,slow_regen,45,joint_minus_local_optimistic,unsafe_fixed_horizon,0.0
harvest,mix2,slow_regen,46,joint_minus_local_optimistic,unsafe_fixed_horizon,0.0
harvest,mix2,slow_regen,47,joint_minus_local_optimistic,unsafe_fixed_horizon,0.0
harvest,mix2,slow_regen,48,joint_minus_local_optimistic,unsafe_fixed_horizon,0.0
harvest,mix2,slow_regen,49,joint_minus_local_optimistic,unsafe_fixed_horizon,0.0
harvest,mix2,slow_regen,50,joint_minus_local_optimistic,unsafe_fixed_horizon,0.0
harvest,mix2,slow_regen,51,joint_minus_local_optimistic,unsafe_fixed_horizon,0.0
harvest,mix2,slow_regen,52,joint_minus_local_optimistic,unsafe_fixed_horizon,0.0
harvest,mix2,slow_regen,53,joint_minus_local_optimistic,unsafe_fixed_horizon,0.0
harvest,mix2,slow_regen,54,joint_minus_local_optimistic,unsafe_fixed_horizon,0.0
harvest,mix2,slow_regen,55,joint_minus_local_optimistic,unsafe_fixed_horizon,0.0
harvest,mix2,slow_regen,56,joint_minus_local_optimistic,unsafe_fixed_horizon,0.0
harvest,mix2,slow_regen,57,joint_minus_local_optimistic,unsafe_fixed_horizon,0.0
harvest,mix2,slow_regen,58,joint_minus_local_optimistic,unsafe_fixed_horizon,0.0
harvest,mix2,slow_regen,59,joint_minus_local_optimistic,unsafe_fixed_horizon,0.0
harvest,mix2,slow_regen,60,joint_minus_local_optimistic,unsafe_fixed_horizon,0.0
harvest,mix2,slow_regen,61,joint_minus_local_optimistic,unsafe_fixed_horizon,0.0
harvest,mix2,slow_regen,62,joint_minus_local_optimistic,unsafe_fixed_horizon,0.0
harvest,mix2,slow_regen,63,joint_minus_local_optimistic,unsafe_fixed_horizon,0.0
