game,policy_group,regime,mode,inspection_budget,unsafe_fixed_horizon,global_unsafe_rate,onset_count,garden_failure_event,total_welfare,mean_patch_health,mean_realized_harvest,component_checks_per_step,requests_inspected_per_step,transmitted_scalars_per_step,n_contexts
fishery,mix4,deterministic,joint,0,0.0,0.0,0.0,0.0,1084.0547353168936,38.670117473758005,13.550684191461169,11.49375,0.0,0.0,64
fishery,mix4,deterministic,joint,3,0.0,0.0,0.0,0.0,835.0916055250922,27.506399358648125,10.438645069063652,14.037890625,3.0,3.0,64
fishery,mix4,deterministic,joint,6,0.0,0.0,0.0,0.0,551.5012283617846,16.88148743038712,6.893765354522308,19.621875,6.0,6.0,64
fishery,mix4,deterministic,local_bounded,0,0.0,0.0,0.0,0.0,1084.0547353168936,38.670117473758005,13.550684191461169,11.49375,0.0,11.49375,64
fishery,mix4,deterministic,local_bounded,3,0.0,0.0,0.0,0.0,1084.0547353168936,38.670117473758005,13.550684191461169,11.49375,3.0,11.49375,64
fishery,mix4,deterministic,local_bounded,6,0.0,0.0,0.0,0.0,784.7076701330823,25.579882091034737,9.808845876663527,15.45,6.0,15.45,64
fishery,mix4,deterministic,local_optimistic,0,0.8580078125,0.3822113532879997,1.5,0.984375,224.24158498699853,25.814338900904893,12.704556987154103,13.555489466848346,0.0,13.555489466848346,64
fishery,mix4,deterministic,local_optimistic,3,0.8580078125,0.3822113532879997,1.5,0.984375,224.24158498699853,25.814338900904893,12.704556987154103,13.555489466848346,3.0,13.555489466848346,64
fishery,mix4,deterministic,local_optimistic,6,0.8609375,0.3699512896257137,1.265625,0.984375,221.32690134247142,26.226515797560662,13.065161945741426,12.965827506340236,6.0,12.965827506340236,64
fishery,mix4,deterministic,none,0,0.864453125,0.352528098043152,0.984375,0.984375,218.87827046397615,27.141076383622586,13.643018725203254,0.0,0.0,0.0,64
harvest,mix2,slow_regen,joint,0,0.0,0.0,0.0,0.0,646.8404835873523,13.517416210740329,8.085506044841903,16.9751953125,0.0,0.0,64
harvest,mix2,slow_regen,joint,3,0.0,0.0,0.0,0.0,610.604159987305,12.144581673246535,7.632551999841313,14.7041015625,3.0,3.0,64
harvest,mix2,slow_regen,joint,6,0.0,0.0,0.0,0.0,653.7108688552323,10.976861524567235,8.171385860690403,10.660546875,6.0,6.0,64
harvest,mix2,slow_regen,local_bounded,0,0.0,0.0,0.0,0.0,646.7319016360361,13.580640266835228,8.08414877045045,17.09765625,0.0,17.09765625,64
harvest,mix2,slow_regen,local_bounded,3,0.0,0.0,0.0,0.0,610.6077437443084,12.626809310259084,7.632596796803856,15.8232421875,3.0,15.8232421875,64
harvest,mix2,slow_regen,local_bounded,6,0.0,0.0,0.0,0.0,625.6516927897768,11.727702072356408,7.82064615987221,13.3353515625,6.0,13.3353515625,64
harvest,mix2,slow_regen,local_optimistic,0,0.0,0.0,0.0,0.0,608.642002862061,12.81924638463702,7.608025035775762,16.3259765625,0.0,16.3259765625,64
harvest,mix2,slow_regen,local_optimistic,3,0.0,0.0,0.0,0.0,609.3320158748635,11.844878280620149,7.616650198435793,14.03203125,3.0,14.03203125,64
harvest,mix2,slow_regen,local_optimistic,6,0.0,0.0,0.0,0.0,653.2193485936178,10.933076617048041,8.165241857420222,10.5421875,6.0,10.5421875,64
harvest,mix2,slow_regen,none,0,0.42138671875,0.42138671875,4.953125,0.0,701.7264948068752,10.076154889875973,8.771581185085939,0.0,0.0,0.0,64
