game,inspection_budget,method,n_contexts,contexts_with_safe,contexts_with_risky,safe_resolved,risky_resolved,unresolved,safe_rejected,harmful_accepted,harmful_accept_rate,safe_reject_rate
fishery,0,joint,64,64,63,694,63,0,229,0,0.0,0.329971181556196
fishery,0,local_bounded,64,64,63,694,63,0,229,0,0.0,0.329971181556196
fishery,0,local_optimistic,64,64,63,694,63,0,0,49,0.7777777777777778,0.0
fishery,3,joint,64,64,63,694,63,0,107,0,0.0,0.15417867435158503
fishery,3,local_bounded,64,64,63,694,63,0,229,0,0.0,0.329971181556196
fishery,3,local_optimistic,64,64,63,694,63,0,0,49,0.7777777777777778,0.0
fishery,6,joint,64,64,63,694,63,0,0,0,0.0,0.0
fishery,6,local_bounded,64,64,63,694,63,0,100,0,0.0,0.1440922190201729
fishery,6,local_optimistic,64,64,63,694,63,0,0,63,1.0,0.0
harvest,0,joint,64,64,62,3687,1368,923,3687,0,0.0,1.0
harvest,0,local_bounded,64,64,62,3687,1368,923,3687,0,0.0,1.0
harvest,0,local_optimistic,64,64,62,3687,1368,923,3687,0,0.0,1.0
harvest,3,joint,64,64,62,3687,1368,923,3687,0,0.0,1.0
harvest,3,local_bounded,64,64,62,3687,1368,923,3687,0,0.0,1.0
harvest,3,local_optimistic,64,64,62,3687,1368,923,3679,0,0.0,0.9978302142663412
harvest,6,joint,64,64,62,3687,1368,923,2521,0,0.0,0.6837537293192297
harvest,6,local_bounded,64,64,62,3687,1368,923,3687,0,0.0,1.0
harvest,6,local_optimistic,64,64,62,3687,1368,923,2407,0,0.0,0.6528342826145918
