game,budget,method,safe_restricted,ci_low,ci_high,safe_n,risky_approved,risky_n,unresolved_n
fishery,0,joint,0.329971181556196,0.25208958064097897,0.3982616127833519,694,0,63,0
fishery,3,joint,0.15417867435158503,0.118127032457176,0.18909724042283668,694,0,63,0
fishery,6,joint,0.0,0.0,0.0,694,0,63,0
fishery,0,local_bounded,0.329971181556196,0.25208958064097897,0.3982616127833519,694,0,63,0
fishery,3,local_bounded,0.329971181556196,0.2549403690369037,0.3955541677662357,694,0,63,0
fishery,6,local_bounded,0.1440922190201729,0.10718183793877831,0.1848609637275709,694,0,63,0
fishery,0,local_optimistic,0.0,0.0,0.0,694,49,63,0
fishery,3,local_optimistic,0.0,0.0,0.0,694,49,63,0
fishery,6,local_optimistic,0.0,0.0,0.0,694,63,63,0
harvest,0,joint,1.0,1.0,1.0,3687,0,1368,923
harvest,3,joint,1.0,1.0,1.0,3687,0,1368,923
harvest,6,joint,0.6837537293192297,0.5777070870276493,0.7897401956783984,3687,0,1368,923
harvest,0,local_bounded,1.0,1.0,1.0,3687,0,1368,923
harvest,3,local_bounded,1.0,1.0,1.0,3687,0,1368,923
harvest,6,local_bounded,1.0,1.0,1.0,3687,0,1368,923
harvest,0,local_optimistic,1.0,1.0,1.0,3687,0,1368,923
harvest,3,local_optimistic,0.9978302142663412,0.995773188675731,0.9994367783722895,3687,0,1368,923
harvest,6,local_optimistic,0.6528342826145918,0.541617286201261,0.762913213370224,3687,0,1368,923
